contact_id,customer_id,contact_type,contact_value,contact_code,company_code,plant_id,material_group,created_ts,source_system
SAPCONT5124,SAP1124,phone,9267551266,SC020,COMP004,PLANT04,MG04,2026-01-31,SAP
SAPCONT5153,SAP1153,work_email,lakshmi.srivastava80@sap.com,SC016,COMP001,PLANT01,MG01,2026-02-17,SAP
SAPCONT5129,SAP1129,phone,9370955377,SC015,COMP001,PLANT01,MG01,2026-03-14,SAP
SAPCONT5009,SAP1009,phone,9111117539,SC004,COMP001,PLANT01,MG01,2026-01-08,SAP
SAPCONT5606,SAP1606,mobile,9900366347,SC005,COMP006,PLANT06,MG06,2026-03-20,SAP
SAPCONT5368,SAP1368,landline,karan.verma72@sap.com,SC016,COMP008,PLANT08,MG08,2026-02-15,SAP
SAPCONT5850,SAP1850,work_email,vinod.kapoor31@sap.com,SC019,COMP002,PLANT02,MG02,2026-02-21,SAP
SAPCONT5142,SAP1142,email,rahul.chopra13@sap.com,SC010,COMP006,PLANT06,MG06,2026-02-14,SAP
SAPCONT5711,SAP1711,mobile,9093670711,SC019,COMP007,PLANT07,MG07,2026-01-14,SAP
SAPCONT5288,SAP1288,phone,9047419363,SC010,COMP008,PLANT08,MG08,2026-03-07,SAP
SAPCONT5798,SAP1798,phone,9453030610,SC017,COMP006,PLANT06,MG06,2026-01-15,SAP
SAPCONT5138,SAP1138,email,john.agarwal22@sap.com,SC006,COMP002,PLANT02,MG02,2026-02-22,SAP
SAPCONT5117,SAP1117,landline,anita.iyer9@sap.com,SC016,COMP005,PLANT05,MG05,2026-01-25,SAP
SAPCONT5632,SAP1632,landline,karan.chopra60@sap.com,SC011,COMP008,PLANT08,MG08,2026-02-19,SAP
SAPCONT5818,SAP1818,work_email,karan.guptha4@sap.com,SC002,COMP002,PLANT02,MG02,2026-02-14,SAP
SAPCONT5502,SAP1502,work_email,sunita.gupta39@sap.com,SC017,COMP006,PLANT06,MG06,2026-03-13,SAP
SAPCONT5363,SAP1363,mobile,9478814029,SC007,COMP003,PLANT03,MG03,2026-01-10,SAP
SAPCONT5423,SAP1423,mobile,9915268680,SC007,COMP007,PLANT07,MG07,2026-01-04,SAP
SAPCONT5443,SAP1443,mobile,9981348346,SC006,COMP003,PLANT03,MG03,2026-03-26,SAP
SAPCONT5651,SAP1651,mobile,9915504633,SC012,COMP003,PLANT03,MG03,2026-03-17,SAP
SAPCONT5462,SAP1462,mobile,9913637540,SC018,COMP006,PLANT06,MG06,2026-03-20,SAP
SAPCONT5155,SAP1155,work_email,jane.kapoor20@sap.com,SC019,COMP003,PLANT03,MG03,2026-02-09,SAP
SAPCONT5836,SAP1836,mobile,9498703316,SC016,COMP004,PLANT04,MG04,2026-01-05,SAP
SAPCONT5950,SAP1950,work_email,ravi.srivastava23@sap.com,SC012,COMP006,PLANT06,MG06,2026-03-31,SAP
SAPCONT5591,SAP1591,work_email,alok.iyer55@sap.com,SC013,COMP007,PLANT07,MG07,2026-02-15,SAP
SAPCONT5276,SAP1276,work_email,arjun.yadav30@sap.com,SC001,COMP004,PLANT04,MG04,2026-03-23,SAP
SAPCONT5372,SAP1372,work_email,jane.desai12@sap.com,SC008,COMP004,PLANT04,MG04,2026-01-31,SAP
SAPCONT5895,SAP1895,email,neha.nair1@sap.com,SC007,COMP007,PLANT07,MG07,2026-01-17,SAP
SAPCONT5404,SAP1404,email,sanjay.gupta76@sap.com,SC008,COMP004,PLANT04,MG04,2026-01-26,SAP
SAPCONT5670,SAP1670,mobile,9311718811,SC019,COMP006,PLANT06,MG06,2026-03-16,SAP
SAPCONT5858,SAP1858,phone,9639429416,SC011,COMP002,PLANT02,MG02,2026-01-30,SAP
SAPCONT5706,SAP1706,email,sneha.kumar72@sap.com,SC019,COMP002,PLANT02,MG02,2026-03-05,SAP
SAPCONT5338,SAP1338,email,deepak.guptha43@sap.com,SC014,COMP002,PLANT02,MG02,2026-01-14,SAP
SAPCONT5111,SAP1111,landline,suresh.sharma95@sap.com,SC018,COMP007,PLANT07,MG07,2026-03-02,SAP
SAPCONT5199,SAP1199,phone,9537095235,SC002,COMP007,PLANT07,MG07,2026-02-16,SAP
SAPCONT5887,SAP1887,email,priya.pandey6@sap.com,SC013,COMP007,PLANT07,MG07,2026-02-09,SAP
SAPCONT5712,SAP1712,landline,arjun.reddy25@sap.com,SC015,COMP008,PLANT08,MG08,2026-03-04,SAP
SAPCONT5167,SAP1167,work_email,john.bajaj18@sap.com,SC017,COMP007,PLANT07,MG07,2026-03-14,SAP
SAPCONT5804,SAP1804,work_email,sachin.tiwari83@sap.com,SC008,COMP004,PLANT04,MG04,2026-02-13,SAP
SAPCONT5756,SAP1756,work_email,ajay.shah20@sap.com,SC006,COMP004,PLANT04,MG04,2026-03-25,SAP
SAPCONT5042,SAP1042,work_email,harish.kapoor95@sap.com,SC018,COMP002,PLANT02,MG02,2026-01-31,SAP
SAPCONT5923,SAP1923,phone,9926082682,SC005,COMP003,PLANT03,MG03,2026-03-06,SAP
SAPCONT5595,SAP1595,email,manish.chopra58@sap.com,SC018,COMP003,PLANT03,MG03,2026-03-10,SAP
SAPCONT5446,SAP1446,landline,meera.patel81@sap.com,SC013,COMP006,PLANT06,MG06,2026-03-11,SAP
SAPCONT5747,SAP1747,work_email,priya.patil1@sap.com,SC005,COMP003,PLANT03,MG03,2026-03-19,SAP
SAPCONT5377,SAP1377,landline,ramesh.mehta8@sap.com,SC001,COMP001,PLANT01,MG01,2026-01-07,SAP
SAPCONT5430,SAP1430,phone,9473448852,SC009,COMP006,PLANT06,MG06,2026-02-22,SAP
SAPCONT5656,SAP1656,work_email,divya.banerjee34@sap.com,SC003,COMP008,PLANT08,MG08,2026-02-16,SAP
SAPCONT5596,SAP1596,email,shalini.iyer59@sap.com,SC011,COMP004,PLANT04,MG04,2026-03-13,SAP
SAPCONT5748,SAP1748,landline,rohit.singh4@sap.com,SC008,COMP004,PLANT04,MG04,2026-01-04,SAP
SAPCONT5768,SAP1768,phone,9144244018,SC019,COMP008,PLANT08,MG08,2026-02-01,SAP
SAPCONT5121,SAP1121,email,rohit.tiwari27@sap.com,SC005,COMP001,PLANT01,MG01,2026-01-10,SAP
SAPCONT5493,SAP1493,landline,anita.yadav38@sap.com,SC013,COMP005,PLANT05,MG05,2026-02-21,SAP
SAPCONT5557,SAP1557,landline,rajiv.desai16@sap.com,SC014,COMP005,PLANT05,MG05,2026-01-24,SAP
SAPCONT5047,SAP1047,phone,9474134389,SC003,COMP007,PLANT07,MG07,2026-01-08,SAP
SAPCONT5870,SAP1870,landline,deepak.verma98@sap.com,SC005,COMP006,PLANT06,MG06,2026-03-28,SAP
SAPCONT5832,SAP1832,landline,manish.mishra68@sap.com,SC016,COMP008,PLANT08,MG08,2026-03-15,SAP
SAPCONT5710,SAP1710,work_email,meena.kaur18@sap.com,SC016,COMP006,PLANT06,MG06,2026-03-08,SAP
SAPCONT5176,SAP1176,mobile,9862153870,SC018,COMP008,PLANT08,MG08,2026-03-23,SAP
SAPCONT5483,SAP1483,phone,9811477339,SC011,COMP003,PLANT03,MG03,2026-01-29,SAP
SAPCONT5934,SAP1934,work_email,meena.gupta45@sap.com,SC010,COMP006,PLANT06,MG06,2026-03-08,SAP
SAPCONT5164,SAP1164,phone,9917788004,SC012,COMP004,PLANT04,MG04,2026-02-14,SAP
SAPCONT5733,SAP1733,landline,suresh.iyer18@sap.com,SC014,COMP005,PLANT05,MG05,2026-02-15,SAP
SAPCONT5267,SAP1267,email,kavita.verma24@sap.com,SC019,COMP003,PLANT03,MG03,2026-02-12,SAP
SAPCONT5860,SAP1860,work_email,jane.patel71@sap.com,SC004,COMP004,PLANT04,MG04,2026-02-11,SAP
SAPCONT5509,SAP1509,mobile,9123261563,SC006,COMP005,PLANT05,MG05,2026-01-03,SAP
SAPCONT5271,SAP1271,email,amit.banerjee89@sap.com,SC009,COMP007,PLANT07,MG07,2026-01-28,SAP
SAPCONT5527,SAP1527,landline,prakash.tiwari38@sap.com,SC009,COMP007,PLANT07,MG07,2026-03-23,SAP
SAPCONT5358,SAP1358,phone,9673563974,SC011,COMP006,PLANT06,MG06,2026-02-19,SAP
SAPCONT5497,SAP1497,phone,9817723079,SC011,COMP001,PLANT01,MG01,2026-01-08,SAP
SAPCONT5280,SAP1280,email,pooja.guptha55@sap.com,SC011,COMP008,PLANT08,MG08,2026-01-19,SAP
SAPCONT5833,SAP1833,mobile,9601464761,SC015,COMP001,PLANT01,MG01,2026-01-08,SAP
SAPCONT5228,SAP1228,email,neha.mehta69@sap.com,SC010,COMP004,PLANT04,MG04,2026-01-30,SAP
SAPCONT5119,SAP1119,phone,9619872756,SC016,COMP007,PLANT07,MG07,2026-01-07,SAP
SAPCONT5897,SAP1897,phone,9895419945,SC018,COMP001,PLANT01,MG01,2026-02-04,SAP
SAPCONT5854,SAP1854,landline,jane.iyer99@sap.com,SC019,COMP006,PLANT06,MG06,2026-02-05,SAP
SAPCONT5746,SAP1746,work_email,arvind.rao68@sap.com,SC009,COMP002,PLANT02,MG02,2026-02-10,SAP
SAPCONT5369,SAP1369,work_email,john.yadav67@sap.com,SC003,COMP001,PLANT01,MG01,2026-01-06,SAP
SAPCONT5237,SAP1237,email,kavita.singh73@sap.com,SC017,COMP005,PLANT05,MG05,2026-03-02,SAP
SAPCONT5427,SAP1427,phone,9816267781,SC008,COMP003,PLANT03,MG03,2026-03-06,SAP
SAPCONT5134,SAP1134,phone,9095697784,SC014,COMP006,PLANT06,MG06,2026-01-20,SAP
SAPCONT5789,SAP1789,email,divya.shah75@sap.com,SC010,COMP005,PLANT05,MG05,2026-02-28,SAP
SAPCONT5007,SAP1007,work_email,shalini.kumar81@sap.com,SC015,COMP007,PLANT07,MG07,2026-01-07,SAP
SAPCONT5046,SAP1046,mobile,9507916505,SC018,COMP006,PLANT06,MG06,2026-03-27,SAP
SAPCONT5820,SAP1820,phone,9304707094,SC020,COMP004,PLANT04,MG04,2026-03-29,SAP
SAPCONT5550,SAP1550,mobile,9947206317,SC011,COMP006,PLANT06,MG06,2026-02-26,SAP
SAPCONT5224,SAP1224,work_email,suresh.menon36@sap.com,SC009,COMP008,PLANT08,MG08,2026-02-23,SAP
SAPCONT5558,SAP1558,email,sunil.nair73@sap.com,SC011,COMP006,PLANT06,MG06,2026-02-24,SAP
SAPCONT5387,SAP1387,email,neha.kumar82@sap.com,SC006,COMP003,PLANT03,MG03,2026-02-28,SAP
SAPCONT5201,SAP1201,landline,karan.patel99@sap.com,SC016,COMP001,PLANT01,MG01,2026-03-14,SAP
SAPCONT5631,SAP1631,work_email,shalini.rao71@sap.com,SC019,COMP007,PLANT07,MG07,2026-01-17,SAP
SAPCONT5803,SAP1803,phone,9945602704,SC001,COMP003,PLANT03,MG03,2026-01-16,SAP
SAPCONT5339,SAP1339,mobile,9176694145,SC001,COMP003,PLANT03,MG03,2026-02-17,SAP
SAPCONT5586,SAP1586,work_email,harish.tiwari36@sap.com,SC011,COMP002,PLANT02,MG02,2026-01-27,SAP
SAPCONT5089,SAP1089,email,vikas.gupta12@sap.com,SC010,COMP001,PLANT01,MG01,2026-03-18,SAP
SAPCONT5277,SAP1277,work_email,rajiv.nair30@sap.com,SC002,COMP005,PLANT05,MG05,2026-02-10,SAP
SAPCONT5284,SAP1284,mobile,9460125352,SC006,COMP004,PLANT04,MG04,2026-02-17,SAP
SAPCONT5828,SAP1828,mobile,9885174597,SC009,COMP004,PLANT04,MG04,2026-03-01,SAP
SAPCONT5294,SAP1294,phone,9938549188,SC016,COMP006,PLANT06,MG06,2026-02-17,SAP
SAPCONT5385,SAP1385,mobile,9705796100,SC004,COMP001,PLANT01,MG01,2026-02-11,SAP
SAPCONT5131,SAP1131,mobile,9408579276,SC013,COMP003,PLANT03,MG03,2026-02-14,SAP
SAPCONT5319,SAP1319,landline,jane.rao83@sap.com,SC017,COMP007,PLANT07,MG07,2026-03-16,SAP
SAPCONT5469,SAP1469,work_email,shalini.gupta96@sap.com,SC010,COMP005,PLANT05,MG05,2026-01-24,SAP
SAPCONT5660,SAP1660,work_email,deepak.kumar72@sap.com,SC009,COMP004,PLANT04,MG04,2026-02-12,SAP
SAPCONT5170,SAP1170,email,shreya.desai51@sap.com,SC019,COMP002,PLANT02,MG02,2026-03-09,SAP
SAPCONT5354,SAP1354,work_email,sunil.desai71@sap.com,SC007,COMP002,PLANT02,MG02,2026-02-25,SAP
SAPCONT5629,SAP1629,landline,shalini.chopra75@sap.com,SC015,COMP005,PLANT05,MG05,2026-03-22,SAP
SAPCONT5229,SAP1229,landline,rekha.mishra74@sap.com,SC003,COMP005,PLANT05,MG05,2026-01-25,SAP
SAPCONT5920,SAP1920,work_email,meera.kapoor56@sap.com,SC015,COMP008,PLANT08,MG08,2026-02-24,SAP
SAPCONT5082,SAP1082,phone,9614486190,SC010,COMP002,PLANT02,MG02,2026-03-07,SAP
SAPCONT5361,SAP1361,email,shalini.patil20@sap.com,SC002,COMP001,PLANT01,MG01,2026-03-08,SAP
SAPCONT5057,SAP1057,phone,9957772829,SC002,COMP001,PLANT01,MG01,2026-02-27,SAP
SAPCONT5791,SAP1791,phone,9453647790,SC013,COMP007,PLANT07,MG07,2026-01-06,SAP
SAPCONT5871,SAP1871,work_email,amit.mehta19@sap.com,SC019,COMP007,PLANT07,MG07,2026-03-26,SAP
SAPCONT5837,SAP1837,work_email,prakash.kapoor31@sap.com,SC002,COMP005,PLANT05,MG05,2026-03-27,SAP
SAPCONT5225,SAP1225,work_email,arjun.bajaj67@sap.com,SC011,COMP001,PLANT01,MG01,2026-03-16,SAP
SAPCONT5334,SAP1334,phone,9354245123,SC014,COMP006,PLANT06,MG06,2026-03-06,SAP
SAPCONT5095,SAP1095,work_email,deepak.guptha16@sap.com,SC010,COMP007,PLANT07,MG07,2026-03-12,SAP
SAPCONT5216,SAP1216,landline,seema.banerjee66@sap.com,SC018,COMP008,PLANT08,MG08,2026-01-06,SAP
SAPCONT5561,SAP1561,landline,alok.yadav39@sap.com,SC011,COMP001,PLANT01,MG01,2026-01-21,SAP
SAPCONT5633,SAP1633,landline,seema.patil79@sap.com,SC001,COMP001,PLANT01,MG01,2026-03-12,SAP
SAPCONT5945,SAP1945,mobile,9208104725,SC012,COMP001,PLANT01,MG01,2026-02-18,SAP
SAPCONT5739,SAP1739,email,sunita.joshi84@sap.com,SC004,COMP003,PLANT03,MG03,2026-02-14,SAP
SAPCONT5674,SAP1674,phone,9713163553,SC004,COMP002,PLANT02,MG02,2026-01-31,SAP
SAPCONT5382,SAP1382,work_email,vinay.nair15@sap.com,SC009,COMP006,PLANT06,MG06,2026-01-05,SAP
SAPCONT5454,SAP1454,email,harish.mishra90@sap.com,SC016,COMP006,PLANT06,MG06,2026-02-07,SAP
SAPCONT5563,SAP1563,work_email,sunil.dubey81@sap.com,SC013,COMP003,PLANT03,MG03,2026-03-01,SAP
SAPCONT5529,SAP1529,phone,9330906916,SC009,COMP001,PLANT01,MG01,2026-03-09,SAP
SAPCONT5776,SAP1776,email,deepak.dubey24@sap.com,SC005,COMP008,PLANT08,MG08,2026-01-25,SAP
SAPCONT5503,SAP1503,email,ajay.banerjee18@sap.com,SC007,COMP007,PLANT07,MG07,2026-02-05,SAP
SAPCONT5687,SAP1687,work_email,deepak.srivastava58@sap.com,SC005,COMP007,PLANT07,MG07,2026-01-07,SAP
SAPCONT5141,SAP1141,mobile,9102909368,SC016,COMP005,PLANT05,MG05,2026-03-18,SAP
SAPCONT5786,SAP1786,work_email,alok.mishra39@sap.com,SC010,COMP002,PLANT02,MG02,2026-01-18,SAP
SAPCONT5507,SAP1507,mobile,9394723626,SC010,COMP003,PLANT03,MG03,2026-02-07,SAP
SAPCONT5133,SAP1133,phone,9780181887,SC004,COMP005,PLANT05,MG05,2026-03-23,SAP
SAPCONT5028,SAP1028,landline,alok.guptha44@sap.com,SC012,COMP004,PLANT04,MG04,2026-01-13,SAP
SAPCONT5581,SAP1581,work_email,anita.patel98@sap.com,SC020,COMP005,PLANT05,MG05,2026-01-25,SAP
SAPCONT5470,SAP1470,email,meena.menon48@sap.com,SC018,COMP006,PLANT06,MG06,2026-03-31,SAP
SAPCONT5854,SAP1854,landline,jane.iyer99@sap.com,SC019,COMP006,PLANT06,MG06,2026-02-05,SAP
SAPCONT5658,SAP1658,phone,9920998437,SC004,COMP002,PLANT02,MG02,2026-02-02,SAP
SAPCONT5666,SAP1666,email,rohit.yadav67@sap.com,SC004,COMP002,PLANT02,MG02,2026-01-19,SAP
SAPCONT5753,SAP1753,phone,9299632989,SC013,COMP001,PLANT01,MG01,2026-03-01,SAP
SAPCONT5202,SAP1202,mobile,9526941186,SC014,COMP002,PLANT02,MG02,2026-01-19,SAP
SAPCONT5270,SAP1270,work_email,lakshmi.gupta93@sap.com,SC013,COMP006,PLANT06,MG06,2026-01-04,SAP
SAPCONT5320,SAP1320,phone,9492256447,SC008,COMP008,PLANT08,MG08,2026-01-10,SAP
SAPCONT5525,SAP1525,mobile,9246708636,SC020,COMP005,PLANT05,MG05,2026-01-27,SAP
SAPCONT5140,SAP1140,work_email,meena.gupta92@sap.com,SC005,COMP004,PLANT04,MG04,2026-03-14,SAP
SAPCONT5557,SAP1557,landline,rajiv.desai16@sap.com,SC014,COMP005,PLANT05,MG05,2026-01-24,SAP
SAPCONT5542,SAP1542,work_email,manish.kapoor40@sap.com,SC008,COMP006,PLANT06,MG06,2026-02-07,SAP
SAPCONT5728,SAP1728,mobile,9122928040,SC001,COMP008,PLANT08,MG08,2026-02-16,SAP
SAPCONT5672,SAP1672,email,sachin.desai83@sap.com,SC004,COMP008,PLANT08,MG08,2026-03-27,SAP
SAPCONT5648,SAP1648,work_email,priya.patel78@sap.com,SC002,COMP008,PLANT08,MG08,2026-01-20,SAP
SAPCONT5821,SAP1821,landline,ajay.chopra51@sap.com,SC013,COMP005,PLANT05,MG05,2026-03-13,SAP
SAPCONT5349,SAP1349,landline,priya.kaur54@sap.com,SC016,COMP005,PLANT05,MG05,2026-03-08,SAP
SAPCONT5203,SAP1203,email,priya.srivastava65@sap.com,SC017,COMP003,PLANT03,MG03,2026-03-02,SAP
SAPCONT5735,SAP1735,work_email,shalini.malhotra66@sap.com,SC002,COMP007,PLANT07,MG07,2026-02-26,SAP
SAPCONT5560,SAP1560,phone,9550475607,SC012,COMP008,PLANT08,MG08,2026-02-27,SAP
SAPCONT5258,SAP1258,landline,vinay.patel45@sap.com,SC017,COMP002,PLANT02,MG02,2026-03-02,SAP
SAPCONT5695,SAP1695,mobile,9312368637,SC011,COMP007,PLANT07,MG07,2026-03-21,SAP
SAPCONT5505,SAP1505,work_email,ajay.sharma73@sap.com,SC012,COMP001,PLANT01,MG01,2026-02-19,SAP
SAPCONT5869,SAP1869,work_email,lakshmi.chopra55@sap.com,SC009,COMP005,PLANT05,MG05,2026-01-29,SAP
SAPCONT5156,SAP1156,mobile,9160949055,SC017,COMP004,PLANT04,MG04,2026-03-10,SAP
SAPCONT5333,SAP1333,work_email,meera.reddy96@sap.com,SC018,COMP005,PLANT05,MG05,2026-02-09,SAP
SAPCONT5759,SAP1759,phone,9617881532,SC018,COMP007,PLANT07,MG07,2026-03-25,SAP
SAPCONT5362,SAP1362,mobile,9519958531,SC012,COMP002,PLANT02,MG02,2026-03-18,SAP
SAPCONT5418,SAP1418,phone,9221568128,SC005,COMP002,PLANT02,MG02,2026-03-10,SAP
SAPCONT5014,SAP1014,phone,9586630091,SC009,COMP006,PLANT06,MG06,2026-02-19,SAP
SAPCONT5181,SAP1181,work_email,rajiv.tiwari95@sap.com,SC013,COMP005,PLANT05,MG05,2026-03-08,SAP
SAPCONT5532,SAP1532,landline,sunita.joshi82@sap.com,SC020,COMP004,PLANT04,MG04,2026-03-01,SAP
SAPCONT5678,SAP1678,email,pooja.kumar38@sap.com,SC005,COMP006,PLANT06,MG06,2026-01-12,SAP
SAPCONT5721,SAP1721,landline,sanjay.agarwal17@sap.com,SC019,COMP001,PLANT01,MG01,2026-02-12,SAP
SAPCONT5029,SAP1029,work_email,pooja.rao68@sap.com,SC009,COMP005,PLANT05,MG05,2026-01-29,SAP
SAPCONT5432,SAP1432,work_email,alok.srivastava80@sap.com,SC019,COMP008,PLANT08,MG08,2026-01-07,SAP
SAPCONT5568,SAP1568,phone,9325102168,SC014,COMP008,PLANT08,MG08,2026-03-11,SAP
SAPCONT5364,SAP1364,mobile,9951529732,SC003,COMP004,PLANT04,MG04,2026-01-17,SAP
SAPCONT5868,SAP1868,mobile,9313946576,SC011,COMP004,PLANT04,MG04,2026-02-09,SAP
SAPCONT5356,SAP1356,mobile,9140661917,SC018,COMP004,PLANT04,MG04,2026-03-03,SAP
SAPCONT5458,SAP1458,mobile,9820608809,SC005,COMP002,PLANT02,MG02,2026-03-24,SAP
SAPCONT5357,SAP1357,email,harish.malhotra93@sap.com,SC001,COMP005,PLANT05,MG05,2026-01-26,SAP
SAPCONT5017,SAP1017,work_email,sachin.kaur51@sap.com,SC012,COMP001,PLANT01,MG01,2026-02-01,SAP
SAPCONT5846,SAP1846,landline,vikas.singh18@sap.com,SC006,COMP006,PLANT06,MG06,2026-03-25,SAP
SAPCONT5136,SAP1136,landline,vikas.dubey12@sap.com,SC007,COMP008,PLANT08,MG08,2026-03-30,SAP
SAPCONT5448,SAP1448,phone,9208436823,SC017,COMP008,PLANT08,MG08,2026-03-04,SAP
SAPCONT5024,SAP1024,landline,manish.sharma15@sap.com,SC011,COMP008,PLANT08,MG08,2026-01-29,SAP
SAPCONT5417,SAP1417,mobile,9989165962,SC006,COMP001,PLANT01,MG01,2026-01-08,SAP
SAPCONT5890,SAP1890,email,lakshmi.nair59@sap.com,SC008,COMP002,PLANT02,MG02,2026-02-07,SAP
SAPCONT5565,SAP1565,email,pooja.sharma69@sap.com,SC015,COMP005,PLANT05,MG05,2026-03-16,SAP
SAPCONT5597,SAP1597,landline,john.menon7@sap.com,SC017,COMP005,PLANT05,MG05,2026-03-25,SAP
SAPCONT5302,SAP1302,work_email,sachin.malhotra43@sap.com,SC008,COMP006,PLANT06,MG06,2026-02-04,SAP
SAPCONT5719,SAP1719,email,pooja.malhotra40@sap.com,SC013,COMP007,PLANT07,MG07,2026-02-27,SAP
SAPCONT5806,SAP1806,work_email,sunil.srivastava48@sap.com,SC002,COMP006,PLANT06,MG06,2026-01-10,SAP
SAPCONT5433,SAP1433,work_email,priya.banerjee46@sap.com,SC017,COMP001,PLANT01,MG01,2026-03-05,SAP
SAPCONT5487,SAP1487,work_email,seema.guptha3@sap.com,SC001,COMP007,PLANT07,MG07,2026-01-17,SAP
SAPCONT5440,SAP1440,work_email,john.menon41@sap.com,SC009,COMP008,PLANT08,MG08,2026-02-02,SAP
SAPCONT5273,SAP1273,work_email,sunita.bajaj57@sap.com,SC016,COMP001,PLANT01,MG01,2026-02-07,SAP
SAPCONT5135,SAP1135,work_email,harish.shah36@sap.com,SC017,COMP007,PLANT07,MG07,2026-01-20,SAP
SAPCONT5236,SAP1236,phone,9179591638,SC009,COMP004,PLANT04,MG04,2026-03-18,SAP
SAPCONT5373,SAP1373,phone,9188991963,SC013,COMP005,PLANT05,MG05,2026-03-06,SAP
SAPCONT5043,SAP1043,landline,shreya.shah27@sap.com,SC002,COMP003,PLANT03,MG03,2026-02-23,SAP
SAPCONT5086,SAP1086,email,rahul.guptha8@sap.com,SC007,COMP006,PLANT06,MG06,2026-01-28,SAP
SAPCONT5062,SAP1062,phone,9365646241,SC016,COMP006,PLANT06,MG06,2026-03-13,SAP
SAPCONT5520,SAP1520,landline,sneha.gupta53@sap.com,SC009,COMP008,PLANT08,MG08,2026-03-29,SAP
SAPCONT5494,SAP1494,landline,manish.desai66@sap.com,SC003,COMP006,PLANT06,MG06,2026-03-17,SAP
SAPCONT5298,SAP1298,landline,pooja.kapoor61@sap.com,SC008,COMP002,PLANT02,MG02,2026-02-21,SAP
SAPCONT5113,SAP1113,email,lakshmi.sharma20@sap.com,SC017,COMP001,PLANT01,MG01,2026-03-16,SAP
SAPCONT5410,SAP1410,work_email,ravi.tiwari64@sap.com,SC014,COMP002,PLANT02,MG02,2026-02-25,SAP
SAPCONT5366,SAP1366,phone,9008568103,SC018,COMP006,PLANT06,MG06,2026-01-19,SAP
SAPCONT5824,SAP1824,work_email,sneha.dubey98@sap.com,SC013,COMP008,PLANT08,MG08,2026-03-30,SAP
SAPCONT5379,SAP1379,landline,anita.mishra28@sap.com,SC020,COMP003,PLANT03,MG03,2026-02-19,SAP
SAPCONT5265,SAP1265,work_email,harish.yadav52@sap.com,SC007,COMP001,PLANT01,MG01,2026-01-14,SAP
SAPCONT5713,SAP1713,email,ramesh.yadav55@sap.com,SC016,COMP001,PLANT01,MG01,2026-01-10,SAP
SAPCONT5740,SAP1740,phone,9663204077,SC011,COMP004,PLANT04,MG04,2026-03-08,SAP
SAPCONT5764,SAP1764,landline,shalini.guptha22@sap.com,SC007,COMP004,PLANT04,MG04,2026-02-21,SAP
SAPCONT5465,SAP1465,landline,ajay.banerjee27@sap.com,SC003,COMP001,PLANT01,MG01,2026-03-28,SAP
SAPCONT5118,SAP1118,landline,vinay.menon51@sap.com,SC011,COMP006,PLANT06,MG06,2026-03-28,SAP
SAPCONT5145,SAP1145,mobile,9738602807,SC002,COMP001,PLANT01,MG01,2026-01-14,SAP
SAPCONT5148,SAP1148,landline,ramesh.reddy21@sap.com,SC001,COMP004,PLANT04,MG04,2026-02-08,SAP
SAPCONT5621,SAP1621,mobile,9325293888,SC011,COMP005,PLANT05,MG05,2026-02-28,SAP
SAPCONT5749,SAP1749,phone,9144100595,SC001,COMP005,PLANT05,MG05,2026-03-19,SAP
SAPCONT5091,SAP1091,mobile,9789959869,SC011,COMP003,PLANT03,MG03,2026-03-21,SAP
SAPCONT5161,SAP1161,work_email,anita.agarwal27@sap.com,SC007,COMP001,PLANT01,MG01,2026-03-10,SAP
SAPCONT5072,SAP1072,landline,shreya.kapoor21@sap.com,SC016,COMP008,PLANT08,MG08,2026-02-06,SAP
SAPCONT5847,SAP1847,work_email,kavita.chopra19@sap.com,SC018,COMP007,PLANT07,MG07,2026-03-23,SAP
SAPCONT5193,SAP1193,email,rohit.malhotra84@sap.com,SC010,COMP001,PLANT01,MG01,2026-02-27,SAP
SAPCONT5904,SAP1904,landline,meena.mehta48@sap.com,SC009,COMP008,PLANT08,MG08,2026-01-30,SAP
SAPCONT5241,SAP1241,work_email,ajay.guptha93@sap.com,SC015,COMP001,PLANT01,MG01,2026-01-02,SAP
SAPCONT5234,SAP1234,mobile,9469022535,SC020,COMP002,PLANT02,MG02,2026-03-26,SAP
SAPCONT5162,SAP1162,phone,9651873965,SC016,COMP002,PLANT02,MG02,2026-03-28,SAP
SAPCONT5783,SAP1783,phone,9541518040,SC018,COMP007,PLANT07,MG07,2026-01-01,SAP
SAPCONT5476,SAP1476,email,prakash.srivastava46@sap.com,SC009,COMP004,PLANT04,MG04,2026-01-05,SAP
SAPCONT5254,SAP1254,email,sachin.banerjee74@sap.com,SC011,COMP006,PLANT06,MG06,2026-03-10,SAP
SAPCONT5146,SAP1146,phone,9253974386,SC004,COMP002,PLANT02,MG02,2026-02-04,SAP
SAPCONT5612,SAP1612,landline,rohit.patel9@sap.com,SC014,COMP004,PLANT04,MG04,2026-02-07,SAP
SAPCONT5622,SAP1622,work_email,jane.yadav29@sap.com,SC019,COMP006,PLANT06,MG06,2026-02-12,SAP
SAPCONT5188,SAP1188,mobile,9039503076,SC008,COMP004,PLANT04,MG04,2026-03-30,SAP
SAPCONT5807,SAP1807,work_email,vinod.desai61@sap.com,SC004,COMP007,PLANT07,MG07,2026-03-15,SAP
SAPCONT5208,SAP1208,email,prakash.bajaj78@sap.com,SC020,COMP008,PLANT08,MG08,2026-01-31,SAP
SAPCONT5134,SAP1134,phone,9095697784,SC014,COMP006,PLANT06,MG06,2026-01-20,SAP
SAPCONT5686,SAP1686,email,vikas.kaur33@sap.com,SC004,COMP006,PLANT06,MG06,2026-01-03,SAP
SAPCONT5827,SAP1827,email,sneha.banerjee18@sap.com,SC020,COMP003,PLANT03,MG03,2026-02-04,SAP
SAPCONT5586,SAP1586,work_email,harish.tiwari36@sap.com,SC011,COMP002,PLANT02,MG02,2026-01-27,SAP
SAPCONT5049,SAP1049,work_email,sneha.singh22@sap.com,SC012,COMP001,PLANT01,MG01,2026-02-10,SAP
SAPCONT5289,SAP1289,email,vinod.tiwari1@sap.com,SC003,COMP001,PLANT01,MG01,2026-03-13,SAP
SAPCONT5664,SAP1664,mobile,9699610083,SC009,COMP008,PLANT08,MG08,2026-02-06,SAP
SAPCONT5422,SAP1422,mobile,9825163697,SC007,COMP006,PLANT06,MG06,2026-01-20,SAP
SAPCONT5025,SAP1025,phone,9964662215,SC007,COMP001,PLANT01,MG01,2026-03-22,SAP
SAPCONT5742,SAP1742,work_email,john.singh72@sap.com,SC016,COMP006,PLANT06,MG06,2026-01-12,SAP
SAPCONT5079,SAP1079,email,rohit.chopra35@sap.com,SC019,COMP007,PLANT07,MG07,2026-02-25,SAP
SAPCONT5907,SAP1907,mobile,9010489158,SC013,COMP003,PLANT03,MG03,2026-02-27,SAP
SAPCONT5775,SAP1775,work_email,seema.guptha68@sap.com,SC007,COMP007,PLANT07,MG07,2026-02-28,SAP
SAPCONT5797,SAP1797,landline,sunil.agarwal80@sap.com,SC010,COMP005,PLANT05,MG05,2026-01-03,SAP
SAPCONT5486,SAP1486,work_email,sunil.iyer80@sap.com,SC014,COMP006,PLANT06,MG06,2026-01-11,SAP
SAPCONT5590,SAP1590,mobile,9261474646,SC017,COMP006,PLANT06,MG06,2026-02-16,SAP
SAPCONT5941,SAP1941,email,arjun.kumar97@sap.com,SC017,COMP005,PLANT05,MG05,2026-01-07,SAP
SAPCONT5910,SAP1910,work_email,priya.iyer58@sap.com,SC016,COMP006,PLANT06,MG06,2026-01-27,SAP
SAPCONT5782,SAP1782,landline,neha.rao99@sap.com,SC003,COMP006,PLANT06,MG06,2026-01-09,SAP
SAPCONT5211,SAP1211,work_email,prakash.mehta34@sap.com,SC009,COMP003,PLANT03,MG03,2026-02-20,SAP
SAPCONT5477,SAP1477,email,ravi.singh86@sap.com,SC011,COMP005,PLANT05,MG05,2026-03-13,SAP
SAPCONT5190,SAP1190,phone,9700439125,SC002,COMP006,PLANT06,MG06,2026-01-02,SAP
SAPCONT5218,SAP1218,mobile,9697682764,SC001,COMP002,PLANT02,MG02,2026-01-15,SAP
SAPCONT5321,SAP1321,mobile,9782548873,SC001,COMP001,PLANT01,MG01,2026-02-21,SAP
SAPCONT5773,SAP1773,work_email,seema.rao5@sap.com,SC013,COMP005,PLANT05,MG05,2026-03-27,SAP
SAPCONT5076,SAP1076,phone,9606891156,SC004,COMP004,PLANT04,MG04,2026-03-18,SAP
SAPCONT5888,SAP1888,email,sanjay.pandey49@sap.com,SC013,COMP008,PLANT08,MG08,2026-01-13,SAP
SAPCONT5609,SAP1609,phone,9679858037,SC012,COMP001,PLANT01,MG01,2026-01-19,SAP
SAPCONT5925,SAP1925,email,sneha.malhotra90@sap.com,SC020,COMP005,PLANT05,MG05,2026-01-28,SAP
SAPCONT5112,SAP1112,work_email,sachin.kaur84@sap.com,SC006,COMP008,PLANT08,MG08,2026-03-07,SAP
SAPCONT5330,SAP1330,landline,anita.singh36@sap.com,SC016,COMP002,PLANT02,MG02,2026-01-16,SAP
SAPCONT5348,SAP1348,email,prakash.verma84@sap.com,SC011,COMP004,PLANT04,MG04,2026-01-28,SAP
SAPCONT5659,SAP1659,email,arjun.reddy96@sap.com,SC020,COMP003,PLANT03,MG03,2026-01-02,SAP
SAPCONT5374,SAP1374,work_email,john.menon69@sap.com,SC011,COMP006,PLANT06,MG06,2026-03-22,SAP
SAPCONT5779,SAP1779,mobile,9452678760,SC016,COMP003,PLANT03,MG03,2026-02-15,SAP
SAPCONT5307,SAP1307,work_email,sachin.rao79@sap.com,SC007,COMP003,PLANT03,MG03,2026-02-14,SAP
SAPCONT5058,SAP1058,landline,manish.desai3@sap.com,SC020,COMP002,PLANT02,MG02,2026-03-29,SAP
SAPCONT5799,SAP1799,phone,9297668417,SC017,COMP007,PLANT07,MG07,2026-02-24,SAP
SAPCONT5613,SAP1613,phone,9997578787,SC006,COMP005,PLANT05,MG05,2026-02-04,SAP
SAPCONT5734,SAP1734,work_email,prakash.singh98@sap.com,SC009,COMP006,PLANT06,MG06,2026-02-02,SAP
SAPCONT5306,SAP1306,landline,sanjay.dubey91@sap.com,SC012,COMP002,PLANT02,MG02,2026-02-22,SAP
SAPCONT5304,SAP1304,work_email,deepak.srivastava97@sap.com,SC003,COMP008,PLANT08,MG08,2026-01-10,SAP
SAPCONT5716,SAP1716,landline,vinod.shah70@sap.com,SC010,COMP004,PLANT04,MG04,2026-01-04,SAP
SAPCONT5889,SAP1889,phone,9077432741,SC003,COMP001,PLANT01,MG01,2026-01-07,SAP
SAPCONT5381,SAP1381,phone,9077250411,SC009,COMP005,PLANT05,MG05,2026-01-20,SAP
SAPCONT5437,SAP1437,email,harish.mishra40@sap.com,SC020,COMP005,PLANT05,MG05,2026-03-15,SAP
SAPCONT5810,SAP1810,landline,karan.shah68@sap.com,SC005,COMP002,PLANT02,MG02,2026-01-03,SAP
SAPCONT5770,SAP1770,landline,kavita.singh97@sap.com,SC013,COMP002,PLANT02,MG02,2026-03-12,SAP
SAPCONT5610,SAP1610,email,ramesh.bajaj30@sap.com,SC003,COMP002,PLANT02,MG02,2026-03-14,SAP
SAPCONT5400,SAP1400,work_email,sunita.desai53@sap.com,SC011,COMP008,PLANT08,MG08,2026-03-19,SAP
SAPCONT5760,SAP1760,email,arjun.agarwal4@sap.com,SC004,COMP008,PLANT08,MG08,2026-03-13,SAP
SAPCONT5182,SAP1182,landline,vikas.bajaj16@sap.com,SC005,COMP006,PLANT06,MG06,2026-03-26,SAP
SAPCONT5139,SAP1139,email,rekha.gupta38@sap.com,SC017,COMP003,PLANT03,MG03,2026-01-29,SAP
SAPCONT5691,SAP1691,email,shalini.pandey96@sap.com,SC013,COMP003,PLANT03,MG03,2026-03-07,SAP
SAPCONT5102,SAP1102,landline,rahul.kaur42@sap.com,SC014,COMP006,PLANT06,MG06,2026-03-18,SAP
SAPCONT5152,SAP1152,phone,9041349276,SC012,COMP008,PLANT08,MG08,2026-03-04,SAP
SAPCONT5856,SAP1856,email,anjali.mishra38@sap.com,SC003,COMP008,PLANT08,MG08,2026-01-29,SAP
SAPCONT5620,SAP1620,phone,9306574768,SC017,COMP004,PLANT04,MG04,2026-01-03,SAP
SAPCONT5143,SAP1143,landline,shreya.guptha46@sap.com,SC009,COMP007,PLANT07,MG07,2026-03-21,SAP
SAPCONT5530,SAP1530,mobile,9921656727,SC005,COMP002,PLANT02,MG02,2026-02-04,SAP
SAPCONT5405,SAP1405,mobile,9621993996,SC014,COMP005,PLANT05,MG05,2026-01-22,SAP
SAPCONT5567,SAP1567,work_email,divya.kapoor44@sap.com,SC014,COMP007,PLANT07,MG07,2026-03-16,SAP
SAPCONT5852,SAP1852,work_email,ajay.mishra56@sap.com,SC004,COMP004,PLANT04,MG04,2026-02-21,SAP
SAPCONT5865,SAP1865,mobile,9385835604,SC010,COMP001,PLANT01,MG01,2026-01-31,SAP
SAPCONT5421,SAP1421,mobile,9373650357,SC008,COMP005,PLANT05,MG05,2026-02-04,SAP
SAPCONT5067,SAP1067,phone,9968234228,SC016,COMP003,PLANT03,MG03,2026-02-21,SAP
SAPCONT5555,SAP1555,work_email,jane.patil28@sap.com,SC010,COMP003,PLANT03,MG03,2026-01-29,SAP
SAPCONT5830,SAP1830,mobile,9004602933,SC020,COMP006,PLANT06,MG06,2026-03-05,SAP
SAPCONT5226,SAP1226,email,jane.mehta22@sap.com,SC019,COMP002,PLANT02,MG02,2026-01-24,SAP
SAPCONT5136,SAP1136,landline,vikas.dubey12@sap.com,SC007,COMP008,PLANT08,MG08,2026-03-30,SAP
SAPCONT5625,SAP1625,mobile,9198714677,SC009,COMP001,PLANT01,MG01,2026-02-25,SAP
SAPCONT5460,SAP1460,phone,9088755752,SC018,COMP004,PLANT04,MG04,2026-01-30,SAP
SAPCONT5388,SAP1388,email,lakshmi.nair93@sap.com,SC012,COMP004,PLANT04,MG04,2026-03-14,SAP
SAPCONT5913,SAP1913,landline,rohit.malhotra83@sap.com,SC009,COMP001,PLANT01,MG01,2026-02-16,SAP
SAPCONT5521,SAP1521,phone,9664785855,SC013,COMP001,PLANT01,MG01,2026-01-16,SAP
SAPCONT5103,SAP1103,work_email,vinay.sharma49@sap.com,SC005,COMP007,PLANT07,MG07,2026-02-14,SAP
SAPCONT5770,SAP1770,landline,kavita.singh97@sap.com,SC013,COMP002,PLANT02,MG02,2026-03-12,SAP
SAPCONT5310,SAP1310,phone,9540921824,SC020,COMP006,PLANT06,MG06,2026-03-03,SAP
SAPCONT5347,SAP1347,email,john.menon39@sap.com,SC016,COMP003,PLANT03,MG03,2026-02-18,SAP
SAPCONT5667,SAP1667,landline,ramesh.guptha87@sap.com,SC013,COMP003,PLANT03,MG03,2026-02-28,SAP
SAPCONT5205,SAP1205,work_email,sunil.guptha14@sap.com,SC012,COMP005,PLANT05,MG05,2026-01-18,SAP
SAPCONT5637,SAP1637,work_email,manish.agarwal83@sap.com,SC004,COMP005,PLANT05,MG05,2026-02-17,SAP
SAPCONT5068,SAP1068,phone,9176484196,SC018,COMP004,PLANT04,MG04,2026-02-27,SAP
SAPCONT5778,SAP1778,work_email,meena.tiwari64@sap.com,SC011,COMP002,PLANT02,MG02,2026-03-30,SAP
SAPCONT5662,SAP1662,work_email,priya.banerjee36@sap.com,SC017,COMP006,PLANT06,MG06,2026-02-05,SAP
SAPCONT5451,SAP1451,mobile,9481660685,SC015,COMP003,PLANT03,MG03,2026-02-02,SAP
SAPCONT5475,SAP1475,email,shreya.patil27@sap.com,SC017,COMP003,PLANT03,MG03,2026-01-01,SAP
SAPCONT5127,SAP1127,landline,arjun.bajaj77@sap.com,SC001,COMP007,PLANT07,MG07,2026-03-23,SAP
SAPCONT5575,SAP1575,landline,arvind.kaur7@sap.com,SC013,COMP007,PLANT07,MG07,2026-02-04,SAP
SAPCONT5912,SAP1912,landline,deepak.dubey62@sap.com,SC002,COMP008,PLANT08,MG08,2026-03-19,SAP
SAPCONT5038,SAP1038,work_email,vinay.chopra13@sap.com,SC001,COMP006,PLANT06,MG06,2026-02-26,SAP
SAPCONT5238,SAP1238,mobile,9816149477,SC002,COMP006,PLANT06,MG06,2026-03-31,SAP
SAPCONT5060,SAP1060,email,arjun.mishra2@sap.com,SC018,COMP004,PLANT04,MG04,2026-03-22,SAP
SAPCONT5533,SAP1533,phone,9750766242,SC010,COMP005,PLANT05,MG05,2026-01-03,SAP
SAPCONT5123,SAP1123,landline,anita.mehta24@sap.com,SC016,COMP003,PLANT03,MG03,2026-01-28,SAP
SAPCONT5795,SAP1795,work_email,anita.shah72@sap.com,SC020,COMP003,PLANT03,MG03,2026-02-03,SAP
SAPCONT5861,SAP1861,email,sachin.singh40@sap.com,SC016,COMP005,PLANT05,MG05,2026-01-31,SAP
SAPCONT5207,SAP1207,mobile,9594882471,SC003,COMP007,PLANT07,MG07,2026-01-24,SAP
SAPCONT5406,SAP1406,landline,meena.bajaj66@sap.com,SC012,COMP006,PLANT06,MG06,2026-03-29,SAP
SAPCONT5911,SAP1911,mobile,9471696162,SC014,COMP007,PLANT07,MG07,2026-03-16,SAP
SAPCONT5194,SAP1194,work_email,shalini.nair23@sap.com,SC013,COMP002,PLANT02,MG02,2026-03-21,SAP
SAPCONT5573,SAP1573,phone,9715132230,SC007,COMP005,PLANT05,MG05,2026-03-24,SAP
SAPCONT5811,SAP1811,work_email,meera.dubey85@sap.com,SC007,COMP003,PLANT03,MG03,2026-02-28,SAP
SAPCONT5196,SAP1196,work_email,anita.nair81@sap.com,SC003,COMP004,PLANT04,MG04,2026-03-07,SAP
SAPCONT5881,SAP1881,mobile,9333388586,SC018,COMP001,PLANT01,MG01,2026-03-12,SAP
SAPCONT5794,SAP1794,email,vinay.dubey2@sap.com,SC006,COMP002,PLANT02,MG02,2026-02-15,SAP
SAPCONT5508,SAP1508,landline,deepak.patel43@sap.com,SC017,COMP004,PLANT04,MG04,2026-01-10,SAP
SAPCONT5886,SAP1886,mobile,9261365881,SC014,COMP006,PLANT06,MG06,2026-01-12,SAP
SAPCONT5549,SAP1549,landline,rohit.kapoor56@sap.com,SC020,COMP005,PLANT05,MG05,2026-03-05,SAP
SAPCONT5256,SAP1256,mobile,9230977172,SC002,COMP008,PLANT08,MG08,2026-03-03,SAP
SAPCONT5915,SAP1915,landline,lakshmi.singh68@sap.com,SC018,COMP003,PLANT03,MG03,2026-02-05,SAP
SAPCONT5022,SAP1022,email,deepak.patil5@sap.com,SC004,COMP006,PLANT06,MG06,2026-03-19,SAP
SAPCONT5668,SAP1668,phone,9643594958,SC013,COMP004,PLANT04,MG04,2026-01-04,SAP
SAPCONT5501,SAP1501,landline,seema.singh98@sap.com,SC009,COMP005,PLANT05,MG05,2026-02-03,SAP
SAPCONT5717,SAP1717,phone,9342649627,SC007,COMP005,PLANT05,MG05,2026-03-28,SAP
SAPCONT5614,SAP1614,mobile,9315796336,SC007,COMP006,PLANT06,MG06,2026-02-12,SAP
SAPCONT5855,SAP1855,work_email,shalini.gupta38@sap.com,SC020,COMP007,PLANT07,MG07,2026-03-25,SAP
SAPCONT5698,SAP1698,landline,priya.joshi38@sap.com,SC010,COMP002,PLANT02,MG02,2026-01-13,SAP
SAPCONT5619,SAP1619,email,meera.iyer8@sap.com,SC001,COMP003,PLANT03,MG03,2026-03-17,SAP
SAPCONT5252,SAP1252,landline,amit.guptha71@sap.com,SC020,COMP004,PLANT04,MG04,2026-02-27,SAP
SAPCONT5815,SAP1815,email,amit.banerjee88@sap.com,SC009,COMP007,PLANT07,MG07,2026-02-06,SAP
SAPCONT5693,SAP1693,phone,9997717291,SC015,COMP005,PLANT05,MG05,2026-01-18,SAP
SAPCONT5545,SAP1545,phone,9853336281,SC010,COMP001,PLANT01,MG01,2026-03-27,SAP
SAPCONT5849,SAP1849,email,arjun.desai41@sap.com,SC017,COMP001,PLANT01,MG01,2026-01-09,SAP
SAPCONT5134,SAP1134,phone,9095697784,SC014,COMP006,PLANT06,MG06,2026-01-20,SAP
SAPCONT5342,SAP1342,mobile,9240089812,SC006,COMP006,PLANT06,MG06,2026-01-10,SAP
SAPCONT5851,SAP1851,work_email,sachin.singh38@sap.com,SC006,COMP003,PLANT03,MG03,2026-03-26,SAP
SAPCONT5069,SAP1069,email,ajay.kapoor59@sap.com,SC007,COMP005,PLANT05,MG05,2026-01-14,SAP
SAPCONT5352,SAP1352,email,neha.shah81@sap.com,SC003,COMP008,PLANT08,MG08,2026-03-02,SAP
SAPCONT5295,SAP1295,mobile,9688661602,SC007,COMP007,PLANT07,MG07,2026-03-26,SAP
SAPCONT5086,SAP1086,email,rahul.guptha8@sap.com,SC007,COMP006,PLANT06,MG06,2026-01-28,SAP
SAPCONT5040,SAP1040,landline,seema.pandey6@sap.com,SC018,COMP008,PLANT08,MG08,2026-03-05,SAP
SAPCONT5939,SAP1939,mobile,9306264950,SC014,COMP003,PLANT03,MG03,2026-03-17,SAP
SAPCONT5392,SAP1392,landline,seema.desai99@sap.com,SC018,COMP008,PLANT08,MG08,2026-03-21,SAP
SAPCONT5081,SAP1081,mobile,9956935531,SC013,COMP001,PLANT01,MG01,2026-03-05,SAP
SAPCONT5511,SAP1511,work_email,arvind.banerjee35@sap.com,SC016,COMP007,PLANT07,MG07,2026-01-02,SAP
SAPCONT5883,SAP1883,work_email,shreya.patil56@sap.com,SC017,COMP003,PLANT03,MG03,2026-01-28,SAP
SAPCONT5248,SAP1248,landline,priya.srivastava56@sap.com,SC008,COMP008,PLANT08,MG08,2026-01-22,SAP
SAPCONT5496,SAP1496,email,divya.mishra25@sap.com,SC009,COMP008,PLANT08,MG08,2026-03-23,SAP
SAPCONT5299,SAP1299,landline,prakash.reddy86@sap.com,SC017,COMP003,PLANT03,MG03,2026-03-13,SAP
SAPCONT5353,SAP1353,phone,9388838343,SC016,COMP001,PLANT01,MG01,2026-03-25,SAP
SAPCONT5255,SAP1255,landline,amit.verma10@sap.com,SC016,COMP007,PLANT07,MG07,2026-01-05,SAP
SAPCONT5875,SAP1875,work_email,pooja.rao33@sap.com,SC002,COMP003,PLANT03,MG03,2026-01-17,SAP
SAPCONT5126,SAP1126,phone,9518126348,SC011,COMP006,PLANT06,MG06,2026-03-10,SAP
SAPCONT5725,SAP1725,mobile,9136324232,SC009,COMP005,PLANT05,MG05,2026-02-20,SAP
SAPCONT5293,SAP1293,work_email,arvind.guptha37@sap.com,SC020,COMP005,PLANT05,MG05,2026-01-26,SAP
SAPCONT5938,SAP1938,email,rohit.kaur58@sap.com,SC010,COMP002,PLANT02,MG02,2026-02-06,SAP
SAPCONT5420,SAP1420,landline,shreya.mishra8@sap.com,SC012,COMP004,PLANT04,MG04,2026-03-22,SAP
SAPCONT5054,SAP1054,mobile,9881386460,SC016,COMP006,PLANT06,MG06,2026-02-05,SAP
SAPCONT5115,SAP1115,landline,arvind.dubey19@sap.com,SC019,COMP003,PLANT03,MG03,2026-02-08,SAP
SAPCONT5928,SAP1928,phone,9571953627,SC005,COMP008,PLANT08,MG08,2026-03-18,SAP
SAPCONT5563,SAP1563,work_email,sunil.dubey81@sap.com,SC013,COMP003,PLANT03,MG03,2026-03-01,SAP
SAPCONT5940,SAP1940,mobile,9955571047,SC016,COMP004,PLANT04,MG04,2026-01-09,SAP
SAPCONT5048,SAP1048,mobile,9901316463,SC003,COMP008,PLANT08,MG08,2026-03-27,SAP
SAPCONT5872,SAP1872,mobile,9598932160,SC017,COMP008,PLANT08,MG08,2026-03-20,SAP
SAPCONT5552,SAP1552,landline,priya.desai3@sap.com,SC001,COMP008,PLANT08,MG08,2026-01-19,SAP
SAPCONT5839,SAP1839,work_email,sachin.banerjee5@sap.com,SC008,COMP007,PLANT07,MG07,2026-01-15,SAP
SAPCONT5726,SAP1726,mobile,9157198409,SC005,COMP006,PLANT06,MG06,2026-02-13,SAP
SAPCONT5582,SAP1582,email,sunil.dubey64@sap.com,SC011,COMP006,PLANT06,MG06,2026-02-27,SAP
SAPCONT5763,SAP1763,mobile,9282542737,SC020,COMP003,PLANT03,MG03,2026-03-22,SAP
SAPCONT5564,SAP1564,landline,karan.shah20@sap.com,SC006,COMP004,PLANT04,MG04,2026-03-01,SAP
SAPCONT5867,SAP1867,email,suresh.sharma55@sap.com,SC001,COMP003,PLANT03,MG03,2026-01-07,SAP
SAPCONT5179,SAP1179,email,meera.gupta40@sap.com,SC009,COMP003,PLANT03,MG03,2026-03-03,SAP
SAPCONT5916,SAP1916,email,jane.gupta21@sap.com,SC016,COMP004,PLANT04,MG04,2026-01-29,SAP
SAPCONT5278,SAP1278,email,anjali.bajaj57@sap.com,SC018,COMP006,PLANT06,MG06,2026-01-18,SAP
SAPCONT5589,SAP1589,phone,9739171612,SC004,COMP005,PLANT05,MG05,2026-01-31,SAP
SAPCONT5106,SAP1106,phone,9571038957,SC005,COMP002,PLANT02,MG02,2026-03-28,SAP
SAPCONT5751,SAP1751,email,prakash.bajaj82@sap.com,SC005,COMP007,PLANT07,MG07,2026-01-15,SAP
SAPCONT5763,SAP1763,mobile,9282542737,SC020,COMP003,PLANT03,MG03,2026-03-22,SAP
SAPCONT5012,SAP1012,mobile,9855426751,SC015,COMP004,PLANT04,MG04,2026-03-29,SAP
SAPCONT5052,SAP1052,email,ramesh.bajaj56@sap.com,SC005,COMP004,PLANT04,MG04,2026-01-23,SAP
SAPCONT5192,SAP1192,phone,9716898661,SC005,COMP008,PLANT08,MG08,2026-03-18,SAP
SAPCONT5808,SAP1808,phone,9900790236,SC001,COMP008,PLANT08,MG08,2026-01-29,SAP
SAPCONT5168,SAP1168,email,deepak.bajaj29@sap.com,SC008,COMP008,PLANT08,MG08,2026-03-20,SAP
SAPCONT5340,SAP1340,email,shalini.shah66@sap.com,SC007,COMP004,PLANT04,MG04,2026-02-09,SAP
SAPCONT5254,SAP1254,email,sachin.banerjee74@sap.com,SC011,COMP006,PLANT06,MG06,2026-03-10,SAP
SAPCONT5210,SAP1210,landline,priya.mehta35@sap.com,SC002,COMP002,PLANT02,MG02,2026-01-13,SAP
SAPCONT5087,SAP1087,phone,9732047319,SC006,COMP007,PLANT07,MG07,2026-02-24,SAP
SAPCONT5204,SAP1204,email,sunil.kumar42@sap.com,SC002,COMP004,PLANT04,MG04,2026-03-26,SAP
SAPCONT5414,SAP1414,landline,lakshmi.shah58@sap.com,SC006,COMP006,PLANT06,MG06,2026-03-08,SAP
SAPCONT5163,SAP1163,phone,9602312397,SC008,COMP003,PLANT03,MG03,2026-03-30,SAP
SAPCONT5012,SAP1012,mobile,9855426751,SC015,COMP004,PLANT04,MG04,2026-03-29,SAP
SAPCONT5647,SAP1647,phone,9640497805,SC018,COMP007,PLANT07,MG07,2026-01-20,SAP
SAPCONT5732,SAP1732,work_email,amit.guptha23@sap.com,SC004,COMP004,PLANT04,MG04,2026-02-19,SAP
SAPCONT5543,SAP1543,mobile,9087464566,SC010,COMP007,PLANT07,MG07,2026-03-20,SAP
SAPCONT5344,SAP1344,mobile,9943860743,SC018,COMP008,PLANT08,MG08,2026-02-06,SAP
SAPCONT5562,SAP1562,work_email,karan.chopra41@sap.com,SC002,COMP002,PLANT02,MG02,2026-03-11,SAP
SAPCONT5857,SAP1857,phone,9098127328,SC012,COMP001,PLANT01,MG01,2026-01-31,SAP
SAPCONT5312,SAP1312,mobile,9829243490,SC009,COMP008,PLANT08,MG08,2026-03-30,SAP
SAPCONT5584,SAP1584,phone,9949180954,SC009,COMP008,PLANT08,MG08,2026-01-22,SAP
SAPCONT5336,SAP1336,email,lakshmi.pandey34@sap.com,SC008,COMP008,PLANT08,MG08,2026-01-04,SAP
SAPCONT5416,SAP1416,email,amit.verma85@sap.com,SC009,COMP008,PLANT08,MG08,2026-01-05,SAP
SAPCONT5300,SAP1300,mobile,9628956120,SC014,COMP004,PLANT04,MG04,2026-01-21,SAP
SAPCONT5042,SAP1042,work_email,harish.kapoor95@sap.com,SC018,COMP002,PLANT02,MG02,2026-01-31,SAP
SAPCONT5644,SAP1644,landline,manish.agarwal35@sap.com,SC010,COMP004,PLANT04,MG04,2026-03-17,SAP
SAPCONT5332,SAP1332,email,rajiv.shah92@sap.com,SC012,COMP004,PLANT04,MG04,2026-01-16,SAP
SAPCONT5741,SAP1741,work_email,meera.iyer56@sap.com,SC013,COMP005,PLANT05,MG05,2026-01-17,SAP
SAPCONT5365,SAP1365,mobile,9816641411,SC007,COMP005,PLANT05,MG05,2026-02-24,SAP
SAPCONT5262,SAP1262,landline,sachin.yadav50@sap.com,SC018,COMP006,PLANT06,MG06,2026-01-11,SAP
SAPCONT5045,SAP1045,work_email,shreya.mehta19@sap.com,SC015,COMP005,PLANT05,MG05,2026-02-04,SAP
SAPCONT5554,SAP1554,landline,vinay.menon65@sap.com,SC006,COMP002,PLANT02,MG02,2026-03-24,SAP
SAPCONT5247,SAP1247,mobile,9954741276,SC019,COMP007,PLANT07,MG07,2026-01-11,SAP
SAPCONT5949,SAP1949,mobile,9401575913,SC020,COMP005,PLANT05,MG05,2026-03-28,SAP
SAPCONT5092,SAP1092,email,sunita.shah18@sap.com,SC013,COMP004,PLANT04,MG04,2026-02-27,SAP
SAPCONT5008,SAP1008,work_email,karan.mishra38@sap.com,SC012,COMP008,PLANT08,MG08,2026-03-03,SAP
SAPCONT5623,SAP1623,phone,9289666203,SC014,COMP007,PLANT07,MG07,2026-01-03,SAP
SAPCONT5397,SAP1397,work_email,neha.pandey11@sap.com,SC014,COMP005,PLANT05,MG05,2026-02-27,SAP
SAPCONT5149,SAP1149,work_email,neha.nair41@sap.com,SC018,COMP005,PLANT05,MG05,2026-02-12,SAP
SAPCONT5098,SAP1098,mobile,9425525573,SC011,COMP002,PLANT02,MG02,2026-01-09,SAP
SAPCONT5802,SAP1802,mobile,9938942935,SC006,COMP002,PLANT02,MG02,2026-01-16,SAP
SAPCONT5765,SAP1765,phone,9493805646,SC016,COMP005,PLANT05,MG05,2026-02-03,SAP
SAPCONT5531,SAP1531,email,arvind.agarwal80@sap.com,SC004,COMP003,PLANT03,MG03,2026-03-29,SAP
SAPCONT5401,SAP1401,email,priya.patel2@sap.com,SC014,COMP001,PLANT01,MG01,2026-02-25,SAP
SAPCONT5034,SAP1034,landline,john.malhotra80@sap.com,SC018,COMP002,PLANT02,MG02,2026-03-19,SAP
SAPCONT5054,SAP1054,mobile,9881386460,SC016,COMP006,PLANT06,MG06,2026-02-05,SAP
SAPCONT5011,SAP1011,work_email,ravi.kapoor72@sap.com,SC015,COMP003,PLANT03,MG03,2026-01-30,SAP
SAPCONT5345,SAP1345,work_email,ramesh.patel79@sap.com,SC012,COMP001,PLANT01,MG01,2026-03-24,SAP
SAPCONT5001,SAP1001,phone,9929666523,SC001,COMP001,PLANT01,MG01,2026-01-03,SAP
SAPCONT5650,SAP1650,phone,9290535813,SC009,COMP002,PLANT02,MG02,2026-03-15,SAP
SAPCONT5788,SAP1788,email,priya.guptha69@sap.com,SC019,COMP004,PLANT04,MG04,2026-01-05,SAP
SAPCONT5200,SAP1200,phone,9121034805,SC006,COMP008,PLANT08,MG08,2026-03-17,SAP
SAPCONT5634,SAP1634,phone,9646831398,SC005,COMP002,PLANT02,MG02,2026-01-07,SAP
SAPCONT5431,SAP1431,mobile,9688630451,SC002,COMP007,PLANT07,MG07,2026-03-13,SAP
SAPCONT5296,SAP1296,mobile,9657174454,SC007,COMP008,PLANT08,MG08,2026-03-09,SAP
SAPCONT5002,SAP1002,work_email,ravi.iyer46@sap.com,SC018,COMP002,PLANT02,MG02,2026-03-17,SAP
SAPCONT5399,SAP1399,phone,9094457697,SC001,COMP007,PLANT07,MG07,2026-03-08,SAP
SAPCONT5513,SAP1513,work_email,meena.reddy87@sap.com,SC017,COMP001,PLANT01,MG01,2026-02-04,SAP
SAPCONT5927,SAP1927,email,john.nair62@sap.com,SC013,COMP007,PLANT07,MG07,2026-03-11,SAP
SAPCONT5327,SAP1327,landline,vinay.patel4@sap.com,SC004,COMP007,PLANT07,MG07,2026-03-03,SAP
SAPCONT5329,SAP1329,mobile,9301712758,SC011,COMP001,PLANT01,MG01,2026-02-26,SAP
SAPCONT5845,SAP1845,mobile,9020277169,SC018,COMP005,PLANT05,MG05,2026-01-14,SAP
SAPCONT5801,SAP1801,work_email,pooja.sharma32@sap.com,SC017,COMP001,PLANT01,MG01,2026-02-16,SAP
SAPCONT5394,SAP1394,landline,suresh.reddy87@sap.com,SC006,COMP002,PLANT02,MG02,2026-03-08,SAP
SAPCONT5523,SAP1523,mobile,9448402535,SC007,COMP003,PLANT03,MG03,2026-01-28,SAP
SAPCONT5642,SAP1642,work_email,anjali.dubey43@sap.com,SC002,COMP002,PLANT02,MG02,2026-03-06,SAP
SAPCONT5482,SAP1482,email,sneha.reddy36@sap.com,SC018,COMP002,PLANT02,MG02,2026-01-29,SAP
SAPCONT5128,SAP1128,landline,shreya.patil62@sap.com,SC009,COMP008,PLANT08,MG08,2026-03-17,SAP
SAPCONT5787,SAP1787,work_email,manish.malhotra3@sap.com,SC009,COMP003,PLANT03,MG03,2026-03-05,SAP
SAPCONT5403,SAP1403,phone,9706361123,SC005,COMP003,PLANT03,MG03,2026-03-16,SAP
SAPCONT5805,SAP1805,phone,9705289178,SC007,COMP005,PLANT05,MG05,2026-03-18,SAP
SAPCONT5453,SAP1453,phone,9406828704,SC004,COMP005,PLANT05,MG05,2026-03-03,SAP
SAPCONT5050,SAP1050,mobile,9219761653,SC018,COMP002,PLANT02,MG02,2026-01-28,SAP
SAPCONT5876,SAP1876,mobile,9666065909,SC019,COMP004,PLANT04,MG04,2026-01-13,SAP
SAPCONT5630,SAP1630,email,ravi.sharma73@sap.com,SC014,COMP006,PLANT06,MG06,2026-03-06,SAP
SAPCONT5864,SAP1864,email,rajiv.kaur35@sap.com,SC013,COMP008,PLANT08,MG08,2026-01-12,SAP
SAPCONT5834,SAP1834,landline,rohit.tiwari96@sap.com,SC007,COMP002,PLANT02,MG02,2026-02-16,SAP
SAPCONT5130,SAP1130,mobile,9765384208,SC017,COMP002,PLANT02,MG02,2026-02-17,SAP
SAPCONT5195,SAP1195,mobile,9535166077,SC013,COMP003,PLANT03,MG03,2026-02-01,SAP
SAPCONT5673,SAP1673,phone,9641036920,SC017,COMP001,PLANT01,MG01,2026-01-27,SAP
SAPCONT5450,SAP1450,phone,9175590553,SC004,COMP002,PLANT02,MG02,2026-03-12,SAP
SAPCONT5680,SAP1680,phone,9846012443,SC002,COMP008,PLANT08,MG08,2026-01-24,SAP
SAPCONT5227,SAP1227,mobile,9843296992,SC019,COMP003,PLANT03,MG03,2026-01-02,SAP
SAPCONT5780,SAP1780,landline,divya.sharma97@sap.com,SC017,COMP004,PLANT04,MG04,2026-01-30,SAP
SAPCONT5697,SAP1697,email,karan.mehta96@sap.com,SC018,COMP001,PLANT01,MG01,2026-03-30,SAP
SAPCONT5104,SAP1104,phone,9397092410,SC010,COMP008,PLANT08,MG08,2026-03-08,SAP
SAPCONT5322,SAP1322,work_email,shreya.menon1@sap.com,SC017,COMP002,PLANT02,MG02,2026-02-12,SAP
SAPCONT5198,SAP1198,email,meera.singh61@sap.com,SC001,COMP006,PLANT06,MG06,2026-02-23,SAP
SAPCONT5317,SAP1317,phone,9093522309,SC001,COMP005,PLANT05,MG05,2026-01-22,SAP
SAPCONT5436,SAP1436,landline,jane.pandey83@sap.com,SC010,COMP004,PLANT04,MG04,2026-01-06,SAP
SAPCONT5771,SAP1771,phone,9701945112,SC016,COMP003,PLANT03,MG03,2026-02-10,SAP
SAPCONT5879,SAP1879,email,vinod.kumar37@sap.com,SC002,COMP007,PLANT07,MG07,2026-01-22,SAP
SAPCONT5077,SAP1077,landline,lakshmi.nair51@sap.com,SC007,COMP005,PLANT05,MG05,2026-01-26,SAP
SAPCONT5206,SAP1206,work_email,ramesh.sharma88@sap.com,SC011,COMP006,PLANT06,MG06,2026-01-26,SAP
SAPCONT5627,SAP1627,landline,seema.singh47@sap.com,SC011,COMP003,PLANT03,MG03,2026-01-19,SAP
SAPCONT5536,SAP1536,work_email,suresh.nair15@sap.com,SC013,COMP008,PLANT08,MG08,2026-01-31,SAP
SAPCONT5035,SAP1035,mobile,9082662431,SC004,COMP003,PLANT03,MG03,2026-01-10,SAP
SAPCONT5434,SAP1434,email,john.rao51@sap.com,SC001,COMP002,PLANT02,MG02,2026-01-07,SAP
SAPCONT5242,SAP1242,email,priya.singh9@sap.com,SC011,COMP002,PLANT02,MG02,2026-02-16,SAP
SAPCONT5408,SAP1408,phone,9614911311,SC015,COMP008,PLANT08,MG08,2026-02-14,SAP
SAPCONT5213,SAP1213,landline,amit.chopra6@sap.com,SC018,COMP005,PLANT05,MG05,2026-01-21,SAP
SAPCONT5800,SAP1800,phone,9465998665,SC011,COMP008,PLANT08,MG08,2026-03-14,SAP
SAPCONT5516,SAP1516,mobile,9119739163,SC010,COMP004,PLANT04,MG04,2026-03-24,SAP
SAPCONT5031,SAP1031,landline,jane.patil92@sap.com,SC018,COMP007,PLANT07,MG07,2026-03-12,SAP
SAPCONT5762,SAP1762,mobile,9964419901,SC001,COMP002,PLANT02,MG02,2026-01-30,SAP
SAPCONT5676,SAP1676,email,shreya.reddy33@sap.com,SC005,COMP004,PLANT04,MG04,2026-02-05,SAP
SAPCONT5380,SAP1380,work_email,vinay.agarwal25@sap.com,SC004,COMP004,PLANT04,MG04,2026-01-24,SAP
SAPCONT5905,SAP1905,mobile,9257372385,SC012,COMP001,PLANT01,MG01,2026-01-23,SAP
SAPCONT5903,SAP1903,work_email,suresh.sharma72@sap.com,SC009,COMP007,PLANT07,MG07,2026-01-29,SAP
SAPCONT5701,SAP1701,mobile,9643809540,SC014,COMP005,PLANT05,MG05,2026-02-08,SAP
SAPCONT5096,SAP1096,email,priya.mehta63@sap.com,SC019,COMP008,PLANT08,MG08,2026-02-17,SAP
SAPCONT5601,SAP1601,work_email,meera.joshi74@sap.com,SC004,COMP001,PLANT01,MG01,2026-01-03,SAP
SAPCONT5718,SAP1718,landline,jane.pandey49@sap.com,SC013,COMP006,PLANT06,MG06,2026-01-20,SAP
SAPCONT5260,SAP1260,work_email,priya.singh74@sap.com,SC016,COMP004,PLANT04,MG04,2026-01-30,SAP
SAPCONT5592,SAP1592,mobile,9654930368,SC008,COMP008,PLANT08,MG08,2026-01-22,SAP
SAPCONT5600,SAP1600,mobile,9349153981,SC019,COMP008,PLANT08,MG08,2026-02-20,SAP
SAPCONT5212,SAP1212,landline,prakash.agarwal84@sap.com,SC012,COMP004,PLANT04,MG04,2026-01-21,SAP
SAPCONT5147,SAP1147,phone,9019684880,SC004,COMP003,PLANT03,MG03,2026-02-09,SAP
SAPCONT5073,SAP1073,work_email,amit.guptha21@sap.com,SC006,COMP001,PLANT01,MG01,2026-01-18,SAP
SAPCONT5652,SAP1652,phone,9517348240,SC009,COMP004,PLANT04,MG04,2026-02-01,SAP
SAPCONT5692,SAP1692,work_email,vinay.desai38@sap.com,SC001,COMP004,PLANT04,MG04,2026-03-04,SAP
SAPCONT5415,SAP1415,mobile,9012644461,SC014,COMP007,PLANT07,MG07,2026-03-01,SAP
SAPCONT5649,SAP1649,mobile,9472067589,SC013,COMP001,PLANT01,MG01,2026-01-24,SAP
SAPCONT5873,SAP1873,phone,9211984264,SC012,COMP001,PLANT01,MG01,2026-03-18,SAP
SAPCONT5551,SAP1551,phone,9524275481,SC001,COMP007,PLANT07,MG07,2026-01-03,SAP
SAPCONT5943,SAP1943,phone,9864009280,SC005,COMP007,PLANT07,MG07,2026-03-06,SAP
SAPCONT5367,SAP1367,mobile,9375488738,SC015,COMP007,PLANT07,MG07,2026-02-15,SAP
SAPCONT5946,SAP1946,mobile,9450622952,SC020,COMP002,PLANT02,MG02,2026-03-19,SAP
SAPCONT5515,SAP1515,phone,9696101837,SC003,COMP003,PLANT03,MG03,2026-03-14,SAP
SAPCONT5159,SAP1159,work_email,shalini.agarwal55@sap.com,SC019,COMP007,PLANT07,MG07,2026-03-03,SAP
SAPCONT5051,SAP1051,work_email,shreya.reddy29@sap.com,SC020,COMP003,PLANT03,MG03,2026-01-25,SAP
SAPCONT5144,SAP1144,email,arvind.mehta95@sap.com,SC018,COMP008,PLANT08,MG08,2026-02-25,SAP
SAPCONT5094,SAP1094,mobile,9640105053,SC016,COMP006,PLANT06,MG06,2026-02-19,SAP
SAPCONT5003,SAP1003,email,lakshmi.pandey69@sap.com,SC013,COMP003,PLANT03,MG03,2026-03-21,SAP
SAPCONT5036,SAP1036,landline,anita.rao43@sap.com,SC001,COMP004,PLANT04,MG04,2026-02-16,SAP
SAPCONT5257,SAP1257,email,sachin.guptha54@sap.com,SC002,COMP001,PLANT01,MG01,2026-01-15,SAP
SAPCONT5177,SAP1177,email,pooja.singh71@sap.com,SC009,COMP001,PLANT01,MG01,2026-01-01,SAP
SAPCONT5926,SAP1926,mobile,9667787174,SC018,COMP006,PLANT06,MG06,2026-02-12,SAP
SAPCONT5727,SAP1727,email,sneha.menon86@sap.com,SC017,COMP007,PLANT07,MG07,2026-02-03,SAP
SAPCONT5767,SAP1767,mobile,9110899936,SC016,COMP007,PLANT07,MG07,2026-01-06,SAP
SAPCONT5246,SAP1246,phone,9406613755,SC013,COMP006,PLANT06,MG06,2026-01-21,SAP
SAPCONT5909,SAP1909,work_email,shalini.desai31@sap.com,SC003,COMP005,PLANT05,MG05,2026-03-25,SAP
SAPCONT5825,SAP1825,email,john.kaur98@sap.com,SC008,COMP001,PLANT01,MG01,2026-03-11,SAP
SAPCONT5262,SAP1262,landline,sachin.yadav50@sap.com,SC018,COMP006,PLANT06,MG06,2026-01-11,SAP
SAPCONT5125,SAP1125,phone,9225900597,SC010,COMP005,PLANT05,MG05,2026-03-13,SAP
SAPCONT5461,SAP1461,landline,anjali.kaur54@sap.com,SC006,COMP005,PLANT05,MG05,2026-03-12,SAP
SAPCONT5274,SAP1274,mobile,9652657921,SC009,COMP002,PLANT02,MG02,2026-01-23,SAP
SAPCONT5173,SAP1173,landline,neha.banerjee74@sap.com,SC018,COMP005,PLANT05,MG05,2026-03-20,SAP
SAPCONT5587,SAP1587,landline,anjali.kaur82@sap.com,SC012,COMP003,PLANT03,MG03,2026-01-14,SAP
SAPCONT5636,SAP1636,phone,9833362946,SC011,COMP004,PLANT04,MG04,2026-02-18,SAP
SAPCONT5101,SAP1101,work_email,ramesh.nair56@sap.com,SC007,COMP005,PLANT05,MG05,2026-03-17,SAP
SAPCONT5569,SAP1569,landline,rahul.kaur91@sap.com,SC017,COMP001,PLANT01,MG01,2026-02-05,SAP
SAPCONT5683,SAP1683,landline,jane.joshi7@sap.com,SC012,COMP003,PLANT03,MG03,2026-03-29,SAP
SAPCONT5835,SAP1835,work_email,alok.patil58@sap.com,SC014,COMP003,PLANT03,MG03,2026-01-17,SAP
SAPCONT5261,SAP1261,work_email,rajiv.bajaj10@sap.com,SC002,COMP005,PLANT05,MG05,2026-02-17,SAP
SAPCONT5064,SAP1064,mobile,9129456400,SC014,COMP008,PLANT08,MG08,2026-02-05,SAP
SAPCONT5657,SAP1657,work_email,suresh.rao72@sap.com,SC014,COMP001,PLANT01,MG01,2026-03-03,SAP
SAPCONT5457,SAP1457,mobile,9516990531,SC004,COMP001,PLANT01,MG01,2026-03-23,SAP
SAPCONT5707,SAP1707,landline,karan.kaur4@sap.com,SC020,COMP003,PLANT03,MG03,2026-01-01,SAP
SAPCONT5016,SAP1016,work_email,ramesh.kumar90@sap.com,SC010,COMP008,PLANT08,MG08,2026-01-07,SAP
SAPCONT5781,SAP1781,work_email,alok.nair42@sap.com,SC018,COMP005,PLANT05,MG05,2026-01-07,SAP
SAPCONT5279,SAP1279,work_email,lakshmi.agarwal40@sap.com,SC012,COMP007,PLANT07,MG07,2026-03-01,SAP
SAPCONT5599,SAP1599,email,sunita.mishra19@sap.com,SC017,COMP007,PLANT07,MG07,2026-03-29,SAP
SAPCONT5863,SAP1863,phone,9406675125,SC011,COMP007,PLANT07,MG07,2026-01-19,SAP
SAPCONT5578,SAP1578,mobile,9302194300,SC002,COMP002,PLANT02,MG02,2026-02-07,SAP
SAPCONT5078,SAP1078,email,rajiv.desai12@sap.com,SC011,COMP006,PLANT06,MG06,2026-03-31,SAP
SAPCONT5588,SAP1588,phone,9993495410,SC018,COMP004,PLANT04,MG04,2026-03-02,SAP
SAPCONT5402,SAP1402,email,rohit.pandey18@sap.com,SC011,COMP002,PLANT02,MG02,2026-01-05,SAP
SAPCONT5690,SAP1690,mobile,9462495575,SC007,COMP002,PLANT02,MG02,2026-03-25,SAP
SAPCONT5720,SAP1720,work_email,rohit.sharma99@sap.com,SC018,COMP008,PLANT08,MG08,2026-01-27,SAP
SAPCONT5663,SAP1663,landline,sunil.yadav66@sap.com,SC020,COMP007,PLANT07,MG07,2026-01-28,SAP
SAPCONT5471,SAP1471,mobile,9076040768,SC020,COMP007,PLANT07,MG07,2026-03-10,SAP
SAPCONT5272,SAP1272,mobile,9239402862,SC001,COMP008,PLANT08,MG08,2026-03-21,SAP
SAPCONT5409,SAP1409,email,harish.reddy60@sap.com,SC007,COMP001,PLANT01,MG01,2026-02-19,SAP
SAPCONT5750,SAP1750,work_email,jane.banerjee45@sap.com,SC001,COMP006,PLANT06,MG06,2026-02-14,SAP
SAPCONT5473,SAP1473,phone,9021982687,SC007,COMP001,PLANT01,MG01,2026-02-02,SAP
SAPCONT5375,SAP1375,email,rajiv.srivastava35@sap.com,SC018,COMP007,PLANT07,MG07,2026-02-18,SAP
SAPCONT5755,SAP1755,mobile,9465269480,SC020,COMP003,PLANT03,MG03,2026-02-07,SAP
SAPCONT5512,SAP1512,phone,9830227862,SC012,COMP008,PLANT08,MG08,2026-02-02,SAP
SAPCONT5602,SAP1602,mobile,9460447771,SC012,COMP002,PLANT02,MG02,2026-02-23,SAP
SAPCONT5459,SAP1459,landline,ramesh.joshi23@sap.com,SC012,COMP003,PLANT03,MG03,2026-01-06,SAP
SAPCONT5190,SAP1190,phone,9700439125,SC002,COMP006,PLANT06,MG06,2026-01-02,SAP
SAPCONT5309,SAP1309,landline,ramesh.iyer43@sap.com,SC019,COMP005,PLANT05,MG05,2026-03-04,SAP
SAPCONT5114,SAP1114,email,anjali.menon51@sap.com,SC015,COMP002,PLANT02,MG02,2026-02-08,SAP
SAPCONT5478,SAP1478,email,rahul.pandey34@sap.com,SC011,COMP006,PLANT06,MG06,2026-01-19,SAP
SAPCONT5044,SAP1044,landline,ramesh.kaur49@sap.com,SC004,COMP004,PLANT04,MG04,2026-02-24,SAP
SAPCONT5831,SAP1831,phone,9783256436,SC016,COMP007,PLANT07,MG07,2026-03-27,SAP
SAPCONT5303,SAP1303,email,rajiv.verma35@sap.com,SC010,COMP007,PLANT07,MG07,2026-01-01,SAP
SAPCONT5331,SAP1331,work_email,shalini.mishra46@sap.com,SC003,COMP003,PLANT03,MG03,2026-01-23,SAP
SAPCONT5488,SAP1488,landline,vinay.kapoor2@sap.com,SC013,COMP008,PLANT08,MG08,2026-02-07,SAP
SAPCONT5174,SAP1174,work_email,amit.dubey17@sap.com,SC015,COMP006,PLANT06,MG06,2026-03-01,SAP
SAPCONT5556,SAP1556,landline,amit.gupta95@sap.com,SC010,COMP004,PLANT04,MG04,2026-02-27,SAP
SAPCONT5894,SAP1894,mobile,9991180665,SC003,COMP006,PLANT06,MG06,2026-03-06,SAP
SAPCONT5682,SAP1682,email,karan.rao67@sap.com,SC004,COMP002,PLANT02,MG02,2026-03-12,SAP
SAPCONT5577,SAP1577,mobile,9529310491,SC007,COMP001,PLANT01,MG01,2026-01-25,SAP
SAPCONT5313,SAP1313,email,vinod.desai94@sap.com,SC004,COMP001,PLANT01,MG01,2026-01-01,SAP
SAPCONT5186,SAP1186,landline,anjali.pandey45@sap.com,SC005,COMP002,PLANT02,MG02,2026-02-10,SAP
SAPCONT5681,SAP1681,email,shalini.verma20@sap.com,SC002,COMP001,PLANT01,MG01,2026-03-16,SAP
SAPCONT5386,SAP1386,work_email,ajay.mehta16@sap.com,SC006,COMP002,PLANT02,MG02,2026-03-10,SAP
SAPCONT5665,SAP1665,landline,vikas.guptha9@sap.com,SC017,COMP001,PLANT01,MG01,2026-03-31,SAP
SAPCONT5286,SAP1286,email,meera.kapoor34@sap.com,SC004,COMP006,PLANT06,MG06,2026-02-14,SAP
SAPCONT5428,SAP1428,phone,9053729556,SC017,COMP004,PLANT04,MG04,2026-03-20,SAP
SAPCONT5607,SAP1607,work_email,rohit.dubey16@sap.com,SC012,COMP007,PLANT07,MG07,2026-01-23,SAP
SAPCONT5059,SAP1059,phone,9020431800,SC011,COMP003,PLANT03,MG03,2026-01-18,SAP
SAPCONT5948,SAP1948,email,karan.pandey97@sap.com,SC001,COMP004,PLANT04,MG04,2026-01-30,SAP
SAPCONT5110,SAP1110,mobile,9187419570,SC020,COMP006,PLANT06,MG06,2026-02-27,SAP
SAPCONT5518,SAP1518,landline,neha.malhotra65@sap.com,SC019,COMP006,PLANT06,MG06,2026-03-20,SAP
SAPCONT5936,SAP1936,landline,divya.dubey95@sap.com,SC006,COMP008,PLANT08,MG08,2026-01-08,SAP
SAPCONT5166,SAP1166,email,ramesh.pandey39@sap.com,SC013,COMP006,PLANT06,MG06,2026-02-21,SAP
SAPCONT5032,SAP1032,phone,9985917222,SC015,COMP008,PLANT08,MG08,2026-03-26,SAP
SAPCONT5736,SAP1736,email,sanjay.pandey34@sap.com,SC006,COMP008,PLANT08,MG08,2026-01-11,SAP
SAPCONT5671,SAP1671,work_email,vinay.iyer21@sap.com,SC013,COMP007,PLANT07,MG07,2026-01-26,SAP
SAPCONT5214,SAP1214,landline,amit.pandey11@sap.com,SC011,COMP006,PLANT06,MG06,2026-02-03,SAP
SAPCONT5320,SAP1320,phone,9492256447,SC008,COMP008,PLANT08,MG08,2026-01-10,SAP
SAPCONT5491,SAP1491,mobile,9786599459,SC003,COMP003,PLANT03,MG03,2026-03-01,SAP
SAPCONT5937,SAP1937,email,anjali.dubey71@sap.com,SC006,COMP001,PLANT01,MG01,2026-01-07,SAP
SAPCONT5315,SAP1315,email,anjali.pandey11@sap.com,SC017,COMP003,PLANT03,MG03,2026-01-09,SAP
SAPCONT5370,SAP1370,mobile,9660268827,SC020,COMP002,PLANT02,MG02,2026-03-25,SAP
SAPCONT5537,SAP1537,phone,9495909986,SC014,COMP001,PLANT01,MG01,2026-01-12,SAP
SAPCONT5283,SAP1283,phone,9474864171,SC008,COMP003,PLANT03,MG03,2026-03-01,SAP
SAPCONT5018,SAP1018,work_email,sanjay.kaur73@sap.com,SC015,COMP002,PLANT02,MG02,2026-03-10,SAP
SAPCONT5337,SAP1337,landline,kavita.kapoor79@sap.com,SC004,COMP001,PLANT01,MG01,2026-01-10,SAP
SAPCONT5654,SAP1654,work_email,shreya.srivastava3@sap.com,SC014,COMP006,PLANT06,MG06,2026-01-29,SAP
SAPCONT5826,SAP1826,landline,suresh.rao14@sap.com,SC001,COMP002,PLANT02,MG02,2026-03-11,SAP
SAPCONT5395,SAP1395,mobile,9174688977,SC014,COMP003,PLANT03,MG03,2026-01-17,SAP
SAPCONT5425,SAP1425,email,ravi.mishra96@sap.com,SC006,COMP001,PLANT01,MG01,2026-01-30,SAP
SAPCONT5540,SAP1540,phone,9860120833,SC020,COMP004,PLANT04,MG04,2026-03-29,SAP
SAPCONT5715,SAP1715,work_email,sunita.chopra11@sap.com,SC001,COMP003,PLANT03,MG03,2026-02-22,SAP
SAPCONT5514,SAP1514,work_email,ajay.patel81@sap.com,SC014,COMP002,PLANT02,MG02,2026-01-28,SAP
SAPCONT5107,SAP1107,phone,9451409961,SC009,COMP003,PLANT03,MG03,2026-01-31,SAP
SAPCONT5908,SAP1908,work_email,rekha.reddy42@sap.com,SC006,COMP004,PLANT04,MG04,2026-02-06,SAP
SAPCONT5523,SAP1523,mobile,9448402535,SC007,COMP003,PLANT03,MG03,2026-01-28,SAP
SAPCONT5829,SAP1829,work_email,neha.tiwari93@sap.com,SC011,COMP005,PLANT05,MG05,2026-02-02,SAP
SAPCONT5841,SAP1841,email,pooja.rao25@sap.com,SC001,COMP001,PLANT01,MG01,2026-02-15,SAP
SAPCONT5222,SAP1222,landline,ramesh.chopra15@sap.com,SC010,COMP006,PLANT06,MG06,2026-02-16,SAP
SAPCONT5576,SAP1576,mobile,9810946459,SC006,COMP008,PLANT08,MG08,2026-03-07,SAP
SAPCONT5100,SAP1100,landline,meena.dubey99@sap.com,SC001,COMP004,PLANT04,MG04,2026-02-14,SAP
SAPCONT5669,SAP1669,phone,9775075333,SC001,COMP005,PLANT05,MG05,2026-03-25,SAP
SAPCONT5197,SAP1197,work_email,amit.dubey33@sap.com,SC011,COMP005,PLANT05,MG05,2026-02-16,SAP
SAPCONT5039,SAP1039,mobile,9543309655,SC016,COMP007,PLANT07,MG07,2026-03-05,SAP
SAPCONT5393,SAP1393,mobile,9559979486,SC015,COMP001,PLANT01,MG01,2026-02-11,SAP
SAPCONT5383,SAP1383,landline,kavita.verma76@sap.com,SC017,COMP007,PLANT07,MG07,2026-03-11,SAP
SAPCONT5180,SAP1180,work_email,vikas.pandey69@sap.com,SC020,COMP004,PLANT04,MG04,2026-03-03,SAP
SAPCONT5931,SAP1931,phone,9711696280,SC018,COMP003,PLANT03,MG03,2026-01-10,SAP
SAPCONT5116,SAP1116,email,ramesh.shah5@sap.com,SC009,COMP004,PLANT04,MG04,2026-02-04,SAP
SAPCONT5233,SAP1233,email,karan.chopra42@sap.com,SC020,COMP001,PLANT01,MG01,2026-01-29,SAP
SAPCONT5534,SAP1534,email,shreya.rao76@sap.com,SC003,COMP006,PLANT06,MG06,2026-01-26,SAP
SAPCONT5685,SAP1685,email,manish.reddy2@sap.com,SC011,COMP005,PLANT05,MG05,2026-01-18,SAP
SAPCONT5253,SAP1253,work_email,karan.shah32@sap.com,SC005,COMP005,PLANT05,MG05,2026-01-30,SAP
SAPCONT5893,SAP1893,email,anita.mishra35@sap.com,SC014,COMP005,PLANT05,MG05,2026-01-05,SAP
SAPCONT5917,SAP1917,landline,rajiv.sharma15@sap.com,SC014,COMP005,PLANT05,MG05,2026-01-30,SAP
SAPCONT5789,SAP1789,email,divya.shah75@sap.com,SC010,COMP005,PLANT05,MG05,2026-02-28,SAP
SAPCONT5325,SAP1325,email,meena.tiwari9@sap.com,SC008,COMP005,PLANT05,MG05,2026-01-17,SAP
SAPCONT5135,SAP1135,work_email,harish.shah36@sap.com,SC017,COMP007,PLANT07,MG07,2026-01-20,SAP
SAPCONT5355,SAP1355,landline,meena.iyer15@sap.com,SC010,COMP003,PLANT03,MG03,2026-01-24,SAP
SAPCONT5351,SAP1351,work_email,sneha.verma82@sap.com,SC007,COMP007,PLANT07,MG07,2026-03-02,SAP
SAPCONT5169,SAP1169,landline,amit.chopra55@sap.com,SC002,COMP001,PLANT01,MG01,2026-01-09,SAP
SAPCONT5722,SAP1722,mobile,9813194112,SC011,COMP002,PLANT02,MG02,2026-02-27,SAP
SAPCONT5413,SAP1413,mobile,9955025299,SC009,COMP005,PLANT05,MG05,2026-03-06,SAP
SAPCONT5305,SAP1305,email,meena.desai76@sap.com,SC013,COMP001,PLANT01,MG01,2026-02-20,SAP
SAPCONT5129,SAP1129,phone,9370955377,SC015,COMP001,PLANT01,MG01,2026-03-14,SAP
SAPCONT5083,SAP1083,phone,9328737589,SC018,COMP003,PLANT03,MG03,2026-02-01,SAP
SAPCONT5724,SAP1724,email,sneha.chopra48@sap.com,SC005,COMP004,PLANT04,MG04,2026-03-17,SAP
SAPCONT5553,SAP1553,mobile,9917286217,SC018,COMP001,PLANT01,MG01,2026-01-11,SAP
SAPCONT5604,SAP1604,work_email,karan.srivastava22@sap.com,SC013,COMP004,PLANT04,MG04,2026-02-12,SAP
SAPCONT5500,SAP1500,landline,deepak.kumar68@sap.com,SC003,COMP004,PLANT04,MG04,2026-01-08,SAP
SAPCONT5618,SAP1618,landline,vinod.verma26@sap.com,SC001,COMP002,PLANT02,MG02,2026-02-13,SAP
SAPCONT5580,SAP1580,work_email,meena.mehta53@sap.com,SC012,COMP004,PLANT04,MG04,2026-01-21,SAP
SAPCONT5264,SAP1264,phone,9987280035,SC013,COMP008,PLANT08,MG08,2026-02-03,SAP
SAPCONT5752,SAP1752,phone,9277629541,SC005,COMP008,PLANT08,MG08,2026-01-09,SAP
SAPCONT5250,SAP1250,work_email,karan.banerjee5@sap.com,SC015,COMP002,PLANT02,MG02,2026-01-08,SAP
SAPCONT5183,SAP1183,landline,priya.rao41@sap.com,SC018,COMP007,PLANT07,MG07,2026-03-10,SAP
SAPCONT5896,SAP1896,phone,9523426114,SC006,COMP008,PLANT08,MG08,2026-02-21,SAP
SAPCONT5346,SAP1346,landline,sanjay.guptha34@sap.com,SC015,COMP002,PLANT02,MG02,2026-02-22,SAP
SAPCONT5250,SAP1250,work_email,karan.banerjee5@sap.com,SC015,COMP002,PLANT02,MG02,2026-01-08,SAP
SAPCONT5291,SAP1291,phone,9583026820,SC020,COMP003,PLANT03,MG03,2026-02-07,SAP
SAPCONT5398,SAP1398,landline,ajay.shah30@sap.com,SC018,COMP006,PLANT06,MG06,2026-03-08,SAP
SAPCONT5240,SAP1240,phone,9316134854,SC009,COMP008,PLANT08,MG08,2026-03-27,SAP
SAPCONT5070,SAP1070,work_email,sneha.dubey87@sap.com,SC020,COMP006,PLANT06,MG06,2026-01-14,SAP
SAPCONT5456,SAP1456,mobile,9385095375,SC001,COMP008,PLANT08,MG08,2026-03-28,SAP
SAPCONT5853,SAP1853,work_email,sanjay.kaur51@sap.com,SC014,COMP005,PLANT05,MG05,2026-01-06,SAP
SAPCONT5777,SAP1777,email,john.nair45@sap.com,SC003,COMP001,PLANT01,MG01,2026-02-10,SAP
SAPCONT5882,SAP1882,work_email,manish.iyer86@sap.com,SC006,COMP002,PLANT02,MG02,2026-01-03,SAP
SAPCONT5445,SAP1445,work_email,vinod.guptha72@sap.com,SC015,COMP005,PLANT05,MG05,2026-02-14,SAP
SAPCONT5219,SAP1219,mobile,9616827287,SC015,COMP003,PLANT03,MG03,2026-02-27,SAP
SAPCONT5393,SAP1393,mobile,9559979486,SC015,COMP001,PLANT01,MG01,2026-02-11,SAP
SAPCONT5439,SAP1439,phone,9494938707,SC010,COMP007,PLANT07,MG07,2026-03-20,SAP
SAPCONT5484,SAP1484,landline,arvind.joshi99@sap.com,SC001,COMP004,PLANT04,MG04,2026-03-09,SAP
SAPCONT5239,SAP1239,phone,9275165198,SC014,COMP007,PLANT07,MG07,2026-03-20,SAP
SAPCONT5185,SAP1185,landline,jane.kapoor96@sap.com,SC013,COMP001,PLANT01,MG01,2026-02-14,SAP
SAPCONT5033,SAP1033,work_email,meera.menon81@sap.com,SC020,COMP001,PLANT01,MG01,2026-02-28,SAP
SAPCONT5935,SAP1935,phone,9046744940,SC006,COMP007,PLANT07,MG07,2026-02-24,SAP
SAPCONT5004,SAP1004,work_email,prakash.kumar10@sap.com,SC001,COMP004,PLANT04,MG04,2026-02-23,SAP
SAPCONT5877,SAP1877,landline,neha.yadav91@sap.com,SC005,COMP005,PLANT05,MG05,2026-01-12,SAP
SAPCONT5723,SAP1723,phone,9414020849,SC001,COMP003,PLANT03,MG03,2026-01-19,SAP
SAPCONT5906,SAP1906,email,seema.dubey58@sap.com,SC006,COMP002,PLANT02,MG02,2026-03-23,SAP
SAPCONT5758,SAP1758,email,sunil.chopra16@sap.com,SC013,COMP006,PLANT06,MG06,2026-02-06,SAP
SAPCONT5526,SAP1526,phone,9208163975,SC013,COMP006,PLANT06,MG06,2026-01-10,SAP
SAPCONT5688,SAP1688,landline,karan.pandey17@sap.com,SC006,COMP008,PLANT08,MG08,2026-02-15,SAP
SAPCONT5444,SAP1444,email,sunita.yadav1@sap.com,SC001,COMP004,PLANT04,MG04,2026-03-13,SAP
SAPCONT5172,SAP1172,landline,manish.guptha78@sap.com,SC015,COMP004,PLANT04,MG04,2026-01-12,SAP
SAPCONT5055,SAP1055,landline,suresh.sharma13@sap.com,SC010,COMP007,PLANT07,MG07,2026-03-30,SAP
SAPCONT5395,SAP1395,mobile,9174688977,SC014,COMP003,PLANT03,MG03,2026-01-17,SAP
SAPCONT5898,SAP1898,work_email,rohit.kaur15@sap.com,SC010,COMP002,PLANT02,MG02,2026-02-26,SAP
SAPCONT5814,SAP1814,mobile,9392033428,SC005,COMP006,PLANT06,MG06,2026-01-11,SAP
SAPCONT5823,SAP1823,phone,9863610055,SC006,COMP007,PLANT07,MG07,2026-01-13,SAP
SAPCONT5297,SAP1297,work_email,anita.reddy80@sap.com,SC012,COMP001,PLANT01,MG01,2026-02-18,SAP
SAPCONT5608,SAP1608,mobile,9707553575,SC001,COMP008,PLANT08,MG08,2026-02-13,SAP
SAPCONT5921,SAP1921,landline,karan.agarwal71@sap.com,SC015,COMP001,PLANT01,MG01,2026-02-21,SAP
SAPCONT5326,SAP1326,work_email,suresh.mishra54@sap.com,SC014,COMP006,PLANT06,MG06,2026-02-12,SAP
SAPCONT5154,SAP1154,work_email,pooja.kaur83@sap.com,SC011,COMP002,PLANT02,MG02,2026-02-23,SAP
SAPCONT5467,SAP1467,mobile,9731017560,SC006,COMP003,PLANT03,MG03,2026-01-17,SAP
SAPCONT5311,SAP1311,phone,9109278250,SC006,COMP007,PLANT07,MG07,2026-02-26,SAP
SAPCONT5593,SAP1593,phone,9464411913,SC015,COMP001,PLANT01,MG01,2026-03-24,SAP
SAPCONT5646,SAP1646,landline,karan.mishra22@sap.com,SC016,COMP006,PLANT06,MG06,2026-03-29,SAP
SAPCONT5071,SAP1071,work_email,pooja.kumar32@sap.com,SC018,COMP007,PLANT07,MG07,2026-02-18,SAP
SAPCONT5075,SAP1075,work_email,amit.dubey97@sap.com,SC020,COMP003,PLANT03,MG03,2026-03-31,SAP
SAPCONT5749,SAP1749,phone,9144100595,SC001,COMP005,PLANT05,MG05,2026-03-19,SAP
SAPCONT5026,SAP1026,phone,9733259535,SC017,COMP002,PLANT02,MG02,2026-02-14,SAP
SAPCONT5519,SAP1519,email,rajiv.malhotra53@sap.com,SC016,COMP007,PLANT07,MG07,2026-03-19,SAP
SAPCONT5389,SAP1389,work_email,rekha.sharma97@sap.com,SC005,COMP005,PLANT05,MG05,2026-02-04,SAP
SAPCONT5391,SAP1391,phone,9417556223,SC006,COMP007,PLANT07,MG07,2026-02-08,SAP
SAPCONT5679,SAP1679,landline,ajay.sharma69@sap.com,SC015,COMP007,PLANT07,MG07,2026-01-07,SAP
SAPCONT5840,SAP1840,landline,john.dubey16@sap.com,SC011,COMP008,PLANT08,MG08,2026-03-01,SAP
SAPCONT5598,SAP1598,mobile,9335642683,SC015,COMP006,PLANT06,MG06,2026-01-20,SAP
SAPCONT5157,SAP1157,work_email,shalini.gupta97@sap.com,SC019,COMP005,PLANT05,MG05,2026-02-19,SAP
SAPCONT5407,SAP1407,email,meena.gupta81@sap.com,SC007,COMP007,PLANT07,MG07,2026-03-13,SAP
SAPCONT5285,SAP1285,phone,9527776298,SC006,COMP005,PLANT05,MG05,2026-02-06,SAP
SAPCONT5160,SAP1160,work_email,shreya.agarwal59@sap.com,SC020,COMP008,PLANT08,MG08,2026-01-02,SAP
SAPCONT5812,SAP1812,work_email,prakash.gupta10@sap.com,SC005,COMP004,PLANT04,MG04,2026-03-09,SAP
SAPCONT5056,SAP1056,work_email,shalini.agarwal71@sap.com,SC007,COMP008,PLANT08,MG08,2026-01-29,SAP
SAPCONT5731,SAP1731,phone,9841403648,SC017,COMP003,PLANT03,MG03,2026-03-07,SAP
SAPCONT5474,SAP1474,mobile,9574317840,SC009,COMP002,PLANT02,MG02,2026-02-09,SAP
SAPCONT5343,SAP1343,phone,9037766611,SC016,COMP007,PLANT07,MG07,2026-03-02,SAP
SAPCONT5918,SAP1918,mobile,9684528657,SC017,COMP006,PLANT06,MG06,2026-01-30,SAP
SAPCONT5419,SAP1419,phone,9351083851,SC018,COMP003,PLANT03,MG03,2026-03-22,SAP
SAPCONT5122,SAP1122,landline,john.patil54@sap.com,SC014,COMP002,PLANT02,MG02,2026-03-23,SAP
SAPCONT5615,SAP1615,work_email,manish.menon33@sap.com,SC003,COMP007,PLANT07,MG07,2026-01-09,SAP
SAPCONT5089,SAP1089,email,vikas.gupta12@sap.com,SC010,COMP001,PLANT01,MG01,2026-03-18,SAP
SAPCONT5862,SAP1862,email,rahul.srivastava25@sap.com,SC003,COMP006,PLANT06,MG06,2026-03-15,SAP
SAPCONT5055,SAP1055,landline,suresh.sharma13@sap.com,SC010,COMP007,PLANT07,MG07,2026-03-30,SAP
SAPCONT5571,SAP1571,landline,divya.sharma28@sap.com,SC019,COMP003,PLANT03,MG03,2026-01-31,SAP
SAPCONT5369,SAP1369,work_email,john.yadav67@sap.com,SC003,COMP001,PLANT01,MG01,2026-01-06,SAP
SAPCONT5282,SAP1282,email,karan.kaur93@sap.com,SC003,COMP002,PLANT02,MG02,2026-03-21,SAP
SAPCONT5766,SAP1766,phone,9223881627,SC003,COMP006,PLANT06,MG06,2026-01-29,SAP
SAPCONT5822,SAP1822,phone,9702778870,SC008,COMP006,PLANT06,MG06,2026-01-02,SAP
SAPCONT5464,SAP1464,mobile,9878601730,SC015,COMP008,PLANT08,MG08,2026-03-07,SAP
SAPCONT5594,SAP1594,phone,9182715433,SC011,COMP002,PLANT02,MG02,2026-03-28,SAP
SAPCONT5793,SAP1793,work_email,vikas.mehta69@sap.com,SC006,COMP001,PLANT01,MG01,2026-01-22,SAP
SAPCONT5178,SAP1178,work_email,ramesh.nair71@sap.com,SC020,COMP002,PLANT02,MG02,2026-03-21,SAP
SAPCONT5191,SAP1191,mobile,9239926404,SC003,COMP007,PLANT07,MG07,2026-01-18,SAP
SAPCONT5350,SAP1350,phone,9191140154,SC016,COMP006,PLANT06,MG06,2026-03-24,SAP
SAPCONT5689,SAP1689,phone,9336508673,SC009,COMP001,PLANT01,MG01,2026-03-23,SAP
SAPCONT5737,SAP1737,email,neha.patel6@sap.com,SC010,COMP001,PLANT01,MG01,2026-03-28,SAP
SAPCONT5661,SAP1661,email,amit.reddy47@sap.com,SC018,COMP005,PLANT05,MG05,2026-02-18,SAP
SAPCONT5570,SAP1570,email,vinay.sharma27@sap.com,SC016,COMP002,PLANT02,MG02,2026-01-24,SAP
SAPCONT5215,SAP1215,landline,kavita.kaur24@sap.com,SC019,COMP007,PLANT07,MG07,2026-01-11,SAP
SAPCONT5713,SAP1713,email,ramesh.yadav55@sap.com,SC016,COMP001,PLANT01,MG01,2026-01-10,SAP
SAPCONT5492,SAP1492,phone,9168361452,SC008,COMP004,PLANT04,MG04,2026-01-04,SAP
SAPCONT5411,SAP1411,work_email,arvind.rao14@sap.com,SC016,COMP003,PLANT03,MG03,2026-02-19,SAP
SAPCONT5942,SAP1942,email,shalini.banerjee59@sap.com,SC005,COMP006,PLANT06,MG06,2026-01-10,SAP
SAPCONT5744,SAP1744,landline,shalini.patel62@sap.com,SC019,COMP008,PLANT08,MG08,2026-02-23,SAP
SAPCONT5603,SAP1603,phone,9990053490,SC015,COMP003,PLANT03,MG03,2026-02-01,SAP
SAPCONT5328,SAP1328,email,shreya.pandey54@sap.com,SC019,COMP008,PLANT08,MG08,2026-02-07,SAP
SAPCONT5729,SAP1729,phone,9865825024,SC016,COMP001,PLANT01,MG01,2026-01-18,SAP
SAPCONT5640,SAP1640,landline,meera.kumar94@sap.com,SC020,COMP008,PLANT08,MG08,2026-01-01,SAP
SAPCONT5684,SAP1684,landline,rajiv.shah67@sap.com,SC011,COMP004,PLANT04,MG04,2026-01-12,SAP
SAPCONT5932,SAP1932,landline,sunita.mishra15@sap.com,SC015,COMP004,PLANT04,MG04,2026-01-20,SAP
SAPCONT5496,SAP1496,email,divya.mishra25@sap.com,SC009,COMP008,PLANT08,MG08,2026-03-23,SAP
SAPCONT5544,SAP1544,landline,suresh.kapoor13@sap.com,SC002,COMP008,PLANT08,MG08,2026-01-21,SAP
SAPCONT5378,SAP1378,work_email,arjun.malhotra14@sap.com,SC020,COMP002,PLANT02,MG02,2026-03-17,SAP
SAPCONT5429,SAP1429,work_email,prakash.mishra92@sap.com,SC013,COMP005,PLANT05,MG05,2026-02-13,SAP
SAPCONT5341,SAP1341,phone,9456435000,SC018,COMP005,PLANT05,MG05,2026-01-17,SAP
SAPCONT5480,SAP1480,work_email,suresh.singh12@sap.com,SC008,COMP008,PLANT08,MG08,2026-02-04,SAP
SAPCONT5506,SAP1506,mobile,9015334079,SC007,COMP002,PLANT02,MG02,2026-02-17,SAP
SAPCONT5696,SAP1696,landline,rajiv.dubey64@sap.com,SC001,COMP008,PLANT08,MG08,2026-02-28,SAP
SAPCONT5244,SAP1244,email,sanjay.agarwal61@sap.com,SC017,COMP004,PLANT04,MG04,2026-02-18,SAP
SAPCONT5027,SAP1027,work_email,arvind.verma28@sap.com,SC016,COMP003,PLANT03,MG03,2026-01-07,SAP
SAPCONT5045,SAP1045,work_email,shreya.mehta19@sap.com,SC015,COMP005,PLANT05,MG05,2026-02-04,SAP
SAPCONT5844,SAP1844,work_email,karan.pandey66@sap.com,SC013,COMP004,PLANT04,MG04,2026-01-06,SAP
SAPCONT5772,SAP1772,email,shreya.desai65@sap.com,SC007,COMP004,PLANT04,MG04,2026-03-18,SAP
SAPCONT5490,SAP1490,landline,vinay.menon96@sap.com,SC004,COMP002,PLANT02,MG02,2026-03-02,SAP
SAPCONT5816,SAP1816,mobile,9685171764,SC015,COMP008,PLANT08,MG08,2026-03-28,SAP
SAPCONT5754,SAP1754,phone,9892567671,SC013,COMP002,PLANT02,MG02,2026-01-05,SAP
SAPCONT5730,SAP1730,landline,karan.agarwal34@sap.com,SC003,COMP002,PLANT02,MG02,2026-03-09,SAP
SAPCONT5769,SAP1769,email,ravi.guptha74@sap.com,SC016,COMP001,PLANT01,MG01,2026-02-01,SAP
SAPCONT5175,SAP1175,mobile,9932236102,SC011,COMP007,PLANT07,MG07,2026-02-17,SAP
SAPCONT5324,SAP1324,email,meena.desai42@sap.com,SC012,COMP004,PLANT04,MG04,2026-02-15,SAP
SAPCONT5220,SAP1220,phone,9320258916,SC009,COMP004,PLANT04,MG04,2026-01-29,SAP
SAPCONT5539,SAP1539,phone,9276567310,SC020,COMP003,PLANT03,MG03,2026-01-31,SAP
SAPCONT5263,SAP1263,phone,9813014350,SC019,COMP007,PLANT07,MG07,2026-03-30,SAP
SAPCONT5859,SAP1859,email,vinod.patil94@sap.com,SC011,COMP003,PLANT03,MG03,2026-03-25,SAP
SAPCONT5171,SAP1171,landline,suresh.patel95@sap.com,SC015,COMP003,PLANT03,MG03,2026-03-30,SAP
SAPCONT5705,SAP1705,landline,ramesh.verma37@sap.com,SC005,COMP001,PLANT01,MG01,2026-03-16,SAP
SAPCONT5463,SAP1463,work_email,rohit.patel21@sap.com,SC018,COMP007,PLANT07,MG07,2026-02-02,SAP
SAPCONT5021,SAP1021,work_email,rohit.malhotra6@sap.com,SC017,COMP005,PLANT05,MG05,2026-02-18,SAP
SAPCONT5944,SAP1944,work_email,anita.verma43@sap.com,SC020,COMP008,PLANT08,MG08,2026-03-01,SAP
SAPCONT5080,SAP1080,landline,deepak.patil33@sap.com,SC018,COMP008,PLANT08,MG08,2026-03-26,SAP
SAPCONT5585,SAP1585,phone,9195606223,SC001,COMP001,PLANT01,MG01,2026-02-03,SAP
SAPCONT5869,SAP1869,work_email,lakshmi.chopra55@sap.com,SC009,COMP005,PLANT05,MG05,2026-01-29,SAP
SAPCONT5396,SAP1396,landline,alok.gupta46@sap.com,SC005,COMP004,PLANT04,MG04,2026-01-20,SAP
SAPCONT5790,SAP1790,work_email,seema.sharma39@sap.com,SC008,COMP006,PLANT06,MG06,2026-01-31,SAP
SAPCONT5479,SAP1479,phone,9392042746,SC001,COMP007,PLANT07,MG07,2026-03-02,SAP
SAPCONT5485,SAP1485,work_email,sachin.shah52@sap.com,SC005,COMP005,PLANT05,MG05,2026-01-30,SAP
SAPCONT5187,SAP1187,work_email,amit.srivastava8@sap.com,SC017,COMP003,PLANT03,MG03,2026-01-01,SAP
SAPCONT5041,SAP1041,phone,9261341076,SC009,COMP001,PLANT01,MG01,2026-03-02,SAP
SAPCONT5643,SAP1643,phone,9564710874,SC014,COMP003,PLANT03,MG03,2026-01-04,SAP
SAPCONT5455,SAP1455,mobile,9622805660,SC020,COMP007,PLANT07,MG07,2026-01-09,SAP
SAPCONT5066,SAP1066,landline,divya.bajaj56@sap.com,SC013,COMP002,PLANT02,MG02,2026-02-12,SAP
SAPCONT5426,SAP1426,landline,arjun.singh77@sap.com,SC017,COMP002,PLANT02,MG02,2026-01-28,SAP
SAPCONT5616,SAP1616,work_email,alok.banerjee46@sap.com,SC019,COMP008,PLANT08,MG08,2026-02-12,SAP
SAPCONT5743,SAP1743,email,manish.patel34@sap.com,SC009,COMP007,PLANT07,MG07,2026-01-22,SAP
SAPCONT5442,SAP1442,landline,meera.yadav95@sap.com,SC003,COMP002,PLANT02,MG02,2026-01-25,SAP
SAPCONT5056,SAP1056,work_email,shalini.agarwal71@sap.com,SC007,COMP008,PLANT08,MG08,2026-01-29,SAP
SAPCONT5703,SAP1703,mobile,9698713652,SC017,COMP007,PLANT07,MG07,2026-01-04,SAP
SAPCONT5435,SAP1435,work_email,ajay.gupta3@sap.com,SC001,COMP003,PLANT03,MG03,2026-03-21,SAP
SAPCONT5528,SAP1528,landline,anita.tiwari65@sap.com,SC007,COMP008,PLANT08,MG08,2026-02-17,SAP
SAPCONT5817,SAP1817,mobile,9512296801,SC017,COMP001,PLANT01,MG01,2026-03-05,SAP
SAPCONT5714,SAP1714,email,rohit.srivastava78@sap.com,SC011,COMP002,PLANT02,MG02,2026-02-13,SAP
SAPCONT5774,SAP1774,email,arvind.malhotra44@sap.com,SC020,COMP006,PLANT06,MG06,2026-03-08,SAP
SAPCONT5427,SAP1427,phone,9816267781,SC008,COMP003,PLANT03,MG03,2026-03-06,SAP
SAPCONT5702,SAP1702,email,vikas.nair34@sap.com,SC012,COMP006,PLANT06,MG06,2026-03-21,SAP
SAPCONT5209,SAP1209,landline,vinod.kumar7@sap.com,SC001,COMP001,PLANT01,MG01,2026-01-13,SAP
SAPCONT5360,SAP1360,work_email,ajay.patel19@sap.com,SC014,COMP008,PLANT08,MG08,2026-02-28,SAP
SAPCONT5223,SAP1223,email,jane.menon53@sap.com,SC010,COMP007,PLANT07,MG07,2026-03-24,SAP
SAPCONT5449,SAP1449,work_email,meera.shah62@sap.com,SC018,COMP001,PLANT01,MG01,2026-02-26,SAP
SAPCONT5468,SAP1468,mobile,9446922542,SC008,COMP004,PLANT04,MG04,2026-01-28,SAP
SAPCONT5626,SAP1626,mobile,9522585672,SC005,COMP002,PLANT02,MG02,2026-01-23,SAP
SAPCONT5538,SAP1538,email,john.kapoor29@sap.com,SC012,COMP002,PLANT02,MG02,2026-02-11,SAP
SAPCONT5848,SAP1848,phone,9338170103,SC012,COMP008,PLANT08,MG08,2026-02-19,SAP
SAPCONT5268,SAP1268,work_email,sachin.sharma70@sap.com,SC010,COMP004,PLANT04,MG04,2026-01-13,SAP
SAPCONT5105,SAP1105,mobile,9117072298,SC004,COMP001,PLANT01,MG01,2026-03-03,SAP
SAPCONT5005,SAP1005,landline,rohit.srivastava27@sap.com,SC012,COMP005,PLANT05,MG05,2026-03-01,SAP
SAPCONT5376,SAP1376,mobile,9084205240,SC013,COMP008,PLANT08,MG08,2026-03-26,SAP
SAPCONT5012,SAP1012,mobile,9855426751,SC015,COMP004,PLANT04,MG04,2026-03-29,SAP
SAPCONT5547,SAP1547,email,vikas.shah53@sap.com,SC008,COMP003,PLANT03,MG03,2026-03-22,SAP
SAPCONT5150,SAP1150,mobile,9972022409,SC002,COMP006,PLANT06,MG06,2026-01-16,SAP
SAPCONT5006,SAP1006,landline,sanjay.kaur57@sap.com,SC018,COMP006,PLANT06,MG06,2026-01-27,SAP
SAPCONT5323,SAP1323,work_email,seema.agarwal62@sap.com,SC002,COMP003,PLANT03,MG03,2026-02-19,SAP
SAPCONT5232,SAP1232,work_email,amit.srivastava25@sap.com,SC006,COMP008,PLANT08,MG08,2026-03-01,SAP
SAPCONT5638,SAP1638,email,anita.guptha16@sap.com,SC015,COMP006,PLANT06,MG06,2026-01-13,SAP
SAPCONT5447,SAP1447,phone,9455901603,SC009,COMP007,PLANT07,MG07,2026-01-26,SAP
SAPCONT5517,SAP1517,mobile,9976812760,SC002,COMP005,PLANT05,MG05,2026-03-21,SAP
SAPCONT5579,SAP1579,email,prakash.patel95@sap.com,SC003,COMP003,PLANT03,MG03,2026-02-24,SAP
SAPCONT5301,SAP1301,mobile,9282901905,SC005,COMP005,PLANT05,MG05,2026-01-14,SAP
SAPCONT5574,SAP1574,mobile,9367295806,SC002,COMP006,PLANT06,MG06,2026-02-19,SAP
SAPCONT5088,SAP1088,mobile,9571899857,SC012,COMP008,PLANT08,MG08,2026-03-31,SAP
SAPCONT5269,SAP1269,work_email,vinay.singh40@sap.com,SC001,COMP005,PLANT05,MG05,2026-03-18,SAP
SAPCONT5541,SAP1541,email,neha.guptha18@sap.com,SC019,COMP005,PLANT05,MG05,2026-03-22,SAP
SAPCONT5318,SAP1318,mobile,9752632680,SC015,COMP006,PLANT06,MG06,2026-02-04,SAP
SAPCONT5784,SAP1784,landline,rekha.singh15@sap.com,SC006,COMP008,PLANT08,MG08,2026-02-12,SAP
SAPCONT5605,SAP1605,landline,john.bajaj77@sap.com,SC020,COMP005,PLANT05,MG05,2026-01-27,SAP
SAPCONT5796,SAP1796,landline,manish.guptha25@sap.com,SC001,COMP004,PLANT04,MG04,2026-02-12,SAP
SAPCONT5924,SAP1924,email,sneha.mehta55@sap.com,SC007,COMP004,PLANT04,MG04,2026-02-14,SAP
SAPCONT5235,SAP1235,phone,9401941585,SC017,COMP003,PLANT03,MG03,2026-02-10,SAP
SAPCONT5809,SAP1809,email,meena.menon26@sap.com,SC016,COMP001,PLANT01,MG01,2026-01-16,SAP
SAPCONT5412,SAP1412,email,meena.pandey95@sap.com,SC017,COMP004,PLANT04,MG04,2026-02-23,SAP
SAPCONT5308,SAP1308,mobile,9625036793,SC007,COMP004,PLANT04,MG04,2026-02-21,SAP
SAPCONT5884,SAP1884,mobile,9031993257,SC015,COMP004,PLANT04,MG04,2026-01-25,SAP
SAPCONT5655,SAP1655,work_email,alok.reddy22@sap.com,SC008,COMP007,PLANT07,MG07,2026-02-09,SAP
SAPCONT5151,SAP1151,landline,prakash.dubey91@sap.com,SC019,COMP007,PLANT07,MG07,2026-01-22,SAP
SAPCONT5813,SAP1813,phone,9789942198,SC020,COMP005,PLANT05,MG05,2026-02-02,SAP
SAPCONT5120,SAP1120,email,alok.rao61@sap.com,SC009,COMP008,PLANT08,MG08,2026-01-17,SAP
SAPCONT5709,SAP1709,mobile,9190251461,SC017,COMP005,PLANT05,MG05,2026-01-05,SAP
SAPCONT5803,SAP1803,phone,9945602704,SC001,COMP003,PLANT03,MG03,2026-01-16,SAP
SAPCONT5137,SAP1137,work_email,rekha.shah92@sap.com,SC016,COMP001,PLANT01,MG01,2026-01-19,SAP
SAPCONT5472,SAP1472,mobile,9966855521,SC008,COMP008,PLANT08,MG08,2026-01-07,SAP
SAPCONT5290,SAP1290,email,jane.kumar75@sap.com,SC014,COMP002,PLANT02,MG02,2026-03-11,SAP
SAPCONT5175,SAP1175,mobile,9932236102,SC011,COMP007,PLANT07,MG07,2026-02-17,SAP
SAPCONT5885,SAP1885,email,alok.tiwari25@sap.com,SC018,COMP005,PLANT05,MG05,2026-03-26,SAP
SAPCONT5874,SAP1874,email,arvind.mehta57@sap.com,SC001,COMP002,PLANT02,MG02,2026-02-05,SAP
SAPCONT5757,SAP1757,landline,john.yadav68@sap.com,SC012,COMP005,PLANT05,MG05,2026-01-17,SAP
SAPCONT5922,SAP1922,landline,vinay.gupta12@sap.com,SC005,COMP002,PLANT02,MG02,2026-03-24,SAP
SAPCONT5645,SAP1645,mobile,9131707659,SC008,COMP005,PLANT05,MG05,2026-02-16,SAP
SAPCONT5498,SAP1498,mobile,9178243743,SC020,COMP002,PLANT02,MG02,2026-01-11,SAP
SAPCONT5030,SAP1030,mobile,9927519195,SC003,COMP006,PLANT06,MG06,2026-01-25,SAP
SAPCONT5093,SAP1093,phone,9634943260,SC015,COMP005,PLANT05,MG05,2026-02-28,SAP
SAPCONT5640,SAP1640,landline,meera.kumar94@sap.com,SC020,COMP008,PLANT08,MG08,2026-01-01,SAP
SAPCONT5231,SAP1231,email,ajay.mehta33@sap.com,SC004,COMP007,PLANT07,MG07,2026-02-05,SAP
SAPCONT5097,SAP1097,email,manish.shah86@sap.com,SC001,COMP001,PLANT01,MG01,2026-03-30,SAP
SAPCONT5892,SAP1892,mobile,9430873092,SC004,COMP004,PLANT04,MG04,2026-02-05,SAP
SAPCONT5099,SAP1099,work_email,meera.kapoor4@sap.com,SC006,COMP003,PLANT03,MG03,2026-02-02,SAP
SAPCONT5053,SAP1053,email,sunita.dubey19@sap.com,SC009,COMP005,PLANT05,MG05,2026-01-02,SAP
SAPCONT5448,SAP1448,phone,9208436823,SC017,COMP008,PLANT08,MG08,2026-03-04,SAP
SAPCONT5624,SAP1624,phone,9952188116,SC017,COMP008,PLANT08,MG08,2026-01-04,SAP
SAPCONT5221,SAP1221,landline,shalini.agarwal19@sap.com,SC003,COMP005,PLANT05,MG05,2026-03-01,SAP
SAPCONT5878,SAP1878,phone,9110937437,SC001,COMP006,PLANT06,MG06,2026-01-11,SAP
SAPCONT5074,SAP1074,email,meera.verma49@sap.com,SC008,COMP002,PLANT02,MG02,2026-03-21,SAP
SAPCONT5335,SAP1335,landline,jane.guptha98@sap.com,SC013,COMP007,PLANT07,MG07,2026-03-21,SAP
SAPCONT5891,SAP1891,work_email,vinay.mishra55@sap.com,SC004,COMP003,PLANT03,MG03,2026-03-28,SAP
SAPCONT5396,SAP1396,landline,alok.gupta46@sap.com,SC005,COMP004,PLANT04,MG04,2026-01-20,SAP
SAPCONT5495,SAP1495,landline,vinod.kapoor67@sap.com,SC007,COMP007,PLANT07,MG07,2026-02-14,SAP
SAPCONT5708,SAP1708,phone,9122586137,SC015,COMP004,PLANT04,MG04,2026-01-05,SAP
SAPCONT5358,SAP1358,phone,9673563974,SC011,COMP006,PLANT06,MG06,2026-02-19,SAP
SAPCONT5866,SAP1866,mobile,9887450424,SC007,COMP002,PLANT02,MG02,2026-01-18,SAP
SAPCONT5583,SAP1583,email,shalini.srivastava48@sap.com,SC018,COMP007,PLANT07,MG07,2026-01-21,SAP
SAPCONT5481,SAP1481,mobile,9703623899,SC014,COMP001,PLANT01,MG01,2026-01-20,SAP
SAPCONT5785,SAP1785,email,seema.sharma22@sap.com,SC012,COMP001,PLANT01,MG01,2026-01-07,SAP
SAPCONT5259,SAP1259,email,suresh.verma9@sap.com,SC003,COMP003,PLANT03,MG03,2026-03-22,SAP
SAPCONT5230,SAP1230,landline,lakshmi.dubey5@sap.com,SC016,COMP006,PLANT06,MG06,2026-03-05,SAP
SAPCONT5384,SAP1384,email,vikas.kaur88@sap.com,SC005,COMP008,PLANT08,MG08,2026-01-14,SAP
SAPCONT5635,SAP1635,work_email,kavita.chopra44@sap.com,SC005,COMP003,PLANT03,MG03,2026-03-06,SAP
SAPCONT5359,SAP1359,email,kavita.tiwari20@sap.com,SC005,COMP007,PLANT07,MG07,2026-02-07,SAP
SAPCONT5424,SAP1424,work_email,lakshmi.menon6@sap.com,SC018,COMP008,PLANT08,MG08,2026-03-06,SAP
SAPCONT5653,SAP1653,work_email,neha.shah11@sap.com,SC020,COMP005,PLANT05,MG05,2026-03-05,SAP
SAPCONT5015,SAP1015,phone,9154577147,SC015,COMP007,PLANT07,MG07,2026-01-14,SAP
SAPCONT5842,SAP1842,mobile,9414667185,SC001,COMP002,PLANT02,MG02,2026-02-16,SAP
SAPCONT5694,SAP1694,mobile,9540058445,SC018,COMP006,PLANT06,MG06,2026-01-02,SAP
SAPCONT5010,SAP1010,work_email,suresh.gupta87@sap.com,SC020,COMP002,PLANT02,MG02,2026-02-19,SAP
SAPCONT5522,SAP1522,mobile,9290474946,SC006,COMP002,PLANT02,MG02,2026-03-24,SAP
SAPCONT5611,SAP1611,email,alok.nair96@sap.com,SC015,COMP003,PLANT03,MG03,2026-02-07,SAP
SAPCONT5287,SAP1287,phone,9981098881,SC013,COMP007,PLANT07,MG07,2026-01-05,SAP
SAPCONT5628,SAP1628,phone,9184387071,SC008,COMP004,PLANT04,MG04,2026-01-13,SAP
SAPCONT5504,SAP1504,email,ramesh.shah6@sap.com,SC013,COMP008,PLANT08,MG08,2026-01-29,SAP
SAPCONT5675,SAP1675,landline,vikas.menon72@sap.com,SC012,COMP003,PLANT03,MG03,2026-03-27,SAP
SAPCONT5013,SAP1013,mobile,9379474861,SC002,COMP005,PLANT05,MG05,2026-02-02,SAP
SAPCONT5559,SAP1559,landline,deepak.patil74@sap.com,SC016,COMP007,PLANT07,MG07,2026-01-09,SAP
SAPCONT5843,SAP1843,mobile,9265224349,SC011,COMP003,PLANT03,MG03,2026-01-12,SAP
SAPCONT5435,SAP1435,work_email,ajay.gupta3@sap.com,SC001,COMP003,PLANT03,MG03,2026-03-21,SAP
SAPCONT5084,SAP1084,landline,anjali.patel65@sap.com,SC020,COMP004,PLANT04,MG04,2026-01-07,SAP
SAPCONT5020,SAP1020,email,harish.kaur48@sap.com,SC009,COMP004,PLANT04,MG04,2026-03-21,SAP
SAPCONT5880,SAP1880,email,kavita.singh70@sap.com,SC002,COMP008,PLANT08,MG08,2026-02-23,SAP
SAPCONT5767,SAP1767,mobile,9110899936,SC016,COMP007,PLANT07,MG07,2026-01-06,SAP
SAPCONT5061,SAP1061,phone,9830846498,SC004,COMP005,PLANT05,MG05,2026-01-03,SAP
SAPCONT5929,SAP1929,landline,suresh.banerjee70@sap.com,SC020,COMP001,PLANT01,MG01,2026-03-08,SAP
SAPCONT5819,SAP1819,work_email,lakshmi.sharma43@sap.com,SC016,COMP003,PLANT03,MG03,2026-02-17,SAP
SAPCONT5738,SAP1738,email,sanjay.patel91@sap.com,SC015,COMP002,PLANT02,MG02,2026-03-27,SAP
SAPCONT5933,SAP1933,email,pooja.rao90@sap.com,SC001,COMP005,PLANT05,MG05,2026-02-03,SAP
SAPCONT5699,SAP1699,phone,9806937668,SC009,COMP003,PLANT03,MG03,2026-03-14,SAP
SAPCONT5930,SAP1930,email,jane.kumar45@sap.com,SC004,COMP002,PLANT02,MG02,2026-03-17,SAP
SAPCONT5704,SAP1704,email,prakash.kaur6@sap.com,SC003,COMP008,PLANT08,MG08,2026-02-12,SAP
SAPCONT5189,SAP1189,mobile,9827370034,SC015,COMP005,PLANT05,MG05,2026-02-04,SAP
SAPCONT5546,SAP1546,landline,kavita.reddy3@sap.com,SC013,COMP002,PLANT02,MG02,2026-02-20,SAP
SAPCONT5438,SAP1438,landline,arvind.guptha47@sap.com,SC009,COMP006,PLANT06,MG06,2026-01-01,SAP
SAPCONT5698,SAP1698,landline,priya.joshi38@sap.com,SC010,COMP002,PLANT02,MG02,2026-01-13,SAP
SAPCONT5281,SAP1281,email,manish.agarwal80@sap.com,SC020,COMP001,PLANT01,MG01,2026-03-12,SAP
SAPCONT5316,SAP1316,phone,9934651590,SC005,COMP004,PLANT04,MG04,2026-01-05,SAP
SAPCONT5218,SAP1218,mobile,9697682764,SC001,COMP002,PLANT02,MG02,2026-01-15,SAP
SAPCONT5310,SAP1310,phone,9540921824,SC020,COMP006,PLANT06,MG06,2026-03-03,SAP
SAPCONT5947,SAP1947,mobile,9529422034,SC016,COMP003,PLANT03,MG03,2026-03-24,SAP
SAPCONT5548,SAP1548,work_email,manish.joshi8@sap.com,SC009,COMP004,PLANT04,MG04,2026-02-04,SAP
SAPCONT5266,SAP1266,email,neha.desai29@sap.com,SC018,COMP002,PLANT02,MG02,2026-01-19,SAP
SAPCONT5184,SAP1184,work_email,ravi.kaur78@sap.com,SC006,COMP008,PLANT08,MG08,2026-03-18,SAP
SAPCONT5535,SAP1535,mobile,9610080478,SC009,COMP007,PLANT07,MG07,2026-03-01,SAP
SAPCONT5914,SAP1914,work_email,suresh.pandey4@sap.com,SC011,COMP002,PLANT02,MG02,2026-03-15,SAP
SAPCONT5132,SAP1132,work_email,shreya.joshi39@sap.com,SC009,COMP004,PLANT04,MG04,2026-03-11,SAP
SAPCONT5792,SAP1792,work_email,alok.gupta97@sap.com,SC008,COMP008,PLANT08,MG08,2026-02-23,SAP
SAPCONT5284,SAP1284,mobile,9460125352,SC006,COMP004,PLANT04,MG04,2026-02-17,SAP
SAPCONT5065,SAP1065,work_email,rohit.shah40@sap.com,SC018,COMP001,PLANT01,MG01,2026-01-25,SAP
SAPCONT5275,SAP1275,email,suresh.reddy17@sap.com,SC006,COMP003,PLANT03,MG03,2026-01-05,SAP
SAPCONT5617,SAP1617,work_email,alok.rao65@sap.com,SC001,COMP001,PLANT01,MG01,2026-03-28,SAP
SAPCONT5452,SAP1452,landline,ravi.gupta38@sap.com,SC018,COMP004,PLANT04,MG04,2026-03-17,SAP
SAPCONT5019,SAP1019,work_email,jane.shah57@sap.com,SC012,COMP003,PLANT03,MG03,2026-01-24,SAP
SAPCONT5499,SAP1499,mobile,9374114563,SC004,COMP003,PLANT03,MG03,2026-01-20,SAP
SAPCONT5641,SAP1641,email,deepak.nair16@sap.com,SC012,COMP001,PLANT01,MG01,2026-01-19,SAP
SAPCONT5745,SAP1745,phone,9555173467,SC010,COMP001,PLANT01,MG01,2026-02-19,SAP
SAPCONT5510,SAP1510,landline,karan.iyer74@sap.com,SC006,COMP006,PLANT06,MG06,2026-01-13,SAP
SAPCONT5441,SAP1441,work_email,rohit.patil41@sap.com,SC008,COMP001,PLANT01,MG01,2026-01-07,SAP
SAPCONT5210,SAP1210,landline,priya.mehta35@sap.com,SC002,COMP002,PLANT02,MG02,2026-01-13,SAP
SAPCONT5158,SAP1158,work_email,seema.dubey29@sap.com,SC017,COMP006,PLANT06,MG06,2026-03-20,SAP
SAPCONT5109,SAP1109,email,john.mehta60@sap.com,SC012,COMP005,PLANT05,MG05,2026-01-03,SAP
SAPCONT5902,SAP1902,email,neha.joshi89@sap.com,SC001,COMP006,PLANT06,MG06,2026-03-30,SAP
SAPCONT5900,SAP1900,work_email,anita.chopra38@sap.com,SC018,COMP004,PLANT04,MG04,2026-02-23,SAP
SAPCONT5063,SAP1063,phone,9990352135,SC018,COMP007,PLANT07,MG07,2026-03-03,SAP
SAPCONT5489,SAP1489,landline,sanjay.iyer94@sap.com,SC011,COMP001,PLANT01,MG01,2026-03-09,SAP
SAPCONT5248,SAP1248,landline,priya.srivastava56@sap.com,SC008,COMP008,PLANT08,MG08,2026-01-22,SAP
SAPCONT5761,SAP1761,phone,9559028503,SC004,COMP001,PLANT01,MG01,2026-01-30,SAP
SAPCONT5390,SAP1390,email,suresh.gupta89@sap.com,SC015,COMP006,PLANT06,MG06,2026-02-15,SAP
SAPCONT5524,SAP1524,mobile,9131602497,SC014,COMP004,PLANT04,MG04,2026-02-21,SAP
SAPCONT5037,SAP1037,email,suresh.chopra72@sap.com,SC019,COMP005,PLANT05,MG05,2026-01-30,SAP
SAPCONT5243,SAP1243,mobile,9816379812,SC012,COMP003,PLANT03,MG03,2026-01-15,SAP
SAPCONT5677,SAP1677,work_email,vinay.rao65@sap.com,SC006,COMP005,PLANT05,MG05,2026-03-03,SAP
SAPCONT5566,SAP1566,work_email,lakshmi.kapoor80@sap.com,SC017,COMP006,PLANT06,MG06,2026-03-20,SAP
SAPCONT5292,SAP1292,mobile,9554357001,SC020,COMP004,PLANT04,MG04,2026-03-27,SAP
SAPCONT5249,SAP1249,work_email,sunil.nair48@sap.com,SC007,COMP001,PLANT01,MG01,2026-02-26,SAP
SAPCONT5700,SAP1700,landline,sunita.verma36@sap.com,SC018,COMP004,PLANT04,MG04,2026-03-16,SAP
SAPCONT5572,SAP1572,work_email,arvind.bajaj40@sap.com,SC001,COMP004,PLANT04,MG04,2026-02-01,SAP
SAPCONT5108,SAP1108,phone,9034993260,SC013,COMP004,PLANT04,MG04,2026-03-01,SAP
SAPCONT5466,SAP1466,email,ramesh.desai14@sap.com,SC019,COMP002,PLANT02,MG02,2026-01-13,SAP
SAPCONT5838,SAP1838,phone,9462122340,SC019,COMP006,PLANT06,MG06,2026-02-07,SAP
SAPCONT5251,SAP1251,work_email,meena.mishra86@sap.com,SC004,COMP003,PLANT03,MG03,2026-03-28,SAP
SAPCONT5090,SAP1090,work_email,jane.kapoor82@sap.com,SC006,COMP002,PLANT02,MG02,2026-03-13,SAP
SAPCONT5899,SAP1899,email,amit.reddy98@sap.com,SC013,COMP003,PLANT03,MG03,2026-01-30,SAP
SAPCONT5122,SAP1122,landline,john.patil54@sap.com,SC014,COMP002,PLANT02,MG02,2026-03-23,SAP
SAPCONT5217,SAP1217,mobile,9639721759,SC018,COMP001,PLANT01,MG01,2026-03-25,SAP
SAPCONT5639,SAP1639,phone,9659477845,SC013,COMP007,PLANT07,MG07,2026-03-13,SAP
SAPCONT5165,SAP1165,landline,sneha.patel97@sap.com,SC004,COMP005,PLANT05,MG05,2026-03-22,SAP
SAPCONT5245,SAP1245,work_email,priya.mishra31@sap.com,SC012,COMP005,PLANT05,MG05,2026-03-24,SAP
SAPCONT5085,SAP1085,email,sneha.kumar41@sap.com,SC002,COMP005,PLANT05,MG05,2026-03-27,SAP
SAPCONT5371,SAP1371,landline,sunil.reddy52@sap.com,SC008,COMP003,PLANT03,MG03,2026-02-16,SAP
SAPCONT5901,SAP1901,mobile,9077174679,SC017,COMP005,PLANT05,MG05,2026-03-12,SAP
SAPCONT5314,SAP1314,landline,shreya.yadav53@sap.com,SC020,COMP002,PLANT02,MG02,2026-01-05,SAP
SAPCONT5023,SAP1023,email,harish.iyer39@sap.com,SC007,COMP007,PLANT07,MG07,2026-03-28,SAP
SAPCONT5919,SAP1919,landline,rekha.srivastava16@sap.com,SC012,COMP007,PLANT07,MG07,2026-03-15,SAP
