account_id,account_name,industry,account_owner,account_group,company_code,plant_id,material_group,created_ts,source_system
SAPACC5583,Banerjee Pharmaceuticals Ltd,Manufacturing,Ramesh Verma,AG007,COMP007,PLANT07,MG07,2026-02-17,SAP
SAPACC5376,Reddy Retail Ltd,Healthcare,Deepak Malhotra,AG008,COMP008,PLANT08,MG08,2026-03-04,SAP
SAPACC5835,Iyer Foods Ltd,Financial Services,Kavita Tiwari,AG003,COMP003,PLANT03,MG03,2026-03-27,SAP
SAPACC5244,Kaur Enterprises Ltd,Manufacturing,Priya Srivastava,AG004,COMP004,PLANT04,MG04,2026-03-16,SAP
SAPACC5123,Mehta Textiles Ltd,Healthcare,Divya Kaur,AG003,COMP003,PLANT03,MG03,2026-03-16,SAP
SAPACC5375,Rao Services Ltd,Healthcare,Prakash Desai,AG007,COMP007,PLANT07,MG07,2026-03-29,SAP
SAPACC5180,Patil Industries Ltd,Manufacturing,Sunil Patil,AG004,COMP004,PLANT04,MG04,2026-03-14,SAP
SAPACC5930,Shah Services Ltd,Retail,Rajiv Reddy,AG002,COMP002,PLANT02,MG02,2026-02-28,SAP
SAPACC5426,Dubey Technologies Ltd,Transportation,Meera Pandey,AG002,COMP002,PLANT02,MG02,2026-01-16,SAP
SAPACC5410,Joshi Finance Ltd,Technology,Vinay Rao,AG002,COMP002,PLANT02,MG02,2026-01-01,SAP
SAPACC5115,Sharma Industries Ltd,Retail,Sunil Pandey,AG003,COMP003,PLANT03,MG03,2026-03-26,SAP
SAPACC5478,Malhotra Technologies Ltd,Financial Services,Vinod Verma,AG006,COMP006,PLANT06,MG06,2026-02-06,SAP
SAPACC5806,Srivastava Retail Ltd,Manufacturing,Ravi Shah,AG006,COMP006,PLANT06,MG06,2026-01-03,SAP
SAPACC5445,Malhotra Consulting Ltd,Technology,Manish Bajaj,AG005,COMP005,PLANT05,MG05,2026-03-19,SAP
SAPACC5889,Joshi Technologies Ltd,Technology,Ravi Yadav,AG001,COMP001,PLANT01,MG01,2026-01-20,SAP
SAPACC5278,Kumar Retail Ltd,Financial Services,Vikas Malhotra,AG006,COMP006,PLANT06,MG06,2026-03-22,SAP
SAPACC5302,Kumar Pharmaceuticals Ltd,Technology,Suresh Nair,AG006,COMP006,PLANT06,MG06,2026-03-08,SAP
SAPACC5320,Chopra Enterprises Ltd,Technology,Deepak Nair,AG008,COMP008,PLANT08,MG08,2026-02-07,SAP
SAPACC5262,Agarwal Enterprises Ltd,Financial Services,Rahul Pandey,AG006,COMP006,PLANT06,MG06,2026-01-19,SAP
SAPACC5352,Malhotra Technologies Ltd,Technology,Ajay Sharma,AG008,COMP008,PLANT08,MG08,2026-01-16,SAP
SAPACC5383,Menon Traders Ltd,Manufacturing,Ravi Iyer,AG007,COMP007,PLANT07,MG07,2026-02-13,SAP
SAPACC5125,Srivastava Technologies Ltd,Manufacturing,Sunil Guptha,AG005,COMP005,PLANT05,MG05,2026-02-26,SAP
SAPACC5854,Tiwari Healthcare Ltd,Retail,Rahul Iyer,AG006,COMP006,PLANT06,MG06,2026-01-16,SAP
SAPACC5424,Agarwal Foods Ltd,Technology,Meena Desai,AG008,COMP008,PLANT08,MG08,2026-02-08,SAP
SAPACC5892,Malhotra Technologies Ltd,Technology,Amit Chopra,AG004,COMP004,PLANT04,MG04,2026-03-13,SAP
SAPACC5793,Yadav Consulting Ltd,Financial Services,Sunil Mishra,AG001,COMP001,PLANT01,MG01,2026-02-08,SAP
SAPACC5440,Nair Finance Ltd,Technology,Sunita Agarwal,AG008,COMP008,PLANT08,MG08,2026-02-22,SAP
SAPACC5281,Bajaj Industries Ltd,Healthcare,Rekha Tiwari,AG001,COMP001,PLANT01,MG01,2026-03-10,SAP
SAPACC5361,Bajaj Textiles Ltd,Healthcare,Jane Tiwari,AG001,COMP001,PLANT01,MG01,2026-03-19,SAP
SAPACC5900,Gupta Finance Ltd,Healthcare,Divya Gupta,AG004,COMP004,PLANT04,MG04,2026-02-07,SAP
SAPACC5393,Mishra Foods Ltd,Manufacturing,Sneha Pandey,AG001,COMP001,PLANT01,MG01,2026-01-13,SAP
SAPACC5025,Joshi Technologies Ltd,Financial Services,Priya Gupta,AG001,COMP001,PLANT01,MG01,2026-03-14,SAP
SAPACC5394,Srivastava Technologies Ltd,Technology,Sunil Mehta,AG002,COMP002,PLANT02,MG02,2026-02-21,SAP
SAPACC5046,Bajaj Industries Ltd,Financial Services,Suresh Srivastava,AG006,COMP006,PLANT06,MG06,2026-01-02,SAP
SAPACC5364,Gupta Logistics Ltd,Transportation,Anita Chopra,AG004,COMP004,PLANT04,MG04,2026-02-20,SAP
SAPACC5221,Yadav Technologies Ltd,Retail,Rekha Mehta,AG005,COMP005,PLANT05,MG05,2026-02-08,SAP
SAPACC5678,Banerjee Foods Ltd,Manufacturing,Ramesh Mehta,AG006,COMP006,PLANT06,MG06,2026-01-12,SAP
SAPACC5193,Shah Foods Ltd,Retail,Shalini Mehta,AG001,COMP001,PLANT01,MG01,2026-01-12,SAP
SAPACC5501,Guptha Technologies Ltd,Financial Services,Meena Verma,AG005,COMP005,PLANT05,MG05,2026-01-12,SAP
SAPACC5447,Rao Solutions Ltd,Transportation,Arvind Nair,AG007,COMP007,PLANT07,MG07,2026-03-17,SAP
SAPACC5489,Banerjee Finance Ltd,Technology,Meera Verma,AG001,COMP001,PLANT01,MG01,2026-03-18,SAP
SAPACC5512,Patil Consulting Ltd,Financial Services,Prakash Bajaj,AG008,COMP008,PLANT08,MG08,2026-03-04,SAP
SAPACC5341,Guptha Traders Ltd,Healthcare,Meena Kaur,AG005,COMP005,PLANT05,MG05,2026-03-03,SAP
SAPACC5031,Guptha Logistics Ltd,Retail,Arjun Reddy,AG007,COMP007,PLANT07,MG07,2026-03-26,SAP
SAPACC5023,Pandey Logistics Ltd,Technology,Rajiv Sharma,AG007,COMP007,PLANT07,MG07,2026-02-05,SAP
SAPACC5081,Patil Retail Ltd,Financial Services,Rekha Gupta,AG001,COMP001,PLANT01,MG01,2026-01-16,SAP
SAPACC5126,Mishra Traders Ltd,Healthcare,Vinod Reddy,AG006,COMP006,PLANT06,MG06,2026-01-12,SAP
SAPACC5920,Kapoor Traders Ltd,Retail,Ajay Joshi,AG008,COMP008,PLANT08,MG08,2026-01-20,SAP
SAPACC5658,Guptha Logistics Ltd,Retail,Priya Shah,AG002,COMP002,PLANT02,MG02,2026-03-18,SAP
SAPACC5012,Mehta Services Ltd,Manufacturing,Vinod Sharma,AG004,COMP004,PLANT04,MG04,2026-01-08,SAP
SAPACC5852,Patil Enterprises Ltd,Financial Services,Vinay Banerjee,AG004,COMP004,PLANT04,MG04,2026-02-03,SAP
SAPACC5678,Banerjee Foods Ltd,Manufacturing,Ramesh Mehta,AG006,COMP006,PLANT06,MG06,2026-01-12,SAP
SAPACC5649,Patil Retail Ltd,Retail,Rohit Tiwari,AG001,COMP001,PLANT01,MG01,2026-03-07,SAP
SAPACC5498,Banerjee Foods Ltd,Technology,Rajiv Nair,AG002,COMP002,PLANT02,MG02,2026-02-10,SAP
SAPACC5333,Mishra Traders Ltd,Manufacturing,Karan Tiwari,AG005,COMP005,PLANT05,MG05,2026-03-02,SAP
SAPACC5052,Banerjee Pharmaceuticals Ltd,Manufacturing,Arvind Menon,AG004,COMP004,PLANT04,MG04,2026-03-20,SAP
SAPACC5204,Sharma Textiles Ltd,Healthcare,Meera Srivastava,AG004,COMP004,PLANT04,MG04,2026-02-28,SAP
SAPACC5473,Desai Logistics Ltd,Financial Services,Prakash Iyer,AG001,COMP001,PLANT01,MG01,2026-03-13,SAP
SAPACC5621,Pandey Retail Ltd,Healthcare,Ramesh Kapoor,AG005,COMP005,PLANT05,MG05,2026-02-03,SAP
SAPACC5670,Sharma Retail Ltd,Healthcare,Pooja Mehta,AG006,COMP006,PLANT06,MG06,2026-02-18,SAP
SAPACC5229,Pandey Pharmaceuticals Ltd,Transportation,Neha Kaur,AG005,COMP005,PLANT05,MG05,2026-01-19,SAP
SAPACC5152,Pandey Logistics Ltd,Transportation,Seema Chopra,AG008,COMP008,PLANT08,MG08,2026-03-11,SAP
SAPACC5405,Verma Foods Ltd,Technology,Vinod Bajaj,AG005,COMP005,PLANT05,MG05,2026-01-28,SAP
SAPACC5665,Kaur Logistics Ltd,Transportation,Sunita Menon,AG001,COMP001,PLANT01,MG01,2026-02-18,SAP
SAPACC5245,Dubey Consulting Ltd,Technology,Sunita Rao,AG005,COMP005,PLANT05,MG05,2026-02-28,SAP
SAPACC5866,Joshi Pharmaceuticals Ltd,Financial Services,Arjun Kaur,AG002,COMP002,PLANT02,MG02,2026-03-03,SAP
SAPACC5062,Gupta Finance Ltd,Manufacturing,Divya Shah,AG006,COMP006,PLANT06,MG06,2026-02-25,SAP
SAPACC5095,Banerjee Foods Ltd,Transportation,Seema Yadav,AG007,COMP007,PLANT07,MG07,2026-02-22,SAP
SAPACC5713,Sharma Solutions Ltd,Financial Services,Arjun Shah,AG001,COMP001,PLANT01,MG01,2026-01-18,SAP
SAPACC5194,Joshi Finance Ltd,Transportation,Karan Verma,AG002,COMP002,PLANT02,MG02,2026-01-21,SAP
SAPACC5839,Guptha Traders Ltd,Manufacturing,Anita Kapoor,AG007,COMP007,PLANT07,MG07,2026-02-18,SAP
SAPACC5216,Pandey Consulting Ltd,Technology,Jane Mishra,AG008,COMP008,PLANT08,MG08,2026-02-18,SAP
SAPACC5805,Kaur Enterprises Ltd,Manufacturing,Rajiv Mehta,AG005,COMP005,PLANT05,MG05,2026-02-28,SAP
SAPACC5624,Iyer Solutions Ltd,Manufacturing,Meena Patil,AG008,COMP008,PLANT08,MG08,2026-03-20,SAP
SAPACC5201,Iyer Retail Ltd,Retail,Deepak Verma,AG001,COMP001,PLANT01,MG01,2026-03-24,SAP
SAPACC5077,Rao Textiles Ltd,Financial Services,Anjali Banerjee,AG005,COMP005,PLANT05,MG05,2026-01-13,SAP
SAPACC5406,Patil Enterprises Ltd,Healthcare,Ravi Patel,AG006,COMP006,PLANT06,MG06,2026-01-21,SAP
SAPACC5582,Patel Logistics Ltd,Manufacturing,Lakshmi Verma,AG006,COMP006,PLANT06,MG06,2026-01-28,SAP
SAPACC5628,Bajaj Consulting Ltd,Transportation,John Menon,AG004,COMP004,PLANT04,MG04,2026-02-26,SAP
SAPACC5351,Menon Pharmaceuticals Ltd,Transportation,Rajiv Rao,AG007,COMP007,PLANT07,MG07,2026-03-27,SAP
SAPACC5185,Patel Technologies Ltd,Manufacturing,Ajay Srivastava,AG001,COMP001,PLANT01,MG01,2026-03-07,SAP
SAPACC5344,Agarwal Services Ltd,Healthcare,Lakshmi Bajaj,AG008,COMP008,PLANT08,MG08,2026-03-12,SAP
SAPACC5225,Mehta Retail Ltd,Manufacturing,Vinod Pandey,AG001,COMP001,PLANT01,MG01,2026-03-05,SAP
SAPACC5349,Tiwari Traders Ltd,Healthcare,Priya Joshi,AG005,COMP005,PLANT05,MG05,2026-03-21,SAP
SAPACC5275,Sharma Technologies Ltd,Healthcare,Sunita Menon,AG003,COMP003,PLANT03,MG03,2026-02-11,SAP
SAPACC5904,Singh Healthcare Ltd,Financial Services,Anita Chopra,AG008,COMP008,PLANT08,MG08,2026-03-27,SAP
SAPACC5692,Kaur Retail Ltd,Technology,Arjun Agarwal,AG004,COMP004,PLANT04,MG04,2026-02-20,SAP
SAPACC5814,Iyer Textiles Ltd,Healthcare,Meera Dubey,AG006,COMP006,PLANT06,MG06,2026-01-10,SAP
SAPACC5767,Patel Industries Ltd,Retail,John Pandey,AG007,COMP007,PLANT07,MG07,2026-01-09,SAP
SAPACC5776,Desai Consulting Ltd,Retail,Harish Menon,AG008,COMP008,PLANT08,MG08,2026-01-28,SAP
SAPACC5626,Kaur Foods Ltd,Retail,Rekha Guptha,AG002,COMP002,PLANT02,MG02,2026-03-05,SAP
SAPACC5397,Pandey Technologies Ltd,Transportation,Amit Tiwari,AG005,COMP005,PLANT05,MG05,2026-01-17,SAP
SAPACC5450,Mishra Enterprises Ltd,Financial Services,Sneha Kapoor,AG002,COMP002,PLANT02,MG02,2026-01-24,SAP
SAPACC5024,Menon Retail Ltd,Transportation,Arvind Rao,AG008,COMP008,PLANT08,MG08,2026-03-24,SAP
SAPACC5264,Mehta Consulting Ltd,Transportation,Harish Joshi,AG008,COMP008,PLANT08,MG08,2026-02-04,SAP
SAPACC5532,Tiwari Solutions Ltd,Transportation,Sachin Joshi,AG004,COMP004,PLANT04,MG04,2026-02-23,SAP
SAPACC5594,Patel Solutions Ltd,Transportation,Harish Shah,AG002,COMP002,PLANT02,MG02,2026-01-22,SAP
SAPACC5515,Verma Enterprises Ltd,Financial Services,Sunita Reddy,AG003,COMP003,PLANT03,MG03,2026-03-31,SAP
SAPACC5938,Singh Textiles Ltd,Retail,Ravi Shah,AG002,COMP002,PLANT02,MG02,2026-02-26,SAP
SAPACC5712,Yadav Pharmaceuticals Ltd,Financial Services,Rekha Mishra,AG008,COMP008,PLANT08,MG08,2026-03-11,SAP
SAPACC5759,Joshi Foods Ltd,Financial Services,Shalini Sharma,AG007,COMP007,PLANT07,MG07,2026-03-31,SAP
SAPACC5797,Malhotra Traders Ltd,Financial Services,Sunil Reddy,AG005,COMP005,PLANT05,MG05,2026-02-17,SAP
SAPACC5147,Reddy Pharmaceuticals Ltd,Manufacturing,Sachin Bajaj,AG003,COMP003,PLANT03,MG03,2026-01-04,SAP
SAPACC5151,Kapoor Traders Ltd,Healthcare,Arjun Mishra,AG007,COMP007,PLANT07,MG07,2026-02-12,SAP
SAPACC5109,Mishra Healthcare Ltd,Healthcare,Vikas Singh,AG005,COMP005,PLANT05,MG05,2026-02-14,SAP
SAPACC5273,Reddy Finance Ltd,Transportation,Rekha Tiwari,AG001,COMP001,PLANT01,MG01,2026-03-22,SAP
SAPACC5328,Kaur Consulting Ltd,Financial Services,Rekha Mishra,AG008,COMP008,PLANT08,MG08,2026-01-05,SAP
SAPACC5757,Menon Traders Ltd,Financial Services,Prakash Sharma,AG005,COMP005,PLANT05,MG05,2026-03-13,SAP
SAPACC5538,Banerjee Industries Ltd,Technology,Rahul Malhotra,AG002,COMP002,PLANT02,MG02,2026-03-11,SAP
SAPACC5259,Verma Retail Ltd,Manufacturing,Jane Kapoor,AG003,COMP003,PLANT03,MG03,2026-01-08,SAP
SAPACC5234,Singh Solutions Ltd,Healthcare,Prakash Banerjee,AG002,COMP002,PLANT02,MG02,2026-03-28,SAP
SAPACC5635,Guptha Textiles Ltd,Healthcare,Ramesh Mehta,AG003,COMP003,PLANT03,MG03,2026-02-20,SAP
SAPACC5454,Iyer Solutions Ltd,Transportation,Anita Malhotra,AG006,COMP006,PLANT06,MG06,2026-01-11,SAP
SAPACC5566,Guptha Textiles Ltd,Transportation,Harish Mishra,AG006,COMP006,PLANT06,MG06,2026-02-23,SAP
SAPACC5645,Kaur Consulting Ltd,Healthcare,Neha Sharma,AG005,COMP005,PLANT05,MG05,2026-03-29,SAP
SAPACC5831,Reddy Logistics Ltd,Financial Services,Divya Nair,AG007,COMP007,PLANT07,MG07,2026-03-02,SAP
SAPACC5718,Singh Logistics Ltd,Retail,Rekha Verma,AG006,COMP006,PLANT06,MG06,2026-01-02,SAP
SAPACC5287,Kaur Consulting Ltd,Financial Services,Lakshmi Patil,AG007,COMP007,PLANT07,MG07,2026-02-06,SAP
SAPACC5817,Kumar Industries Ltd,Manufacturing,Lakshmi Kapoor,AG001,COMP001,PLANT01,MG01,2026-03-16,SAP
SAPACC5227,Kapoor Traders Ltd,Healthcare,Shalini Kapoor,AG003,COMP003,PLANT03,MG03,2026-01-03,SAP
SAPACC5702,Rao Enterprises Ltd,Healthcare,Anita Kaur,AG006,COMP006,PLANT06,MG06,2026-01-24,SAP
SAPACC5250,Kapoor Technologies Ltd,Retail,Meera Kaur,AG002,COMP002,PLANT02,MG02,2026-03-02,SAP
SAPACC5029,Yadav Logistics Ltd,Healthcare,John Verma,AG005,COMP005,PLANT05,MG05,2026-03-19,SAP
SAPACC5248,Chopra Finance Ltd,Healthcare,Arvind Singh,AG008,COMP008,PLANT08,MG08,2026-02-08,SAP
SAPACC5546,Chopra Pharmaceuticals Ltd,Financial Services,Jane Mishra,AG002,COMP002,PLANT02,MG02,2026-02-02,SAP
SAPACC5226,Desai Finance Ltd,Technology,Kavita Agarwal,AG002,COMP002,PLANT02,MG02,2026-01-26,SAP
SAPACC5480,Kumar Logistics Ltd,Retail,Sachin Agarwal,AG008,COMP008,PLANT08,MG08,2026-03-06,SAP
SAPACC5177,Sharma Consulting Ltd,Healthcare,Vinay Chopra,AG001,COMP001,PLANT01,MG01,2026-02-13,SAP
SAPACC5807,Gupta Traders Ltd,Manufacturing,Meera Kaur,AG007,COMP007,PLANT07,MG07,2026-02-25,SAP
SAPACC5510,Agarwal Logistics Ltd,Healthcare,Anita Pandey,AG006,COMP006,PLANT06,MG06,2026-01-24,SAP
SAPACC5179,Patil Foods Ltd,Financial Services,Anita Chopra,AG003,COMP003,PLANT03,MG03,2026-02-01,SAP
SAPACC5894,Verma Logistics Ltd,Manufacturing,Jane Gupta,AG006,COMP006,PLANT06,MG06,2026-01-15,SAP
SAPACC5729,Shah Solutions Ltd,Transportation,Karan Guptha,AG001,COMP001,PLANT01,MG01,2026-02-14,SAP
SAPACC5549,Iyer Textiles Ltd,Retail,Alok Malhotra,AG005,COMP005,PLANT05,MG05,2026-03-18,SAP
SAPACC5838,Patel Textiles Ltd,Retail,Prakash Sharma,AG006,COMP006,PLANT06,MG06,2026-03-06,SAP
SAPACC5117,Kapoor Enterprises Ltd,Transportation,Manish Shah,AG005,COMP005,PLANT05,MG05,2026-02-22,SAP
SAPACC5271,Joshi Traders Ltd,Transportation,Amit Shah,AG007,COMP007,PLANT07,MG07,2026-01-30,SAP
SAPACC5085,Yadav Logistics Ltd,Healthcare,Arvind Shah,AG005,COMP005,PLANT05,MG05,2026-01-17,SAP
SAPACC5524,Malhotra Technologies Ltd,Retail,Rahul Tiwari,AG004,COMP004,PLANT04,MG04,2026-03-21,SAP
SAPACC5491,Menon Enterprises Ltd,Transportation,Vinod Iyer,AG003,COMP003,PLANT03,MG03,2026-01-01,SAP
SAPACC5911,Chopra Retail Ltd,Manufacturing,Prakash Pandey,AG007,COMP007,PLANT07,MG07,2026-03-15,SAP
SAPACC5721,Tiwari Retail Ltd,Retail,Vinod Guptha,AG001,COMP001,PLANT01,MG01,2026-02-28,SAP
SAPACC5369,Bajaj Enterprises Ltd,Transportation,Jane Patil,AG001,COMP001,PLANT01,MG01,2026-02-05,SAP
SAPACC5019,Pandey Foods Ltd,Retail,Divya Rao,AG003,COMP003,PLANT03,MG03,2026-03-28,SAP
SAPACC5513,Gupta Finance Ltd,Technology,Ravi Mehta,AG001,COMP001,PLANT01,MG01,2026-01-13,SAP
SAPACC5690,Sharma Finance Ltd,Healthcare,Arjun Kapoor,AG002,COMP002,PLANT02,MG02,2026-03-08,SAP
SAPACC5494,Bajaj Consulting Ltd,Technology,Sachin Pandey,AG006,COMP006,PLANT06,MG06,2026-02-08,SAP
SAPACC5416,Singh Pharmaceuticals Ltd,Retail,Ramesh Bajaj,AG008,COMP008,PLANT08,MG08,2026-02-17,SAP
SAPACC5544,Banerjee Solutions Ltd,Manufacturing,Priya Mishra,AG008,COMP008,PLANT08,MG08,2026-03-03,SAP
SAPACC5535,Kapoor Healthcare Ltd,Manufacturing,Anjali Bajaj,AG007,COMP007,PLANT07,MG07,2026-03-16,SAP
SAPACC5080,Tiwari Textiles Ltd,Transportation,Amit Dubey,AG008,COMP008,PLANT08,MG08,2026-01-01,SAP
SAPACC5862,Banerjee Enterprises Ltd,Healthcare,Sneha Joshi,AG006,COMP006,PLANT06,MG06,2026-02-07,SAP
SAPACC5448,Dubey Finance Ltd,Financial Services,Sunil Bajaj,AG008,COMP008,PLANT08,MG08,2026-02-23,SAP
SAPACC5092,Kumar Industries Ltd,Retail,Vinod Srivastava,AG004,COMP004,PLANT04,MG04,2026-01-27,SAP
SAPACC5035,Nair Industries Ltd,Financial Services,Anita Nair,AG003,COMP003,PLANT03,MG03,2026-03-06,SAP
SAPACC5764,Gupta Textiles Ltd,Healthcare,Kavita Nair,AG004,COMP004,PLANT04,MG04,2026-03-09,SAP
SAPACC5240,Joshi Foods Ltd,Retail,Rahul Malhotra,AG008,COMP008,PLANT08,MG08,2026-02-21,SAP
SAPACC5624,Iyer Solutions Ltd,Manufacturing,Meena Patil,AG008,COMP008,PLANT08,MG08,2026-03-20,SAP
SAPACC5483,Malhotra Technologies Ltd,Transportation,Harish Banerjee,AG003,COMP003,PLANT03,MG03,2026-02-23,SAP
SAPACC5076,Rao Technologies Ltd,Technology,Ramesh Verma,AG004,COMP004,PLANT04,MG04,2026-03-18,SAP
SAPACC5326,Singh Healthcare Ltd,Manufacturing,Anita Iyer,AG006,COMP006,PLANT06,MG06,2026-02-03,SAP
SAPACC5347,Joshi Consulting Ltd,Healthcare,Shreya Nair,AG003,COMP003,PLANT03,MG03,2026-01-16,SAP
SAPACC5753,Pandey Industries Ltd,Technology,Vikas Kumar,AG001,COMP001,PLANT01,MG01,2026-03-19,SAP
SAPACC5205,Iyer Pharmaceuticals Ltd,Transportation,Harish Guptha,AG005,COMP005,PLANT05,MG05,2026-01-10,SAP
SAPACC5921,Shah Logistics Ltd,Transportation,Arjun Kaur,AG001,COMP001,PLANT01,MG01,2026-03-17,SAP
SAPACC5139,Patel Industries Ltd,Healthcare,Deepak Malhotra,AG003,COMP003,PLANT03,MG03,2026-01-25,SAP
SAPACC5353,Chopra Logistics Ltd,Financial Services,Vinay Tiwari,AG001,COMP001,PLANT01,MG01,2026-01-28,SAP
SAPACC5161,Shah Consulting Ltd,Manufacturing,Sunil Kumar,AG001,COMP001,PLANT01,MG01,2026-01-22,SAP
SAPACC5941,Mishra Traders Ltd,Financial Services,Deepak Verma,AG005,COMP005,PLANT05,MG05,2026-02-20,SAP
SAPACC5604,Patil Textiles Ltd,Financial Services,Meena Banerjee,AG004,COMP004,PLANT04,MG04,2026-02-13,SAP
SAPACC5407,Agarwal Services Ltd,Technology,Shreya Desai,AG007,COMP007,PLANT07,MG07,2026-03-27,SAP
SAPACC5794,Pandey Technologies Ltd,Retail,Prakash Mishra,AG002,COMP002,PLANT02,MG02,2026-01-07,SAP
SAPACC5734,Tiwari Consulting Ltd,Financial Services,Vinay Joshi,AG006,COMP006,PLANT06,MG06,2026-03-11,SAP
SAPACC5707,Pandey Enterprises Ltd,Healthcare,Jane Yadav,AG003,COMP003,PLANT03,MG03,2026-03-12,SAP
SAPACC5868,Iyer Traders Ltd,Financial Services,Lakshmi Iyer,AG004,COMP004,PLANT04,MG04,2026-03-20,SAP
SAPACC5291,Patil Finance Ltd,Technology,Arvind Kaur,AG003,COMP003,PLANT03,MG03,2026-01-23,SAP
SAPACC5038,Kaur Consulting Ltd,Retail,Arjun Dubey,AG006,COMP006,PLANT06,MG06,2026-01-15,SAP
SAPACC5642,Rao Healthcare Ltd,Technology,Vinay Patel,AG002,COMP002,PLANT02,MG02,2026-01-02,SAP
SAPACC5458,Yadav Services Ltd,Technology,Sunil Rao,AG002,COMP002,PLANT02,MG02,2026-01-16,SAP
SAPACC5511,Kaur Pharmaceuticals Ltd,Financial Services,Amit Verma,AG007,COMP007,PLANT07,MG07,2026-03-28,SAP
SAPACC5075,Kapoor Industries Ltd,Financial Services,Meera Srivastava,AG003,COMP003,PLANT03,MG03,2026-01-09,SAP
SAPACC5167,Pandey Industries Ltd,Technology,Arjun Agarwal,AG007,COMP007,PLANT07,MG07,2026-02-27,SAP
SAPACC5120,Reddy Logistics Ltd,Retail,Sunil Verma,AG008,COMP008,PLANT08,MG08,2026-03-17,SAP
SAPACC5172,Yadav Consulting Ltd,Transportation,Rohit Bajaj,AG004,COMP004,PLANT04,MG04,2026-02-20,SAP
SAPACC5442,Sharma Textiles Ltd,Technology,Pooja Desai,AG002,COMP002,PLANT02,MG02,2026-01-11,SAP
SAPACC5570,Patel Logistics Ltd,Transportation,Vinay Banerjee,AG002,COMP002,PLANT02,MG02,2026-03-30,SAP
SAPACC5518,Mishra Logistics Ltd,Financial Services,Seema Joshi,AG006,COMP006,PLANT06,MG06,2026-01-06,SAP
SAPACC5389,Reddy Industries Ltd,Manufacturing,Ajay Desai,AG005,COMP005,PLANT05,MG05,2026-03-13,SAP
SAPACC5669,Rao Traders Ltd,Manufacturing,Shalini Tiwari,AG005,COMP005,PLANT05,MG05,2026-01-07,SAP
SAPACC5225,Mehta Retail Ltd,Manufacturing,Vinod Pandey,AG001,COMP001,PLANT01,MG01,2026-03-05,SAP
SAPACC5778,Mehta Finance Ltd,Financial Services,Sunil Yadav,AG002,COMP002,PLANT02,MG02,2026-03-23,SAP
SAPACC5902,Agarwal Finance Ltd,Transportation,Seema Kaur,AG006,COMP006,PLANT06,MG06,2026-03-16,SAP
SAPACC5947,Bajaj Technologies Ltd,Retail,Prakash Desai,AG003,COMP003,PLANT03,MG03,2026-01-18,SAP
SAPACC5427,Tiwari Services Ltd,Technology,Sunita Chopra,AG003,COMP003,PLANT03,MG03,2026-01-27,SAP
SAPACC5575,Iyer Logistics Ltd,Healthcare,Vikas Gupta,AG007,COMP007,PLANT07,MG07,2026-01-10,SAP
SAPACC5129,Gupta Foods Ltd,Healthcare,Rekha Chopra,AG001,COMP001,PLANT01,MG01,2026-03-31,SAP
SAPACC5241,Malhotra Logistics Ltd,Transportation,Rahul Malhotra,AG001,COMP001,PLANT01,MG01,2026-03-31,SAP
SAPACC5451,Dubey Solutions Ltd,Financial Services,Shreya Agarwal,AG003,COMP003,PLANT03,MG03,2026-02-12,SAP
SAPACC5002,Mehta Services Ltd,Manufacturing,Arvind Desai,AG002,COMP002,PLANT02,MG02,2026-01-18,SAP
SAPACC5290,Sharma Technologies Ltd,Transportation,Arjun Chopra,AG002,COMP002,PLANT02,MG02,2026-01-03,SAP
SAPACC5851,Reddy Healthcare Ltd,Financial Services,Sunil Mehta,AG003,COMP003,PLANT03,MG03,2026-03-28,SAP
SAPACC5210,Bajaj Consulting Ltd,Manufacturing,Lakshmi Singh,AG002,COMP002,PLANT02,MG02,2026-02-14,SAP
SAPACC5338,Srivastava Retail Ltd,Retail,Jane Mehta,AG002,COMP002,PLANT02,MG02,2026-03-29,SAP
SAPACC5051,Joshi Traders Ltd,Healthcare,Rohit Verma,AG003,COMP003,PLANT03,MG03,2026-01-09,SAP
SAPACC5334,Menon Solutions Ltd,Retail,Rohit Pandey,AG006,COMP006,PLANT06,MG06,2026-03-25,SAP
SAPACC5402,Guptha Services Ltd,Healthcare,Sanjay Tiwari,AG002,COMP002,PLANT02,MG02,2026-03-28,SAP
SAPACC5548,Shah Consulting Ltd,Financial Services,Vinay Menon,AG004,COMP004,PLANT04,MG04,2026-03-27,SAP
SAPACC5748,Tiwari Solutions Ltd,Retail,Ajay Verma,AG004,COMP004,PLANT04,MG04,2026-01-09,SAP
SAPACC5727,Mishra Technologies Ltd,Manufacturing,Priya Pandey,AG007,COMP007,PLANT07,MG07,2026-03-22,SAP
SAPACC5379,Desai Healthcare Ltd,Retail,Priya Guptha,AG003,COMP003,PLANT03,MG03,2026-02-06,SAP
SAPACC5744,Mishra Healthcare Ltd,Manufacturing,Arvind Kumar,AG008,COMP008,PLANT08,MG08,2026-01-05,SAP
SAPACC5457,Patil Textiles Ltd,Transportation,Divya Rao,AG001,COMP001,PLANT01,MG01,2026-02-02,SAP
SAPACC5559,Reddy Traders Ltd,Transportation,Meena Chopra,AG007,COMP007,PLANT07,MG07,2026-02-04,SAP
SAPACC5313,Reddy Solutions Ltd,Financial Services,Arjun Kapoor,AG001,COMP001,PLANT01,MG01,2026-02-28,SAP
SAPACC5213,Dubey Solutions Ltd,Technology,Divya Pandey,AG005,COMP005,PLANT05,MG05,2026-02-20,SAP
SAPACC5154,Srivastava Foods Ltd,Financial Services,Ajay Reddy,AG002,COMP002,PLANT02,MG02,2026-02-10,SAP
SAPACC5768,Chopra Consulting Ltd,Healthcare,Lakshmi Malhotra,AG008,COMP008,PLANT08,MG08,2026-01-19,SAP
SAPACC5016,Patil Consulting Ltd,Manufacturing,Sunita Malhotra,AG008,COMP008,PLANT08,MG08,2026-03-31,SAP
SAPACC5314,Nair Enterprises Ltd,Healthcare,Rohit Mehta,AG002,COMP002,PLANT02,MG02,2026-03-16,SAP
SAPACC5414,Singh Solutions Ltd,Retail,Pooja Sharma,AG006,COMP006,PLANT06,MG06,2026-03-29,SAP
SAPACC5190,Menon Logistics Ltd,Technology,Suresh Gupta,AG006,COMP006,PLANT06,MG06,2026-03-07,SAP
SAPACC5803,Iyer Logistics Ltd,Financial Services,Anjali Banerjee,AG003,COMP003,PLANT03,MG03,2026-03-14,SAP
SAPACC5182,Sharma Traders Ltd,Healthcare,Arjun Shah,AG006,COMP006,PLANT06,MG06,2026-02-11,SAP
SAPACC5476,Patel Healthcare Ltd,Retail,Rohit Reddy,AG004,COMP004,PLANT04,MG04,2026-02-03,SAP
SAPACC5551,Pandey Consulting Ltd,Retail,Alok Yadav,AG007,COMP007,PLANT07,MG07,2026-02-03,SAP
SAPACC5067,Banerjee Enterprises Ltd,Transportation,Anjali Patil,AG003,COMP003,PLANT03,MG03,2026-02-06,SAP
SAPACC5263,Tiwari Technologies Ltd,Healthcare,Suresh Verma,AG007,COMP007,PLANT07,MG07,2026-03-19,SAP
SAPACC5160,Chopra Technologies Ltd,Retail,Sunil Menon,AG008,COMP008,PLANT08,MG08,2026-02-11,SAP
SAPACC5130,Chopra Healthcare Ltd,Retail,Rahul Pandey,AG002,COMP002,PLANT02,MG02,2026-02-10,SAP
SAPACC5845,Rao Consulting Ltd,Financial Services,Sachin Desai,AG005,COMP005,PLANT05,MG05,2026-01-18,SAP
SAPACC5432,Pandey Solutions Ltd,Manufacturing,Alok Kaur,AG008,COMP008,PLANT08,MG08,2026-01-19,SAP
SAPACC5011,Singh Pharmaceuticals Ltd,Manufacturing,Priya Gupta,AG003,COMP003,PLANT03,MG03,2026-03-14,SAP
SAPACC5392,Bajaj Technologies Ltd,Technology,Shreya Shah,AG008,COMP008,PLANT08,MG08,2026-03-09,SAP
SAPACC5553,Patil Foods Ltd,Retail,Sunita Singh,AG001,COMP001,PLANT01,MG01,2026-01-25,SAP
SAPACC5650,Patel Pharmaceuticals Ltd,Technology,Seema Iyer,AG002,COMP002,PLANT02,MG02,2026-02-14,SAP
SAPACC5746,Patel Enterprises Ltd,Manufacturing,Seema Guptha,AG002,COMP002,PLANT02,MG02,2026-01-14,SAP
SAPACC5366,Kaur Industries Ltd,Transportation,Rekha Sharma,AG006,COMP006,PLANT06,MG06,2026-02-04,SAP
SAPACC5189,Mehta Foods Ltd,Financial Services,Sunita Desai,AG005,COMP005,PLANT05,MG05,2026-01-23,SAP
SAPACC5415,Kaur Textiles Ltd,Retail,Suresh Guptha,AG007,COMP007,PLANT07,MG07,2026-03-27,SAP
SAPACC5325,Sharma Finance Ltd,Manufacturing,Anjali Pandey,AG005,COMP005,PLANT05,MG05,2026-02-22,SAP
SAPACC5071,Tiwari Healthcare Ltd,Transportation,Harish Srivastava,AG007,COMP007,PLANT07,MG07,2026-02-15,SAP
SAPACC5885,Kapoor Logistics Ltd,Technology,Prakash Dubey,AG005,COMP005,PLANT05,MG05,2026-01-11,SAP
SAPACC5619,Nair Technologies Ltd,Transportation,Anjali Iyer,AG003,COMP003,PLANT03,MG03,2026-01-15,SAP
SAPACC5057,Singh Consulting Ltd,Transportation,Manish Verma,AG001,COMP001,PLANT01,MG01,2026-01-30,SAP
SAPACC5113,Yadav Industries Ltd,Financial Services,Arvind Mehta,AG001,COMP001,PLANT01,MG01,2026-02-19,SAP
SAPACC5253,Menon Traders Ltd,Technology,Ravi Malhotra,AG005,COMP005,PLANT05,MG05,2026-01-21,SAP
SAPACC5091,Kumar Textiles Ltd,Healthcare,Meena Bajaj,AG003,COMP003,PLANT03,MG03,2026-02-18,SAP
SAPACC5695,Nair Finance Ltd,Transportation,Karan Sharma,AG007,COMP007,PLANT07,MG07,2026-01-20,SAP
SAPACC5089,Nair Enterprises Ltd,Transportation,Sunita Kapoor,AG001,COMP001,PLANT01,MG01,2026-03-11,SAP
SAPACC5525,Rao Healthcare Ltd,Transportation,Arjun Kapoor,AG005,COMP005,PLANT05,MG05,2026-01-25,SAP
SAPACC5683,Joshi Services Ltd,Manufacturing,Kavita Malhotra,AG003,COMP003,PLANT03,MG03,2026-02-21,SAP
SAPACC5516,Chopra Traders Ltd,Healthcare,Ravi Tiwari,AG004,COMP004,PLANT04,MG04,2026-02-18,SAP
SAPACC5274,Sharma Retail Ltd,Retail,Karan Bajaj,AG002,COMP002,PLANT02,MG02,2026-02-28,SAP
SAPACC5586,Sharma Textiles Ltd,Technology,Rahul Patel,AG002,COMP002,PLANT02,MG02,2026-01-01,SAP
SAPACC5622,Agarwal Solutions Ltd,Healthcare,Alok Sharma,AG006,COMP006,PLANT06,MG06,2026-02-22,SAP
SAPACC5269,Patel Logistics Ltd,Healthcare,Ajay Tiwari,AG005,COMP005,PLANT05,MG05,2026-03-30,SAP
SAPACC5568,Agarwal Industries Ltd,Financial Services,Arjun Malhotra,AG008,COMP008,PLANT08,MG08,2026-03-15,SAP
SAPACC5679,Bajaj Solutions Ltd,Technology,Anita Agarwal,AG007,COMP007,PLANT07,MG07,2026-02-23,SAP
SAPACC5653,Malhotra Logistics Ltd,Manufacturing,Sneha Gupta,AG005,COMP005,PLANT05,MG05,2026-03-10,SAP
SAPACC5153,Yadav Industries Ltd,Healthcare,Alok Desai,AG001,COMP001,PLANT01,MG01,2026-01-22,SAP
SAPACC5319,Mehta Foods Ltd,Transportation,Divya Chopra,AG007,COMP007,PLANT07,MG07,2026-03-06,SAP
SAPACC5766,Kumar Consulting Ltd,Transportation,Neha Gupta,AG006,COMP006,PLANT06,MG06,2026-02-17,SAP
SAPACC5037,Banerjee Traders Ltd,Manufacturing,Alok Shah,AG005,COMP005,PLANT05,MG05,2026-03-14,SAP
SAPACC5076,Rao Technologies Ltd,Technology,Ramesh Verma,AG004,COMP004,PLANT04,MG04,2026-03-18,SAP
SAPACC5183,Verma Technologies Ltd,Healthcare,Amit Yadav,AG007,COMP007,PLANT07,MG07,2026-02-19,SAP
SAPACC5522,Menon Industries Ltd,Manufacturing,Meena Srivastava,AG002,COMP002,PLANT02,MG02,2026-03-12,SAP
SAPACC5074,Patil Finance Ltd,Retail,Rohit Tiwari,AG002,COMP002,PLANT02,MG02,2026-03-17,SAP
SAPACC5870,Banerjee Industries Ltd,Manufacturing,Shreya Mishra,AG006,COMP006,PLANT06,MG06,2026-01-20,SAP
SAPACC5475,Agarwal Logistics Ltd,Financial Services,Vinod Joshi,AG003,COMP003,PLANT03,MG03,2026-02-17,SAP
SAPACC5468,Patel Pharmaceuticals Ltd,Financial Services,Suresh Shah,AG004,COMP004,PLANT04,MG04,2026-03-06,SAP
SAPACC5812,Rao Enterprises Ltd,Healthcare,Suresh Patel,AG004,COMP004,PLANT04,MG04,2026-02-18,SAP
SAPACC5293,Patil Enterprises Ltd,Manufacturing,Alok Joshi,AG005,COMP005,PLANT05,MG05,2026-02-17,SAP
SAPACC5782,Bajaj Retail Ltd,Manufacturing,Shalini Yadav,AG006,COMP006,PLANT06,MG06,2026-01-06,SAP
SAPACC5795,Yadav Traders Ltd,Transportation,Rekha Pandey,AG003,COMP003,PLANT03,MG03,2026-02-03,SAP
SAPACC5148,Banerjee Logistics Ltd,Manufacturing,Priya Iyer,AG004,COMP004,PLANT04,MG04,2026-01-19,SAP
SAPACC5477,Guptha Retail Ltd,Manufacturing,Harish Mehta,AG005,COMP005,PLANT05,MG05,2026-01-13,SAP
SAPACC5010,Yadav Services Ltd,Manufacturing,Alok Desai,AG002,COMP002,PLANT02,MG02,2026-02-08,SAP
SAPACC5647,Chopra Logistics Ltd,Healthcare,Arjun Srivastava,AG007,COMP007,PLANT07,MG07,2026-03-07,SAP
SAPACC5915,Kaur Foods Ltd,Manufacturing,Meena Patel,AG003,COMP003,PLANT03,MG03,2026-01-21,SAP
SAPACC5576,Kapoor Industries Ltd,Manufacturing,Prakash Kumar,AG008,COMP008,PLANT08,MG08,2026-03-12,SAP
SAPACC5079,Banerjee Pharmaceuticals Ltd,Manufacturing,Arvind Shah,AG007,COMP007,PLANT07,MG07,2026-03-01,SAP
SAPACC5168,Patel Traders Ltd,Transportation,Meena Patel,AG008,COMP008,PLANT08,MG08,2026-01-22,SAP
SAPACC5017,Singh Finance Ltd,Technology,Neha Tiwari,AG001,COMP001,PLANT01,MG01,2026-02-07,SAP
SAPACC5857,Singh Healthcare Ltd,Healthcare,Pooja Dubey,AG001,COMP001,PLANT01,MG01,2026-01-07,SAP
SAPACC5705,Agarwal Enterprises Ltd,Manufacturing,Rohit Shah,AG001,COMP001,PLANT01,MG01,2026-02-20,SAP
SAPACC5181,Banerjee Retail Ltd,Technology,Divya Tiwari,AG005,COMP005,PLANT05,MG05,2026-02-16,SAP
SAPACC5499,Patel Industries Ltd,Healthcare,Neha Reddy,AG003,COMP003,PLANT03,MG03,2026-03-25,SAP
SAPACC5514,Singh Services Ltd,Financial Services,Deepak Kumar,AG002,COMP002,PLANT02,MG02,2026-01-16,SAP
SAPACC5630,Chopra Enterprises Ltd,Retail,Ramesh Nair,AG006,COMP006,PLANT06,MG06,2026-02-25,SAP
SAPACC5581,Srivastava Finance Ltd,Manufacturing,Ravi Patel,AG005,COMP005,PLANT05,MG05,2026-03-08,SAP
SAPACC5212,Gupta Technologies Ltd,Healthcare,Vinod Mehta,AG004,COMP004,PLANT04,MG04,2026-02-17,SAP
SAPACC5174,Bajaj Traders Ltd,Technology,Rajiv Patil,AG006,COMP006,PLANT06,MG06,2026-02-26,SAP
SAPACC5560,Malhotra Enterprises Ltd,Healthcare,Vinod Yadav,AG008,COMP008,PLANT08,MG08,2026-01-02,SAP
SAPACC5781,Kapoor Technologies Ltd,Retail,Anita Chopra,AG005,COMP005,PLANT05,MG05,2026-02-13,SAP
SAPACC5505,Reddy Healthcare Ltd,Retail,Rohit Pandey,AG001,COMP001,PLANT01,MG01,2026-02-22,SAP
SAPACC5112,Desai Solutions Ltd,Transportation,Shalini Agarwal,AG008,COMP008,PLANT08,MG08,2026-03-12,SAP
SAPACC5662,Patel Enterprises Ltd,Financial Services,Suresh Reddy,AG006,COMP006,PLANT06,MG06,2026-03-19,SAP
SAPACC5654,Mishra Logistics Ltd,Technology,Vikas Sharma,AG006,COMP006,PLANT06,MG06,2026-03-18,SAP
SAPACC5306,Kapoor Industries Ltd,Financial Services,Vinay Desai,AG002,COMP002,PLANT02,MG02,2026-03-30,SAP
SAPACC5656,Srivastava Retail Ltd,Healthcare,Ramesh Pandey,AG008,COMP008,PLANT08,MG08,2026-02-16,SAP
SAPACC5104,Kaur Technologies Ltd,Healthcare,Arvind Chopra,AG008,COMP008,PLANT08,MG08,2026-03-26,SAP
SAPACC5898,Nair Traders Ltd,Healthcare,Sunita Joshi,AG002,COMP002,PLANT02,MG02,2026-03-19,SAP
SAPACC5890,Mehta Textiles Ltd,Technology,Sneha Patel,AG002,COMP002,PLANT02,MG02,2026-02-07,SAP
SAPACC5858,Joshi Traders Ltd,Technology,Ramesh Yadav,AG002,COMP002,PLANT02,MG02,2026-03-11,SAP
SAPACC5517,Bajaj Consulting Ltd,Retail,Ramesh Bajaj,AG005,COMP005,PLANT05,MG05,2026-03-30,SAP
SAPACC5081,Patil Retail Ltd,Financial Services,Rekha Gupta,AG001,COMP001,PLANT01,MG01,2026-01-16,SAP
SAPACC5617,Shah Textiles Ltd,Retail,Divya Sharma,AG001,COMP001,PLANT01,MG01,2026-01-14,SAP
SAPACC5022,Mehta Foods Ltd,Retail,Vinod Kapoor,AG006,COMP006,PLANT06,MG06,2026-02-16,SAP
SAPACC5537,Mehta Services Ltd,Retail,Anita Chopra,AG001,COMP001,PLANT01,MG01,2026-02-16,SAP
SAPACC5137,Bajaj Finance Ltd,Financial Services,Vinay Guptha,AG001,COMP001,PLANT01,MG01,2026-03-11,SAP
SAPACC5558,Reddy Logistics Ltd,Retail,Vinay Reddy,AG006,COMP006,PLANT06,MG06,2026-03-11,SAP
SAPACC5923,Chopra Traders Ltd,Technology,Anita Shah,AG003,COMP003,PLANT03,MG03,2026-01-08,SAP
SAPACC5861,Menon Enterprises Ltd,Financial Services,Rahul Gupta,AG005,COMP005,PLANT05,MG05,2026-02-06,SAP
SAPACC5224,Bajaj Traders Ltd,Technology,Amit Pandey,AG008,COMP008,PLANT08,MG08,2026-03-05,SAP
SAPACC5421,Mishra Consulting Ltd,Financial Services,Amit Gupta,AG005,COMP005,PLANT05,MG05,2026-02-13,SAP
SAPACC5777,Menon Consulting Ltd,Transportation,Rajiv Bajaj,AG001,COMP001,PLANT01,MG01,2026-01-20,SAP
SAPACC5342,Reddy Logistics Ltd,Retail,Vinod Nair,AG006,COMP006,PLANT06,MG06,2026-03-14,SAP
SAPACC5506,Agarwal Pharmaceuticals Ltd,Manufacturing,Harish Desai,AG002,COMP002,PLANT02,MG02,2026-01-28,SAP
SAPACC5184,Gupta Textiles Ltd,Retail,Anjali Mishra,AG008,COMP008,PLANT08,MG08,2026-01-27,SAP
SAPACC5419,Kumar Finance Ltd,Financial Services,Arjun Tiwari,AG003,COMP003,PLANT03,MG03,2026-02-12,SAP
SAPACC5365,Rao Enterprises Ltd,Healthcare,Harish Verma,AG005,COMP005,PLANT05,MG05,2026-02-25,SAP
SAPACC5284,Malhotra Services Ltd,Manufacturing,Anita Mehta,AG004,COMP004,PLANT04,MG04,2026-02-10,SAP
SAPACC5042,Chopra Textiles Ltd,Financial Services,Vinod Chopra,AG002,COMP002,PLANT02,MG02,2026-02-08,SAP
SAPACC5272,Patel Foods Ltd,Healthcare,Prakash Sharma,AG008,COMP008,PLANT08,MG08,2026-03-03,SAP
SAPACC5539,Joshi Technologies Ltd,Financial Services,Suresh Singh,AG003,COMP003,PLANT03,MG03,2026-01-20,SAP
SAPACC5114,Pandey Consulting Ltd,Healthcare,Meera Mishra,AG002,COMP002,PLANT02,MG02,2026-03-03,SAP
SAPACC5474,Shah Foods Ltd,Financial Services,Seema Nair,AG002,COMP002,PLANT02,MG02,2026-02-01,SAP
SAPACC5138,Gupta Traders Ltd,Transportation,Kavita Srivastava,AG002,COMP002,PLANT02,MG02,2026-03-28,SAP
SAPACC5296,Rao Solutions Ltd,Manufacturing,Kavita Menon,AG008,COMP008,PLANT08,MG08,2026-01-07,SAP
SAPACC5731,Desai Traders Ltd,Financial Services,Ramesh Malhotra,AG003,COMP003,PLANT03,MG03,2026-01-26,SAP
SAPACC5003,Srivastava Consulting Ltd,Retail,John Chopra,AG003,COMP003,PLANT03,MG03,2026-03-04,SAP
SAPACC5118,Kumar Traders Ltd,Retail,Alok Agarwal,AG006,COMP006,PLANT06,MG06,2026-01-27,SAP
SAPACC5816,Reddy Consulting Ltd,Transportation,Divya Kapoor,AG008,COMP008,PLANT08,MG08,2026-03-05,SAP
SAPACC5078,Bajaj Logistics Ltd,Technology,Anita Singh,AG006,COMP006,PLANT06,MG06,2026-02-23,SAP
SAPACC5837,Srivastava Industries Ltd,Manufacturing,Sunita Desai,AG005,COMP005,PLANT05,MG05,2026-01-31,SAP
SAPACC5589,Reddy Traders Ltd,Technology,Kavita Reddy,AG005,COMP005,PLANT05,MG05,2026-03-14,SAP
SAPACC5267,Gupta Textiles Ltd,Technology,Ravi Kumar,AG003,COMP003,PLANT03,MG03,2026-03-23,SAP
SAPACC5424,Agarwal Foods Ltd,Technology,Meena Desai,AG008,COMP008,PLANT08,MG08,2026-02-08,SAP
SAPACC5335,Bajaj Services Ltd,Healthcare,Kavita Nair,AG007,COMP007,PLANT07,MG07,2026-02-25,SAP
SAPACC5222,Menon Solutions Ltd,Manufacturing,Sneha Joshi,AG006,COMP006,PLANT06,MG06,2026-01-02,SAP
SAPACC5592,Bajaj Solutions Ltd,Manufacturing,Ramesh Mishra,AG008,COMP008,PLANT08,MG08,2026-03-13,SAP
SAPACC5370,Mehta Foods Ltd,Financial Services,Sachin Malhotra,AG002,COMP002,PLANT02,MG02,2026-02-24,SAP
SAPACC5815,Reddy Industries Ltd,Financial Services,Ramesh Malhotra,AG007,COMP007,PLANT07,MG07,2026-02-04,SAP
SAPACC5863,Banerjee Foods Ltd,Financial Services,Jane Sharma,AG007,COMP007,PLANT07,MG07,2026-01-01,SAP
SAPACC5305,Srivastava Textiles Ltd,Manufacturing,Seema Agarwal,AG001,COMP001,PLANT01,MG01,2026-02-02,SAP
SAPACC5698,Menon Services Ltd,Retail,Meera Nair,AG002,COMP002,PLANT02,MG02,2026-03-17,SAP
SAPACC5231,Joshi Consulting Ltd,Financial Services,Vikas Patel,AG007,COMP007,PLANT07,MG07,2026-02-06,SAP
SAPACC5202,Desai Foods Ltd,Manufacturing,Deepak Pandey,AG002,COMP002,PLANT02,MG02,2026-01-30,SAP
SAPACC5070,Malhotra Solutions Ltd,Technology,Shreya Iyer,AG006,COMP006,PLANT06,MG06,2026-01-05,SAP
SAPACC5295,Shah Retail Ltd,Healthcare,Manish Mehta,AG007,COMP007,PLANT07,MG07,2026-01-05,SAP
SAPACC5542,Yadav Services Ltd,Manufacturing,Arjun Agarwal,AG006,COMP006,PLANT06,MG06,2026-03-10,SAP
SAPACC5060,Agarwal Foods Ltd,Manufacturing,Rohit Dubey,AG004,COMP004,PLANT04,MG04,2026-03-31,SAP
SAPACC5723,Iyer Pharmaceuticals Ltd,Transportation,John Pandey,AG003,COMP003,PLANT03,MG03,2026-03-24,SAP
SAPACC5633,Chopra Solutions Ltd,Technology,Ramesh Verma,AG001,COMP001,PLANT01,MG01,2026-03-21,SAP
SAPACC5685,Desai Finance Ltd,Financial Services,Karan Chopra,AG005,COMP005,PLANT05,MG05,2026-03-18,SAP
SAPACC5671,Agarwal Technologies Ltd,Technology,Rahul Iyer,AG007,COMP007,PLANT07,MG07,2026-01-11,SAP
SAPACC5403,Pandey Technologies Ltd,Retail,Divya Bajaj,AG003,COMP003,PLANT03,MG03,2026-02-04,SAP
SAPACC5657,Joshi Textiles Ltd,Manufacturing,Suresh Rao,AG001,COMP001,PLANT01,MG01,2026-01-10,SAP
SAPACC5053,Shah Logistics Ltd,Technology,Rohit Mishra,AG005,COMP005,PLANT05,MG05,2026-03-23,SAP
SAPACC5166,Rao Pharmaceuticals Ltd,Technology,Seema Patil,AG006,COMP006,PLANT06,MG06,2026-03-07,SAP
SAPACC5122,Pandey Technologies Ltd,Manufacturing,Vinod Reddy,AG002,COMP002,PLANT02,MG02,2026-02-10,SAP
SAPACC5913,Rao Pharmaceuticals Ltd,Transportation,Rahul Banerjee,AG001,COMP001,PLANT01,MG01,2026-01-23,SAP
SAPACC5842,Nair Solutions Ltd,Financial Services,Divya Desai,AG002,COMP002,PLANT02,MG02,2026-03-24,SAP
SAPACC5897,Kapoor Technologies Ltd,Financial Services,Priya Sharma,AG001,COMP001,PLANT01,MG01,2026-02-16,SAP
SAPACC5214,Desai Logistics Ltd,Manufacturing,Karan Dubey,AG006,COMP006,PLANT06,MG06,2026-02-28,SAP
SAPACC5756,Joshi Solutions Ltd,Manufacturing,Ajay Dubey,AG004,COMP004,PLANT04,MG04,2026-03-20,SAP
SAPACC5235,Rao Healthcare Ltd,Manufacturing,Vikas Verma,AG003,COMP003,PLANT03,MG03,2026-01-01,SAP
SAPACC5266,Reddy Consulting Ltd,Manufacturing,Suresh Desai,AG002,COMP002,PLANT02,MG02,2026-02-17,SAP
SAPACC5927,Dubey Solutions Ltd,Financial Services,Amit Menon,AG007,COMP007,PLANT07,MG07,2026-01-15,SAP
SAPACC5298,Shah Finance Ltd,Financial Services,Sunita Patil,AG002,COMP002,PLANT02,MG02,2026-03-25,SAP
SAPACC5066,Menon Solutions Ltd,Manufacturing,Rohit Mishra,AG002,COMP002,PLANT02,MG02,2026-02-11,SAP
SAPACC5675,Iyer Healthcare Ltd,Transportation,Sneha Mehta,AG003,COMP003,PLANT03,MG03,2026-03-19,SAP
SAPACC5093,Mishra Logistics Ltd,Technology,Neha Menon,AG005,COMP005,PLANT05,MG05,2026-02-08,SAP
SAPACC5827,Kapoor Foods Ltd,Financial Services,Sunil Agarwal,AG003,COMP003,PLANT03,MG03,2026-02-27,SAP
SAPACC5751,Iyer Services Ltd,Financial Services,Anjali Kapoor,AG007,COMP007,PLANT07,MG07,2026-02-28,SAP
SAPACC5873,Iyer Healthcare Ltd,Transportation,Sneha Joshi,AG001,COMP001,PLANT01,MG01,2026-01-17,SAP
SAPACC5507,Yadav Consulting Ltd,Financial Services,Amit Kumar,AG003,COMP003,PLANT03,MG03,2026-01-29,SAP
SAPACC5223,Iyer Finance Ltd,Retail,Alok Sharma,AG007,COMP007,PLANT07,MG07,2026-02-05,SAP
SAPACC5820,Dubey Pharmaceuticals Ltd,Technology,Rekha Sharma,AG004,COMP004,PLANT04,MG04,2026-01-12,SAP
SAPACC5580,Shah Consulting Ltd,Manufacturing,Vinay Menon,AG004,COMP004,PLANT04,MG04,2026-03-18,SAP
SAPACC5794,Pandey Technologies Ltd,Retail,Prakash Mishra,AG002,COMP002,PLANT02,MG02,2026-01-07,SAP
SAPACC5684,Mishra Pharmaceuticals Ltd,Financial Services,Neha Verma,AG004,COMP004,PLANT04,MG04,2026-02-22,SAP
SAPACC5760,Desai Pharmaceuticals Ltd,Retail,John Banerjee,AG008,COMP008,PLANT08,MG08,2026-02-26,SAP
SAPACC5215,Mehta Finance Ltd,Healthcare,Shreya Mishra,AG007,COMP007,PLANT07,MG07,2026-02-15,SAP
SAPACC5485,Menon Textiles Ltd,Financial Services,Neha Patil,AG005,COMP005,PLANT05,MG05,2026-02-11,SAP
SAPACC5762,Mishra Enterprises Ltd,Financial Services,Suresh Kumar,AG002,COMP002,PLANT02,MG02,2026-02-19,SAP
SAPACC5792,Mehta Solutions Ltd,Manufacturing,Karan Kapoor,AG008,COMP008,PLANT08,MG08,2026-01-09,SAP
SAPACC5791,Tiwari Retail Ltd,Manufacturing,Rahul Shah,AG007,COMP007,PLANT07,MG07,2026-02-28,SAP
SAPACC5164,Rao Healthcare Ltd,Retail,Priya Kapoor,AG004,COMP004,PLANT04,MG04,2026-03-14,SAP
SAPACC5799,Yadav Consulting Ltd,Transportation,John Guptha,AG007,COMP007,PLANT07,MG07,2026-03-24,SAP
SAPACC5745,Bajaj Enterprises Ltd,Retail,Priya Shah,AG001,COMP001,PLANT01,MG01,2026-03-12,SAP
SAPACC5056,Menon Solutions Ltd,Retail,Vinay Verma,AG008,COMP008,PLANT08,MG08,2026-02-05,SAP
SAPACC5396,Tiwari Textiles Ltd,Manufacturing,Prakash Verma,AG004,COMP004,PLANT04,MG04,2026-01-22,SAP
SAPACC5569,Kaur Consulting Ltd,Healthcare,Amit Rao,AG001,COMP001,PLANT01,MG01,2026-03-29,SAP
SAPACC5058,Chopra Foods Ltd,Technology,Anita Tiwari,AG002,COMP002,PLANT02,MG02,2026-01-19,SAP
SAPACC5252,Joshi Finance Ltd,Financial Services,Divya Kapoor,AG004,COMP004,PLANT04,MG04,2026-01-16,SAP
SAPACC5531,Agarwal Technologies Ltd,Transportation,Alok Patel,AG003,COMP003,PLANT03,MG03,2026-02-14,SAP
SAPACC5509,Mehta Logistics Ltd,Transportation,Ravi Srivastava,AG005,COMP005,PLANT05,MG05,2026-02-24,SAP
SAPACC5463,Srivastava Enterprises Ltd,Retail,Shalini Kapoor,AG007,COMP007,PLANT07,MG07,2026-02-18,SAP
SAPACC5649,Patil Retail Ltd,Retail,Rohit Tiwari,AG001,COMP001,PLANT01,MG01,2026-03-07,SAP
SAPACC5055,Mishra Retail Ltd,Transportation,Ravi Rao,AG007,COMP007,PLANT07,MG07,2026-01-14,SAP
SAPACC5206,Mehta Consulting Ltd,Transportation,Shreya Kapoor,AG006,COMP006,PLANT06,MG06,2026-03-01,SAP
SAPACC5567,Dubey Solutions Ltd,Manufacturing,Neha Agarwal,AG007,COMP007,PLANT07,MG07,2026-02-12,SAP
SAPACC5209,Banerjee Technologies Ltd,Retail,Kavita Joshi,AG001,COMP001,PLANT01,MG01,2026-03-26,SAP
SAPACC5449,Srivastava Finance Ltd,Transportation,Priya Kapoor,AG001,COMP001,PLANT01,MG01,2026-02-02,SAP
SAPACC5030,Kapoor Traders Ltd,Transportation,Seema Gupta,AG006,COMP006,PLANT06,MG06,2026-01-27,SAP
SAPACC5818,Tiwari Healthcare Ltd,Technology,Vinay Malhotra,AG002,COMP002,PLANT02,MG02,2026-03-25,SAP
SAPACC5120,Reddy Logistics Ltd,Retail,Sunil Verma,AG008,COMP008,PLANT08,MG08,2026-03-17,SAP
SAPACC5282,Sharma Retail Ltd,Manufacturing,Seema Iyer,AG002,COMP002,PLANT02,MG02,2026-02-16,SAP
SAPACC5926,Nair Finance Ltd,Technology,Ravi Gupta,AG006,COMP006,PLANT06,MG06,2026-01-19,SAP
SAPACC5616,Kapoor Pharmaceuticals Ltd,Financial Services,Sanjay Kumar,AG008,COMP008,PLANT08,MG08,2026-01-12,SAP
SAPACC5041,Mehta Textiles Ltd,Technology,Arvind Kaur,AG001,COMP001,PLANT01,MG01,2026-02-01,SAP
SAPACC5403,Pandey Technologies Ltd,Retail,Divya Bajaj,AG003,COMP003,PLANT03,MG03,2026-02-04,SAP
SAPACC5291,Patil Finance Ltd,Technology,Arvind Kaur,AG003,COMP003,PLANT03,MG03,2026-01-23,SAP
SAPACC5354,Banerjee Enterprises Ltd,Manufacturing,Shreya Mishra,AG002,COMP002,PLANT02,MG02,2026-03-07,SAP
SAPACC5435,Verma Consulting Ltd,Retail,Divya Mehta,AG003,COMP003,PLANT03,MG03,2026-01-02,SAP
SAPACC5590,Singh Finance Ltd,Technology,Divya Chopra,AG006,COMP006,PLANT06,MG06,2026-03-02,SAP
SAPACC5396,Tiwari Textiles Ltd,Manufacturing,Prakash Verma,AG004,COMP004,PLANT04,MG04,2026-01-22,SAP
SAPACC5472,Chopra Pharmaceuticals Ltd,Healthcare,Sunita Bajaj,AG008,COMP008,PLANT08,MG08,2026-03-16,SAP
SAPACC5490,Tiwari Foods Ltd,Transportation,Divya Bajaj,AG002,COMP002,PLANT02,MG02,2026-03-29,SAP
SAPACC5610,Tiwari Retail Ltd,Technology,Harish Menon,AG002,COMP002,PLANT02,MG02,2026-03-21,SAP
SAPACC5585,Joshi Technologies Ltd,Technology,Alok Rao,AG001,COMP001,PLANT01,MG01,2026-01-24,SAP
SAPACC5802,Iyer Healthcare Ltd,Technology,Rajiv Singh,AG002,COMP002,PLANT02,MG02,2026-02-18,SAP
SAPACC5360,Banerjee Healthcare Ltd,Manufacturing,Arvind Iyer,AG008,COMP008,PLANT08,MG08,2026-01-15,SAP
SAPACC5783,Guptha Traders Ltd,Retail,John Kapoor,AG007,COMP007,PLANT07,MG07,2026-01-20,SAP
SAPACC5935,Mishra Solutions Ltd,Healthcare,Shreya Singh,AG007,COMP007,PLANT07,MG07,2026-01-24,SAP
SAPACC5786,Iyer Healthcare Ltd,Healthcare,Suresh Yadav,AG002,COMP002,PLANT02,MG02,2026-01-18,SAP
SAPACC5322,Banerjee Traders Ltd,Transportation,Priya Nair,AG002,COMP002,PLANT02,MG02,2026-01-29,SAP
SAPACC5277,Iyer Enterprises Ltd,Financial Services,Jane Patil,AG005,COMP005,PLANT05,MG05,2026-01-21,SAP
SAPACC5487,Dubey Pharmaceuticals Ltd,Technology,Arvind Gupta,AG007,COMP007,PLANT07,MG07,2026-02-06,SAP
SAPACC5308,Malhotra Finance Ltd,Financial Services,Shreya Reddy,AG004,COMP004,PLANT04,MG04,2026-02-14,SAP
SAPACC5133,Reddy Traders Ltd,Technology,Sachin Iyer,AG005,COMP005,PLANT05,MG05,2026-01-22,SAP
SAPACC5453,Mishra Consulting Ltd,Transportation,Alok Yadav,AG005,COMP005,PLANT05,MG05,2026-02-05,SAP
SAPACC5500,Desai Consulting Ltd,Healthcare,Anjali Dubey,AG004,COMP004,PLANT04,MG04,2026-01-12,SAP
SAPACC5211,Mehta Enterprises Ltd,Manufacturing,Anjali Srivastava,AG003,COMP003,PLANT03,MG03,2026-01-13,SAP
SAPACC5128,Srivastava Enterprises Ltd,Healthcare,Sneha Kaur,AG008,COMP008,PLANT08,MG08,2026-01-30,SAP
SAPACC5846,Bajaj Finance Ltd,Transportation,Shalini Mishra,AG006,COMP006,PLANT06,MG06,2026-01-27,SAP
SAPACC5390,Chopra Enterprises Ltd,Financial Services,Seema Rao,AG006,COMP006,PLANT06,MG06,2026-02-26,SAP
SAPACC5905,Tiwari Industries Ltd,Transportation,Alok Pandey,AG001,COMP001,PLANT01,MG01,2026-03-16,SAP
SAPACC5304,Sharma Foods Ltd,Technology,Meena Mehta,AG008,COMP008,PLANT08,MG08,2026-02-26,SAP
SAPACC5666,Agarwal Healthcare Ltd,Financial Services,Meena Patel,AG002,COMP002,PLANT02,MG02,2026-03-21,SAP
SAPACC5738,Desai Enterprises Ltd,Financial Services,Jane Patel,AG002,COMP002,PLANT02,MG02,2026-01-21,SAP
SAPACC5409,Dubey Technologies Ltd,Retail,Prakash Reddy,AG001,COMP001,PLANT01,MG01,2026-02-11,SAP
SAPACC5255,Kapoor Textiles Ltd,Financial Services,Sneha Patel,AG007,COMP007,PLANT07,MG07,2026-01-11,SAP
SAPACC5772,Kaur Enterprises Ltd,Transportation,Karan Mehta,AG004,COMP004,PLANT04,MG04,2026-01-18,SAP
SAPACC5640,Pandey Retail Ltd,Technology,Shalini Gupta,AG008,COMP008,PLANT08,MG08,2026-01-12,SAP
SAPACC5618,Patil Pharmaceuticals Ltd,Technology,Vinod Kapoor,AG002,COMP002,PLANT02,MG02,2026-01-17,SAP
SAPACC5028,Guptha Finance Ltd,Financial Services,Suresh Sharma,AG004,COMP004,PLANT04,MG04,2026-01-29,SAP
SAPACC5134,Patel Consulting Ltd,Technology,Sunita Mehta,AG006,COMP006,PLANT06,MG06,2026-02-18,SAP
SAPACC5188,Singh Textiles Ltd,Healthcare,Rajiv Singh,AG004,COMP004,PLANT04,MG04,2026-02-01,SAP
SAPACC5121,Rao Solutions Ltd,Retail,Deepak Gupta,AG001,COMP001,PLANT01,MG01,2026-03-04,SAP
SAPACC5710,Desai Foods Ltd,Financial Services,Pooja Guptha,AG006,COMP006,PLANT06,MG06,2026-01-11,SAP
SAPACC5939,Rao Healthcare Ltd,Technology,Pooja Dubey,AG003,COMP003,PLANT03,MG03,2026-03-10,SAP
SAPACC5425,Mehta Retail Ltd,Manufacturing,Rekha Nair,AG001,COMP001,PLANT01,MG01,2026-01-09,SAP
SAPACC5374,Menon Traders Ltd,Transportation,Lakshmi Mishra,AG006,COMP006,PLANT06,MG06,2026-03-01,SAP
SAPACC5742,Malhotra Finance Ltd,Manufacturing,Meera Sharma,AG006,COMP006,PLANT06,MG06,2026-02-01,SAP
SAPACC5605,Patel Traders Ltd,Manufacturing,Meera Iyer,AG005,COMP005,PLANT05,MG05,2026-03-10,SAP
SAPACC5162,Shah Finance Ltd,Transportation,Meera Patel,AG002,COMP002,PLANT02,MG02,2026-02-17,SAP
SAPACC5245,Dubey Consulting Ltd,Technology,Sunita Rao,AG005,COMP005,PLANT05,MG05,2026-02-28,SAP
SAPACC5072,Singh Healthcare Ltd,Healthcare,Divya Rao,AG008,COMP008,PLANT08,MG08,2026-01-01,SAP
SAPACC5608,Kapoor Retail Ltd,Financial Services,Sneha Shah,AG008,COMP008,PLANT08,MG08,2026-03-18,SAP
SAPACC5391,Reddy Foods Ltd,Financial Services,Rajiv Srivastava,AG007,COMP007,PLANT07,MG07,2026-02-12,SAP
SAPACC5769,Kaur Enterprises Ltd,Retail,Sanjay Kaur,AG001,COMP001,PLANT01,MG01,2026-01-07,SAP
SAPACC5020,Yadav Logistics Ltd,Retail,Jane Kapoor,AG004,COMP004,PLANT04,MG04,2026-03-31,SAP
SAPACC5709,Agarwal Consulting Ltd,Financial Services,Rajiv Reddy,AG005,COMP005,PLANT05,MG05,2026-01-09,SAP
SAPACC5614,Patil Enterprises Ltd,Manufacturing,Meena Kapoor,AG006,COMP006,PLANT06,MG06,2026-03-14,SAP
SAPACC5733,Chopra Foods Ltd,Technology,Pooja Mehta,AG005,COMP005,PLANT05,MG05,2026-01-12,SAP
SAPACC5934,Dubey Enterprises Ltd,Manufacturing,Divya Dubey,AG006,COMP006,PLANT06,MG06,2026-01-24,SAP
SAPACC5943,Iyer Healthcare Ltd,Healthcare,Vinay Desai,AG007,COMP007,PLANT07,MG07,2026-02-18,SAP
SAPACC5931,Bajaj Finance Ltd,Financial Services,Vinod Guptha,AG003,COMP003,PLANT03,MG03,2026-03-24,SAP
SAPACC5026,Patel Solutions Ltd,Healthcare,Suresh Desai,AG002,COMP002,PLANT02,MG02,2026-01-25,SAP
SAPACC5299,Mehta Solutions Ltd,Technology,Amit Menon,AG003,COMP003,PLANT03,MG03,2026-02-10,SAP
SAPACC5086,Joshi Industries Ltd,Transportation,Divya Tiwari,AG006,COMP006,PLANT06,MG06,2026-03-26,SAP
SAPACC5550,Menon Services Ltd,Transportation,Manish Guptha,AG006,COMP006,PLANT06,MG06,2026-02-13,SAP
SAPACC5744,Mishra Healthcare Ltd,Manufacturing,Arvind Kumar,AG008,COMP008,PLANT08,MG08,2026-01-05,SAP
SAPACC5439,Patel Pharmaceuticals Ltd,Financial Services,Ajay Yadav,AG007,COMP007,PLANT07,MG07,2026-03-30,SAP
SAPACC5919,Shah Healthcare Ltd,Transportation,Anjali Patel,AG007,COMP007,PLANT07,MG07,2026-01-17,SAP
SAPACC5945,Yadav Technologies Ltd,Financial Services,Karan Guptha,AG001,COMP001,PLANT01,MG01,2026-03-14,SAP
SAPACC5578,Kaur Textiles Ltd,Healthcare,Sanjay Mehta,AG002,COMP002,PLANT02,MG02,2026-01-09,SAP
SAPACC5234,Singh Solutions Ltd,Healthcare,Prakash Banerjee,AG002,COMP002,PLANT02,MG02,2026-03-28,SAP
SAPACC5459,Kapoor Traders Ltd,Retail,Anita Desai,AG003,COMP003,PLANT03,MG03,2026-03-14,SAP
SAPACC5132,Nair Logistics Ltd,Manufacturing,Shreya Pandey,AG004,COMP004,PLANT04,MG04,2026-02-10,SAP
SAPACC5825,Kapoor Consulting Ltd,Retail,Manish Banerjee,AG001,COMP001,PLANT01,MG01,2026-03-10,SAP
SAPACC5105,Joshi Foods Ltd,Manufacturing,Lakshmi Reddy,AG001,COMP001,PLANT01,MG01,2026-03-06,SAP
SAPACC5008,Malhotra Enterprises Ltd,Transportation,Ramesh Sharma,AG008,COMP008,PLANT08,MG08,2026-03-26,SAP
SAPACC5747,Verma Consulting Ltd,Technology,Shalini Yadav,AG003,COMP003,PLANT03,MG03,2026-02-08,SAP
SAPACC5116,Nair Technologies Ltd,Healthcare,Neha Tiwari,AG004,COMP004,PLANT04,MG04,2026-02-19,SAP
SAPACC5246,Patil Retail Ltd,Retail,Sunil Joshi,AG006,COMP006,PLANT06,MG06,2026-03-03,SAP
SAPACC5367,Desai Enterprises Ltd,Technology,Anjali Mishra,AG007,COMP007,PLANT07,MG07,2026-02-27,SAP
SAPACC5635,Guptha Textiles Ltd,Healthcare,Ramesh Mehta,AG003,COMP003,PLANT03,MG03,2026-02-20,SAP
SAPACC5543,Shah Finance Ltd,Retail,Karan Kapoor,AG007,COMP007,PLANT07,MG07,2026-03-15,SAP
SAPACC5677,Malhotra Logistics Ltd,Manufacturing,Lakshmi Kumar,AG005,COMP005,PLANT05,MG05,2026-01-28,SAP
SAPACC5175,Rao Solutions Ltd,Transportation,Rohit Banerjee,AG007,COMP007,PLANT07,MG07,2026-02-28,SAP
SAPACC5648,Patil Logistics Ltd,Transportation,Shreya Mehta,AG008,COMP008,PLANT08,MG08,2026-02-21,SAP
SAPACC5571,Rao Healthcare Ltd,Manufacturing,Shreya Agarwal,AG003,COMP003,PLANT03,MG03,2026-03-06,SAP
SAPACC5332,Menon Services Ltd,Healthcare,Sunil Mehta,AG004,COMP004,PLANT04,MG04,2026-02-12,SAP
SAPACC5736,Srivastava Pharmaceuticals Ltd,Technology,Sunita Iyer,AG008,COMP008,PLANT08,MG08,2026-01-10,SAP
SAPACC5254,Kumar Enterprises Ltd,Financial Services,Vinod Gupta,AG006,COMP006,PLANT06,MG06,2026-02-17,SAP
SAPACC5942,Kapoor Industries Ltd,Healthcare,Sunita Agarwal,AG006,COMP006,PLANT06,MG06,2026-03-19,SAP
SAPACC5465,Rao Logistics Ltd,Transportation,Jane Verma,AG001,COMP001,PLANT01,MG01,2026-03-20,SAP
SAPACC5378,Menon Technologies Ltd,Healthcare,Rahul Gupta,AG002,COMP002,PLANT02,MG02,2026-01-27,SAP
SAPACC5526,Dubey Textiles Ltd,Healthcare,Seema Mehta,AG006,COMP006,PLANT06,MG06,2026-02-18,SAP
SAPACC5836,Tiwari Enterprises Ltd,Transportation,Sachin Kumar,AG004,COMP004,PLANT04,MG04,2026-03-06,SAP
SAPACC5464,Patel Industries Ltd,Retail,Anjali Pandey,AG008,COMP008,PLANT08,MG08,2026-03-01,SAP
SAPACC5220,Desai Solutions Ltd,Transportation,Pooja Menon,AG004,COMP004,PLANT04,MG04,2026-01-27,SAP
SAPACC5834,Iyer Finance Ltd,Manufacturing,Kavita Bajaj,AG002,COMP002,PLANT02,MG02,2026-02-02,SAP
SAPACC5330,Menon Traders Ltd,Transportation,Arjun Verma,AG002,COMP002,PLANT02,MG02,2026-02-07,SAP
SAPACC5149,Kumar Textiles Ltd,Technology,Rekha Menon,AG005,COMP005,PLANT05,MG05,2026-02-16,SAP
SAPACC5830,Joshi Solutions Ltd,Financial Services,Meera Agarwal,AG006,COMP006,PLANT06,MG06,2026-02-13,SAP
SAPACC5488,Gupta Textiles Ltd,Healthcare,Anita Patel,AG008,COMP008,PLANT08,MG08,2026-02-20,SAP
SAPACC5663,Gupta Industries Ltd,Financial Services,Ramesh Nair,AG007,COMP007,PLANT07,MG07,2026-02-14,SAP
SAPACC5102,Kumar Industries Ltd,Manufacturing,Rajiv Kaur,AG006,COMP006,PLANT06,MG06,2026-02-17,SAP
SAPACC5636,Sharma Textiles Ltd,Technology,Pooja Shah,AG004,COMP004,PLANT04,MG04,2026-03-29,SAP
SAPACC5207,Patil Enterprises Ltd,Transportation,Sneha Dubey,AG007,COMP007,PLANT07,MG07,2026-02-23,SAP
SAPACC5946,Agarwal Solutions Ltd,Financial Services,Deepak Menon,AG002,COMP002,PLANT02,MG02,2026-02-09,SAP
SAPACC5699,Iyer Retail Ltd,Financial Services,Rekha Iyer,AG003,COMP003,PLANT03,MG03,2026-01-18,SAP
SAPACC5065,Desai Industries Ltd,Retail,Vikas Pandey,AG001,COMP001,PLANT01,MG01,2026-01-25,SAP
SAPACC5704,Pandey Industries Ltd,Technology,Harish Verma,AG008,COMP008,PLANT08,MG08,2026-02-12,SAP
SAPACC5826,Chopra Traders Ltd,Transportation,Vinay Mishra,AG002,COMP002,PLANT02,MG02,2026-01-30,SAP
SAPACC5775,Kapoor Industries Ltd,Technology,Shreya Bajaj,AG007,COMP007,PLANT07,MG07,2026-01-19,SAP
SAPACC5872,Tiwari Textiles Ltd,Retail,Ramesh Agarwal,AG008,COMP008,PLANT08,MG08,2026-01-04,SAP
SAPACC5258,Banerjee Foods Ltd,Financial Services,Karan Kapoor,AG002,COMP002,PLANT02,MG02,2026-01-16,SAP
SAPACC5251,Patel Finance Ltd,Manufacturing,John Verma,AG003,COMP003,PLANT03,MG03,2026-02-12,SAP
SAPACC5324,Joshi Logistics Ltd,Technology,Divya Singh,AG004,COMP004,PLANT04,MG04,2026-02-08,SAP
SAPACC5847,Desai Foods Ltd,Transportation,Pooja Shah,AG007,COMP007,PLANT07,MG07,2026-01-30,SAP
SAPACC5273,Reddy Finance Ltd,Transportation,Rekha Tiwari,AG001,COMP001,PLANT01,MG01,2026-03-22,SAP
SAPACC5173,Sharma Logistics Ltd,Technology,Arvind Kaur,AG005,COMP005,PLANT05,MG05,2026-01-18,SAP
SAPACC5502,Yadav Retail Ltd,Manufacturing,Meera Gupta,AG006,COMP006,PLANT06,MG06,2026-02-21,SAP
SAPACC5815,Reddy Industries Ltd,Financial Services,Ramesh Malhotra,AG007,COMP007,PLANT07,MG07,2026-02-04,SAP
SAPACC5428,Singh Industries Ltd,Transportation,Kavita Singh,AG004,COMP004,PLANT04,MG04,2026-01-15,SAP
SAPACC5631,Malhotra Technologies Ltd,Manufacturing,Karan Reddy,AG007,COMP007,PLANT07,MG07,2026-01-05,SAP
SAPACC5821,Sharma Textiles Ltd,Technology,Rahul Patel,AG005,COMP005,PLANT05,MG05,2026-03-12,SAP
SAPACC5233,Sharma Logistics Ltd,Financial Services,Vikas Nair,AG001,COMP001,PLANT01,MG01,2026-03-12,SAP
SAPACC5312,Nair Services Ltd,Retail,Meera Agarwal,AG008,COMP008,PLANT08,MG08,2026-03-14,SAP
SAPACC5655,Iyer Finance Ltd,Retail,Alok Sharma,AG007,COMP007,PLANT07,MG07,2026-01-22,SAP
SAPACC5801,Kapoor Traders Ltd,Healthcare,Ravi Kapoor,AG001,COMP001,PLANT01,MG01,2026-02-23,SAP
SAPACC5843,Joshi Foods Ltd,Manufacturing,Jane Malhotra,AG003,COMP003,PLANT03,MG03,2026-01-08,SAP
SAPACC5765,Desai Services Ltd,Manufacturing,Pooja Kapoor,AG005,COMP005,PLANT05,MG05,2026-01-08,SAP
SAPACC5697,Patil Consulting Ltd,Healthcare,Meera Malhotra,AG001,COMP001,PLANT01,MG01,2026-02-17,SAP
SAPACC5809,Yadav Industries Ltd,Financial Services,Suresh Rao,AG001,COMP001,PLANT01,MG01,2026-03-09,SAP
SAPACC5936,Gupta Consulting Ltd,Financial Services,Deepak Desai,AG008,COMP008,PLANT08,MG08,2026-01-16,SAP
SAPACC5399,Joshi Consulting Ltd,Transportation,Neha Pandey,AG007,COMP007,PLANT07,MG07,2026-03-19,SAP
SAPACC5303,Shah Traders Ltd,Healthcare,Ajay Agarwal,AG007,COMP007,PLANT07,MG07,2026-02-18,SAP
SAPACC5387,Patil Industries Ltd,Financial Services,Vinay Sharma,AG003,COMP003,PLANT03,MG03,2026-02-12,SAP
SAPACC5792,Mehta Solutions Ltd,Manufacturing,Karan Kapoor,AG008,COMP008,PLANT08,MG08,2026-01-09,SAP
SAPACC5646,Srivastava Enterprises Ltd,Financial Services,Kavita Srivastava,AG006,COMP006,PLANT06,MG06,2026-01-18,SAP
SAPACC5108,Shah Traders Ltd,Technology,Meena Iyer,AG004,COMP004,PLANT04,MG04,2026-01-26,SAP
SAPACC5362,Sharma Finance Ltd,Financial Services,John Mishra,AG002,COMP002,PLANT02,MG02,2026-03-29,SAP
SAPACC5203,Malhotra Textiles Ltd,Retail,Ajay Kumar,AG003,COMP003,PLANT03,MG03,2026-01-16,SAP
SAPACC5104,Kaur Technologies Ltd,Healthcare,Arvind Chopra,AG008,COMP008,PLANT08,MG08,2026-03-26,SAP
SAPACC5356,Sharma Healthcare Ltd,Financial Services,Priya Kaur,AG004,COMP004,PLANT04,MG04,2026-02-04,SAP
SAPACC5620,Patil Retail Ltd,Transportation,Neha Tiwari,AG004,COMP004,PLANT04,MG04,2026-01-05,SAP
SAPACC5829,Patel Enterprises Ltd,Technology,Karan Dubey,AG005,COMP005,PLANT05,MG05,2026-02-21,SAP
SAPACC5064,Sharma Technologies Ltd,Manufacturing,Sanjay Bajaj,AG008,COMP008,PLANT08,MG08,2026-02-22,SAP
SAPACC5247,Malhotra Finance Ltd,Financial Services,Vinod Singh,AG007,COMP007,PLANT07,MG07,2026-02-08,SAP
SAPACC5308,Malhotra Finance Ltd,Financial Services,Shreya Reddy,AG004,COMP004,PLANT04,MG04,2026-02-14,SAP
SAPACC5840,Srivastava Pharmaceuticals Ltd,Healthcare,Prakash Patel,AG008,COMP008,PLANT08,MG08,2026-01-22,SAP
SAPACC5701,Mishra Services Ltd,Manufacturing,Sunil Patil,AG005,COMP005,PLANT05,MG05,2026-02-23,SAP
SAPACC5082,Yadav Industries Ltd,Transportation,Ajay Agarwal,AG002,COMP002,PLANT02,MG02,2026-03-03,SAP
SAPACC5196,Agarwal Solutions Ltd,Financial Services,Ravi Guptha,AG004,COMP004,PLANT04,MG04,2026-03-01,SAP
SAPACC5735,Tiwari Finance Ltd,Retail,Shreya Banerjee,AG007,COMP007,PLANT07,MG07,2026-01-05,SAP
SAPACC5249,Gupta Solutions Ltd,Retail,Suresh Banerjee,AG001,COMP001,PLANT01,MG01,2026-03-16,SAP
SAPACC5191,Dubey Healthcare Ltd,Manufacturing,Amit Gupta,AG007,COMP007,PLANT07,MG07,2026-01-17,SAP
SAPACC5552,Iyer Healthcare Ltd,Transportation,Rekha Desai,AG008,COMP008,PLANT08,MG08,2026-01-02,SAP
SAPACC5789,Reddy Textiles Ltd,Healthcare,Shreya Kumar,AG005,COMP005,PLANT05,MG05,2026-01-14,SAP
SAPACC5562,Mehta Finance Ltd,Transportation,Arjun Agarwal,AG002,COMP002,PLANT02,MG02,2026-01-27,SAP
SAPACC5899,Kapoor Traders Ltd,Technology,John Nair,AG003,COMP003,PLANT03,MG03,2026-01-01,SAP
SAPACC5508,Reddy Consulting Ltd,Healthcare,Kavita Reddy,AG004,COMP004,PLANT04,MG04,2026-03-05,SAP
SAPACC5908,Chopra Technologies Ltd,Transportation,Seema Joshi,AG004,COMP004,PLANT04,MG04,2026-02-01,SAP
SAPACC5591,Mehta Industries Ltd,Manufacturing,Lakshmi Dubey,AG007,COMP007,PLANT07,MG07,2026-03-07,SAP
SAPACC5572,Mehta Solutions Ltd,Healthcare,Anjali Srivastava,AG004,COMP004,PLANT04,MG04,2026-03-07,SAP
SAPACC5492,Nair Textiles Ltd,Transportation,Rajiv Verma,AG004,COMP004,PLANT04,MG04,2026-01-08,SAP
SAPACC5142,Bajaj Pharmaceuticals Ltd,Manufacturing,Divya Dubey,AG006,COMP006,PLANT06,MG06,2026-03-09,SAP
SAPACC5429,Nair Pharmaceuticals Ltd,Retail,Priya Verma,AG005,COMP005,PLANT05,MG05,2026-01-27,SAP
SAPACC5529,Tiwari Finance Ltd,Transportation,Rajiv Iyer,AG001,COMP001,PLANT01,MG01,2026-01-29,SAP
SAPACC5770,Joshi Traders Ltd,Manufacturing,Rekha Rao,AG002,COMP002,PLANT02,MG02,2026-03-04,SAP
SAPACC5732,Malhotra Pharmaceuticals Ltd,Retail,Pooja Shah,AG004,COMP004,PLANT04,MG04,2026-01-21,SAP
SAPACC5880,Yadav Pharmaceuticals Ltd,Transportation,Deepak Yadav,AG008,COMP008,PLANT08,MG08,2026-03-07,SAP
SAPACC5176,Kumar Services Ltd,Technology,Anjali Shah,AG008,COMP008,PLANT08,MG08,2026-03-10,SAP
SAPACC5346,Iyer Foods Ltd,Manufacturing,Meera Tiwari,AG002,COMP002,PLANT02,MG02,2026-02-01,SAP
SAPACC5305,Srivastava Textiles Ltd,Manufacturing,Seema Agarwal,AG001,COMP001,PLANT01,MG01,2026-02-02,SAP
SAPACC5536,Shah Services Ltd,Retail,Karan Sharma,AG008,COMP008,PLANT08,MG08,2026-03-02,SAP
SAPACC5009,Kumar Healthcare Ltd,Transportation,Sneha Singh,AG001,COMP001,PLANT01,MG01,2026-03-31,SAP
SAPACC5716,Chopra Enterprises Ltd,Healthcare,Sneha Tiwari,AG004,COMP004,PLANT04,MG04,2026-03-16,SAP
SAPACC5237,Mehta Healthcare Ltd,Retail,Shreya Banerjee,AG005,COMP005,PLANT05,MG05,2026-03-19,SAP
SAPACC5595,Reddy Enterprises Ltd,Transportation,Anjali Verma,AG003,COMP003,PLANT03,MG03,2026-03-10,SAP
SAPACC5523,Chopra Pharmaceuticals Ltd,Healthcare,Rohit Guptha,AG003,COMP003,PLANT03,MG03,2026-01-22,SAP
SAPACC5144,Menon Consulting Ltd,Transportation,Deepak Chopra,AG008,COMP008,PLANT08,MG08,2026-02-20,SAP
SAPACC5496,Verma Enterprises Ltd,Manufacturing,Rajiv Nair,AG008,COMP008,PLANT08,MG08,2026-03-14,SAP
SAPACC5388,Agarwal Consulting Ltd,Financial Services,Vinay Mishra,AG004,COMP004,PLANT04,MG04,2026-03-03,SAP
SAPACC5032,Mehta Healthcare Ltd,Healthcare,Rajiv Shah,AG008,COMP008,PLANT08,MG08,2026-01-04,SAP
SAPACC5117,Kapoor Enterprises Ltd,Transportation,Manish Shah,AG005,COMP005,PLANT05,MG05,2026-02-22,SAP
SAPACC5345,Desai Retail Ltd,Manufacturing,Anjali Menon,AG001,COMP001,PLANT01,MG01,2026-01-08,SAP
SAPACC5061,Agarwal Solutions Ltd,Technology,Ravi Mishra,AG005,COMP005,PLANT05,MG05,2026-02-11,SAP
SAPACC5691,Yadav Textiles Ltd,Manufacturing,Karan Menon,AG003,COMP003,PLANT03,MG03,2026-03-02,SAP
SAPACC5903,Chopra Retail Ltd,Transportation,Rajiv Patil,AG007,COMP007,PLANT07,MG07,2026-02-24,SAP
SAPACC5828,Guptha Healthcare Ltd,Manufacturing,Rohit Singh,AG004,COMP004,PLANT04,MG04,2026-02-14,SAP
SAPACC5438,Kumar Technologies Ltd,Financial Services,Ravi Verma,AG006,COMP006,PLANT06,MG06,2026-02-07,SAP
SAPACC5579,Srivastava Services Ltd,Healthcare,Ramesh Mehta,AG003,COMP003,PLANT03,MG03,2026-03-11,SAP
SAPACC5914,Mishra Technologies Ltd,Technology,Shreya Mishra,AG002,COMP002,PLANT02,MG02,2026-01-30,SAP
SAPACC5599,Kumar Consulting Ltd,Retail,Harish Desai,AG007,COMP007,PLANT07,MG07,2026-03-31,SAP
SAPACC5504,Tiwari Pharmaceuticals Ltd,Manufacturing,Vinod Patil,AG008,COMP008,PLANT08,MG08,2026-02-07,SAP
SAPACC5740,Yadav Textiles Ltd,Financial Services,Suresh Sharma,AG004,COMP004,PLANT04,MG04,2026-02-26,SAP
SAPACC5340,Malhotra Industries Ltd,Technology,Ramesh Patil,AG004,COMP004,PLANT04,MG04,2026-01-04,SAP
SAPACC5187,Malhotra Traders Ltd,Transportation,Ravi Agarwal,AG003,COMP003,PLANT03,MG03,2026-02-11,SAP
SAPACC5907,Patil Services Ltd,Technology,Amit Guptha,AG003,COMP003,PLANT03,MG03,2026-03-13,SAP
SAPACC5289,Yadav Enterprises Ltd,Transportation,Harish Patil,AG001,COMP001,PLANT01,MG01,2026-03-13,SAP
SAPACC5375,Rao Services Ltd,Healthcare,Prakash Desai,AG007,COMP007,PLANT07,MG07,2026-03-29,SAP
SAPACC5455,Singh Technologies Ltd,Technology,Meera Iyer,AG007,COMP007,PLANT07,MG07,2026-03-04,SAP
SAPACC5045,Kaur Foods Ltd,Manufacturing,John Malhotra,AG005,COMP005,PLANT05,MG05,2026-01-24,SAP
SAPACC5495,Iyer Technologies Ltd,Retail,Prakash Rao,AG007,COMP007,PLANT07,MG07,2026-01-21,SAP
SAPACC5261,Malhotra Technologies Ltd,Healthcare,Vinay Reddy,AG005,COMP005,PLANT05,MG05,2026-01-20,SAP
SAPACC5232,Guptha Consulting Ltd,Transportation,Sneha Desai,AG008,COMP008,PLANT08,MG08,2026-02-14,SAP
SAPACC5667,Verma Industries Ltd,Transportation,Rahul Yadav,AG003,COMP003,PLANT03,MG03,2026-02-20,SAP
SAPACC5871,Kapoor Enterprises Ltd,Manufacturing,Meena Yadav,AG007,COMP007,PLANT07,MG07,2026-02-04,SAP
SAPACC5620,Patil Retail Ltd,Transportation,Neha Tiwari,AG004,COMP004,PLANT04,MG04,2026-01-05,SAP
SAPACC5443,Kapoor Finance Ltd,Manufacturing,Rekha Mishra,AG003,COMP003,PLANT03,MG03,2026-03-30,SAP
SAPACC5623,Malhotra Healthcare Ltd,Manufacturing,Deepak Banerjee,AG007,COMP007,PLANT07,MG07,2026-02-06,SAP
SAPACC5528,Mishra Retail Ltd,Technology,Divya Kumar,AG008,COMP008,PLANT08,MG08,2026-03-02,SAP
SAPACC5519,Iyer Services Ltd,Transportation,Meera Patil,AG007,COMP007,PLANT07,MG07,2026-02-16,SAP
SAPACC5430,Gupta Consulting Ltd,Transportation,Vinay Kumar,AG006,COMP006,PLANT06,MG06,2026-01-08,SAP
SAPACC5355,Reddy Solutions Ltd,Technology,Alok Iyer,AG003,COMP003,PLANT03,MG03,2026-03-21,SAP
SAPACC5739,Tiwari Textiles Ltd,Technology,Rekha Verma,AG003,COMP003,PLANT03,MG03,2026-03-08,SAP
SAPACC5316,Malhotra Finance Ltd,Transportation,Sunita Patil,AG004,COMP004,PLANT04,MG04,2026-02-18,SAP
SAPACC5461,Iyer Solutions Ltd,Manufacturing,Meera Dubey,AG005,COMP005,PLANT05,MG05,2026-03-03,SAP
SAPACC5878,Mishra Enterprises Ltd,Healthcare,Kavita Shah,AG006,COMP006,PLANT06,MG06,2026-03-04,SAP
SAPACC5200,Dubey Services Ltd,Financial Services,Seema Kaur,AG008,COMP008,PLANT08,MG08,2026-01-05,SAP
SAPACC5268,Patel Healthcare Ltd,Healthcare,Arjun Patel,AG004,COMP004,PLANT04,MG04,2026-03-04,SAP
SAPACC5260,Reddy Solutions Ltd,Transportation,Arjun Guptha,AG004,COMP004,PLANT04,MG04,2026-03-15,SAP
SAPACC5706,Sharma Industries Ltd,Retail,Deepak Kumar,AG002,COMP002,PLANT02,MG02,2026-01-21,SAP
SAPACC5094,Pandey Foods Ltd,Financial Services,Ajay Banerjee,AG006,COMP006,PLANT06,MG06,2026-02-22,SAP
SAPACC5420,Rao Retail Ltd,Financial Services,Rohit Nair,AG004,COMP004,PLANT04,MG04,2026-02-07,SAP
SAPACC5790,Nair Solutions Ltd,Retail,Rahul Desai,AG006,COMP006,PLANT06,MG06,2026-02-14,SAP
SAPACC5654,Mishra Logistics Ltd,Technology,Vikas Sharma,AG006,COMP006,PLANT06,MG06,2026-03-18,SAP
SAPACC5823,Sharma Retail Ltd,Healthcare,Rohit Kumar,AG007,COMP007,PLANT07,MG07,2026-01-20,SAP
SAPACC5638,Menon Foods Ltd,Manufacturing,Ramesh Agarwal,AG006,COMP006,PLANT06,MG06,2026-02-04,SAP
SAPACC5050,Guptha Consulting Ltd,Healthcare,Shalini Verma,AG002,COMP002,PLANT02,MG02,2026-02-18,SAP
SAPACC5385,Mishra Services Ltd,Technology,Seema Dubey,AG001,COMP001,PLANT01,MG01,2026-01-14,SAP
SAPACC5096,Patel Consulting Ltd,Financial Services,Karan Banerjee,AG008,COMP008,PLANT08,MG08,2026-01-02,SAP
SAPACC5574,Verma Finance Ltd,Manufacturing,Ajay Guptha,AG006,COMP006,PLANT06,MG06,2026-02-23,SAP
SAPACC5256,Patil Logistics Ltd,Retail,Arvind Nair,AG008,COMP008,PLANT08,MG08,2026-01-01,SAP
SAPACC5013,Yadav Technologies Ltd,Retail,Alok Nair,AG005,COMP005,PLANT05,MG05,2026-03-21,SAP
SAPACC5044,Verma Enterprises Ltd,Financial Services,Lakshmi Iyer,AG004,COMP004,PLANT04,MG04,2026-01-16,SAP
SAPACC5901,Banerjee Consulting Ltd,Retail,Sunil Guptha,AG005,COMP005,PLANT05,MG05,2026-02-05,SAP
SAPACC5069,Singh Retail Ltd,Healthcare,Rohit Pandey,AG005,COMP005,PLANT05,MG05,2026-03-14,SAP
SAPACC5460,Kaur Finance Ltd,Healthcare,Sunita Kapoor,AG004,COMP004,PLANT04,MG04,2026-03-05,SAP
SAPACC5932,Kumar Logistics Ltd,Financial Services,Vinay Sharma,AG004,COMP004,PLANT04,MG04,2026-02-06,SAP
SAPACC5019,Pandey Foods Ltd,Retail,Divya Rao,AG003,COMP003,PLANT03,MG03,2026-03-28,SAP
SAPACC5481,Tiwari Services Ltd,Healthcare,Seema Verma,AG001,COMP001,PLANT01,MG01,2026-02-10,SAP
SAPACC5881,Sharma Industries Ltd,Manufacturing,Arjun Mehta,AG001,COMP001,PLANT01,MG01,2026-03-31,SAP
SAPACC5822,Malhotra Enterprises Ltd,Manufacturing,Meera Tiwari,AG006,COMP006,PLANT06,MG06,2026-02-21,SAP
SAPACC5676,Iyer Services Ltd,Manufacturing,Prakash Rao,AG004,COMP004,PLANT04,MG04,2026-01-21,SAP
SAPACC5304,Sharma Foods Ltd,Technology,Meena Mehta,AG008,COMP008,PLANT08,MG08,2026-02-26,SAP
SAPACC5198,Pandey Enterprises Ltd,Manufacturing,Rohit Desai,AG006,COMP006,PLANT06,MG06,2026-01-14,SAP
SAPACC5561,Kumar Enterprises Ltd,Technology,Seema Verma,AG001,COMP001,PLANT01,MG01,2026-02-17,SAP
SAPACC5007,Gupta Technologies Ltd,Financial Services,Ajay Desai,AG007,COMP007,PLANT07,MG07,2026-01-14,SAP
SAPACC5363,Bajaj Pharmaceuticals Ltd,Financial Services,Arvind Guptha,AG003,COMP003,PLANT03,MG03,2026-01-08,SAP
SAPACC5749,Nair Industries Ltd,Technology,Ravi Guptha,AG005,COMP005,PLANT05,MG05,2026-02-16,SAP
SAPACC5567,Dubey Solutions Ltd,Manufacturing,Neha Agarwal,AG007,COMP007,PLANT07,MG07,2026-02-12,SAP
SAPACC5469,Mehta Healthcare Ltd,Healthcare,Manish Mehta,AG005,COMP005,PLANT05,MG05,2026-02-11,SAP
SAPACC5728,Kaur Healthcare Ltd,Financial Services,John Banerjee,AG008,COMP008,PLANT08,MG08,2026-01-13,SAP
SAPACC5855,Kaur Foods Ltd,Financial Services,Harish Menon,AG007,COMP007,PLANT07,MG07,2026-02-09,SAP
SAPACC5879,Kapoor Logistics Ltd,Healthcare,Shalini Kaur,AG007,COMP007,PLANT07,MG07,2026-01-10,SAP
SAPACC5199,Reddy Services Ltd,Healthcare,Divya Shah,AG007,COMP007,PLANT07,MG07,2026-01-21,SAP
SAPACC5545,Yadav Traders Ltd,Transportation,Pooja Menon,AG001,COMP001,PLANT01,MG01,2026-03-31,SAP
SAPACC5043,Banerjee Textiles Ltd,Financial Services,Seema Banerjee,AG003,COMP003,PLANT03,MG03,2026-02-21,SAP
SAPACC5775,Kapoor Industries Ltd,Technology,Shreya Bajaj,AG007,COMP007,PLANT07,MG07,2026-01-19,SAP
SAPACC5441,Kaur Enterprises Ltd,Technology,Harish Guptha,AG001,COMP001,PLANT01,MG01,2026-01-16,SAP
SAPACC5910,Patil Textiles Ltd,Retail,Sunita Mehta,AG006,COMP006,PLANT06,MG06,2026-03-01,SAP
SAPACC5434,Bajaj Foods Ltd,Manufacturing,Rohit Malhotra,AG002,COMP002,PLANT02,MG02,2026-03-27,SAP
SAPACC5784,Dubey Finance Ltd,Retail,Vikas Mishra,AG008,COMP008,PLANT08,MG08,2026-03-20,SAP
SAPACC5844,Menon Healthcare Ltd,Financial Services,Arvind Guptha,AG004,COMP004,PLANT04,MG04,2026-01-02,SAP
SAPACC5140,Sharma Industries Ltd,Retail,Divya Reddy,AG004,COMP004,PLANT04,MG04,2026-03-06,SAP
SAPACC5412,Yadav Logistics Ltd,Manufacturing,Prakash Menon,AG004,COMP004,PLANT04,MG04,2026-01-18,SAP
SAPACC5059,Shah Industries Ltd,Retail,Karan Joshi,AG003,COMP003,PLANT03,MG03,2026-02-02,SAP
SAPACC5714,Verma Consulting Ltd,Retail,Prakash Kaur,AG002,COMP002,PLANT02,MG02,2026-03-19,SAP
SAPACC5788,Yadav Healthcare Ltd,Technology,Rekha Singh,AG004,COMP004,PLANT04,MG04,2026-01-20,SAP
SAPACC5601,Singh Textiles Ltd,Technology,Sneha Mishra,AG001,COMP001,PLANT01,MG01,2026-01-11,SAP
SAPACC5588,Singh Enterprises Ltd,Financial Services,Amit Kumar,AG004,COMP004,PLANT04,MG04,2026-01-08,SAP
SAPACC5163,Yadav Pharmaceuticals Ltd,Transportation,Neha Patil,AG003,COMP003,PLANT03,MG03,2026-03-18,SAP
SAPACC5350,Kapoor Retail Ltd,Technology,Shreya Yadav,AG006,COMP006,PLANT06,MG06,2026-02-05,SAP
SAPACC5384,Sharma Traders Ltd,Technology,Ravi Tiwari,AG008,COMP008,PLANT08,MG08,2026-01-28,SAP
SAPACC5606,Patil Industries Ltd,Healthcare,Sachin Dubey,AG006,COMP006,PLANT06,MG06,2026-01-18,SAP
SAPACC5471,Srivastava Solutions Ltd,Technology,Meena Kaur,AG007,COMP007,PLANT07,MG07,2026-03-13,SAP
SAPACC5888,Guptha Logistics Ltd,Retail,Rohit Patel,AG008,COMP008,PLANT08,MG08,2026-01-11,SAP
SAPACC5563,Singh Healthcare Ltd,Retail,Ramesh Shah,AG003,COMP003,PLANT03,MG03,2026-02-13,SAP
SAPACC5433,Patil Textiles Ltd,Transportation,Sanjay Pandey,AG001,COMP001,PLANT01,MG01,2026-03-25,SAP
SAPACC5331,Bajaj Consulting Ltd,Technology,Priya Srivastava,AG003,COMP003,PLANT03,MG03,2026-02-02,SAP
SAPACC5242,Desai Solutions Ltd,Manufacturing,Sunita Menon,AG002,COMP002,PLANT02,MG02,2026-03-05,SAP
SAPACC5413,Agarwal Logistics Ltd,Technology,Arvind Shah,AG005,COMP005,PLANT05,MG05,2026-02-11,SAP
SAPACC5752,Gupta Solutions Ltd,Transportation,Ravi Banerjee,AG008,COMP008,PLANT08,MG08,2026-01-16,SAP
SAPACC5800,Shah Healthcare Ltd,Financial Services,Harish Kapoor,AG008,COMP008,PLANT08,MG08,2026-03-10,SAP
SAPACC5770,Joshi Traders Ltd,Manufacturing,Rekha Rao,AG002,COMP002,PLANT02,MG02,2026-03-04,SAP
SAPACC5169,Patel Services Ltd,Financial Services,Arjun Kumar,AG001,COMP001,PLANT01,MG01,2026-03-04,SAP
SAPACC5047,Patil Consulting Ltd,Healthcare,Shalini Iyer,AG007,COMP007,PLANT07,MG07,2026-02-21,SAP
SAPACC5437,Desai Technologies Ltd,Manufacturing,Ajay Verma,AG005,COMP005,PLANT05,MG05,2026-03-19,SAP
SAPACC5503,Iyer Retail Ltd,Technology,Prakash Srivastava,AG007,COMP007,PLANT07,MG07,2026-01-30,SAP
SAPACC5916,Kumar Consulting Ltd,Retail,Shreya Menon,AG004,COMP004,PLANT04,MG04,2026-02-10,SAP
SAPACC5613,Verma Solutions Ltd,Financial Services,Kavita Iyer,AG005,COMP005,PLANT05,MG05,2026-02-09,SAP
SAPACC5741,Patel Foods Ltd,Manufacturing,Sachin Banerjee,AG005,COMP005,PLANT05,MG05,2026-02-28,SAP
SAPACC5470,Verma Enterprises Ltd,Technology,Sunil Dubey,AG006,COMP006,PLANT06,MG06,2026-01-20,SAP
SAPACC5186,Gupta Technologies Ltd,Financial Services,Sneha Patel,AG002,COMP002,PLANT02,MG02,2026-01-09,SAP
SAPACC5540,Malhotra Pharmaceuticals Ltd,Healthcare,Sneha Yadav,AG004,COMP004,PLANT04,MG04,2026-01-17,SAP
SAPACC5664,Patil Finance Ltd,Retail,Sunita Gupta,AG008,COMP008,PLANT08,MG08,2026-03-30,SAP
SAPACC5482,Kaur Solutions Ltd,Transportation,Shreya Sharma,AG002,COMP002,PLANT02,MG02,2026-01-17,SAP
SAPACC5824,Kumar Technologies Ltd,Manufacturing,Anjali Patel,AG008,COMP008,PLANT08,MG08,2026-01-31,SAP
SAPACC5127,Gupta Foods Ltd,Technology,Vinay Patel,AG007,COMP007,PLANT07,MG07,2026-03-05,SAP
SAPACC5027,Nair Traders Ltd,Financial Services,Neha Banerjee,AG003,COMP003,PLANT03,MG03,2026-02-27,SAP
SAPACC5436,Mehta Enterprises Ltd,Financial Services,Alok Bajaj,AG004,COMP004,PLANT04,MG04,2026-01-29,SAP
SAPACC5208,Guptha Foods Ltd,Transportation,Ravi Mishra,AG008,COMP008,PLANT08,MG08,2026-01-31,SAP
SAPACC5034,Kapoor Consulting Ltd,Financial Services,Rahul Malhotra,AG002,COMP002,PLANT02,MG02,2026-01-21,SAP
SAPACC5315,Nair Solutions Ltd,Healthcare,Arvind Kumar,AG003,COMP003,PLANT03,MG03,2026-01-11,SAP
SAPACC5159,Kumar Technologies Ltd,Healthcare,John Kaur,AG007,COMP007,PLANT07,MG07,2026-02-03,SAP
SAPACC5796,Menon Solutions Ltd,Manufacturing,Rohit Iyer,AG004,COMP004,PLANT04,MG04,2026-03-30,SAP
SAPACC5100,Shah Finance Ltd,Financial Services,Alok Malhotra,AG004,COMP004,PLANT04,MG04,2026-03-03,SAP
SAPACC5398,Bajaj Pharmaceuticals Ltd,Financial Services,Divya Shah,AG006,COMP006,PLANT06,MG06,2026-02-01,SAP
SAPACC5236,Singh Solutions Ltd,Transportation,Divya Yadav,AG004,COMP004,PLANT04,MG04,2026-01-12,SAP
SAPACC5110,Kaur Logistics Ltd,Transportation,Alok Shah,AG006,COMP006,PLANT06,MG06,2026-01-11,SAP
SAPACC5327,Malhotra Enterprises Ltd,Retail,Rekha Rao,AG007,COMP007,PLANT07,MG07,2026-03-01,SAP
SAPACC5750,Nair Textiles Ltd,Technology,Arjun Pandey,AG006,COMP006,PLANT06,MG06,2026-03-14,SAP
SAPACC5265,Reddy Finance Ltd,Transportation,Vinod Kapoor,AG001,COMP001,PLANT01,MG01,2026-02-11,SAP
SAPACC5285,Mehta Textiles Ltd,Manufacturing,Shalini Dubey,AG005,COMP005,PLANT05,MG05,2026-01-19,SAP
SAPACC5929,Pandey Solutions Ltd,Manufacturing,Rajiv Rao,AG001,COMP001,PLANT01,MG01,2026-03-15,SAP
SAPACC5933,Reddy Retail Ltd,Technology,Karan Bajaj,AG005,COMP005,PLANT05,MG05,2026-02-17,SAP
SAPACC5925,Nair Healthcare Ltd,Financial Services,Divya Joshi,AG005,COMP005,PLANT05,MG05,2026-02-12,SAP
SAPACC5456,Malhotra Industries Ltd,Transportation,Sunita Iyer,AG008,COMP008,PLANT08,MG08,2026-02-05,SAP
SAPACC5311,Singh Foods Ltd,Technology,Divya Mishra,AG007,COMP007,PLANT07,MG07,2026-02-05,SAP
SAPACC5556,Tiwari Enterprises Ltd,Financial Services,Ravi Mehta,AG004,COMP004,PLANT04,MG04,2026-02-16,SAP
SAPACC5644,Reddy Pharmaceuticals Ltd,Retail,Vinod Mehta,AG004,COMP004,PLANT04,MG04,2026-01-07,SAP
SAPACC5377,Singh Pharmaceuticals Ltd,Financial Services,Kavita Chopra,AG001,COMP001,PLANT01,MG01,2026-01-20,SAP
SAPACC5004,Reddy Pharmaceuticals Ltd,Retail,Kavita Kaur,AG004,COMP004,PLANT04,MG04,2026-03-07,SAP
SAPACC5217,Verma Textiles Ltd,Financial Services,Deepak Bajaj,AG001,COMP001,PLANT01,MG01,2026-03-29,SAP
SAPACC5310,Malhotra Industries Ltd,Healthcare,Ramesh Sharma,AG006,COMP006,PLANT06,MG06,2026-03-12,SAP
SAPACC5632,Dubey Foods Ltd,Financial Services,Seema Mishra,AG008,COMP008,PLANT08,MG08,2026-03-04,SAP
SAPACC5107,Bajaj Healthcare Ltd,Technology,Rohit Joshi,AG003,COMP003,PLANT03,MG03,2026-01-04,SAP
SAPACC5040,Malhotra Healthcare Ltd,Manufacturing,Sachin Yadav,AG008,COMP008,PLANT08,MG08,2026-01-15,SAP
SAPACC5796,Menon Solutions Ltd,Manufacturing,Rohit Iyer,AG004,COMP004,PLANT04,MG04,2026-03-30,SAP
SAPACC5787,Iyer Solutions Ltd,Technology,Priya Sharma,AG003,COMP003,PLANT03,MG03,2026-03-08,SAP
SAPACC5584,Kapoor Healthcare Ltd,Transportation,Deepak Srivastava,AG008,COMP008,PLANT08,MG08,2026-03-27,SAP
SAPACC5597,Patel Enterprises Ltd,Technology,Ajay Singh,AG005,COMP005,PLANT05,MG05,2026-02-12,SAP
SAPACC5950,Patil Textiles Ltd,Financial Services,Prakash Kapoor,AG006,COMP006,PLANT06,MG06,2026-03-23,SAP
SAPACC5329,Kapoor Technologies Ltd,Retail,Pooja Desai,AG001,COMP001,PLANT01,MG01,2026-02-12,SAP
SAPACC5717,Shah Retail Ltd,Retail,Rekha Malhotra,AG005,COMP005,PLANT05,MG05,2026-03-09,SAP
SAPACC5371,Malhotra Enterprises Ltd,Technology,Anjali Guptha,AG003,COMP003,PLANT03,MG03,2026-03-02,SAP
SAPACC5643,Desai Textiles Ltd,Healthcare,Prakash Kapoor,AG003,COMP003,PLANT03,MG03,2026-01-18,SAP
SAPACC5417,Patel Industries Ltd,Technology,Anita Verma,AG001,COMP001,PLANT01,MG01,2026-03-23,SAP
SAPACC5564,Guptha Finance Ltd,Manufacturing,Anita Patil,AG004,COMP004,PLANT04,MG04,2026-03-17,SAP
SAPACC5021,Kaur Logistics Ltd,Retail,Jane Desai,AG005,COMP005,PLANT05,MG05,2026-03-07,SAP
SAPACC5948,Guptha Pharmaceuticals Ltd,Transportation,Seema Kumar,AG004,COMP004,PLANT04,MG04,2026-02-15,SAP
SAPACC5124,Kaur Textiles Ltd,Manufacturing,Lakshmi Mishra,AG004,COMP004,PLANT04,MG04,2026-02-25,SAP
SAPACC5841,Joshi Traders Ltd,Financial Services,Pooja Chopra,AG001,COMP001,PLANT01,MG01,2026-01-11,SAP
SAPACC5135,Chopra Healthcare Ltd,Retail,Ravi Reddy,AG007,COMP007,PLANT07,MG07,2026-03-20,SAP
SAPACC5101,Chopra Healthcare Ltd,Retail,Vinay Iyer,AG005,COMP005,PLANT05,MG05,2026-01-13,SAP
SAPACC5382,Mehta Consulting Ltd,Technology,Sneha Iyer,AG006,COMP006,PLANT06,MG06,2026-03-17,SAP
SAPACC5682,Desai Industries Ltd,Financial Services,Shreya Shah,AG002,COMP002,PLANT02,MG02,2026-01-15,SAP
SAPACC5131,Banerjee Services Ltd,Healthcare,Meena Kumar,AG003,COMP003,PLANT03,MG03,2026-01-10,SAP
SAPACC5466,Malhotra Finance Ltd,Technology,Manish Rao,AG002,COMP002,PLANT02,MG02,2026-03-13,SAP
SAPACC5279,Verma Technologies Ltd,Retail,Sachin Patel,AG007,COMP007,PLANT07,MG07,2026-02-05,SAP
SAPACC5297,Mehta Logistics Ltd,Financial Services,Shalini Kumar,AG001,COMP001,PLANT01,MG01,2026-03-06,SAP
SAPACC5607,Nair Finance Ltd,Healthcare,Neha Pandey,AG007,COMP007,PLANT07,MG07,2026-03-08,SAP
SAPACC5637,Tiwari Pharmaceuticals Ltd,Technology,John Guptha,AG005,COMP005,PLANT05,MG05,2026-01-17,SAP
SAPACC5949,Nair Healthcare Ltd,Financial Services,Vinay Chopra,AG005,COMP005,PLANT05,MG05,2026-01-19,SAP
SAPACC5216,Pandey Consulting Ltd,Technology,Jane Mishra,AG008,COMP008,PLANT08,MG08,2026-02-18,SAP
SAPACC5554,Mehta Foods Ltd,Healthcare,Arjun Kapoor,AG002,COMP002,PLANT02,MG02,2026-02-24,SAP
SAPACC5547,Mehta Enterprises Ltd,Manufacturing,Pooja Srivastava,AG003,COMP003,PLANT03,MG03,2026-02-15,SAP
SAPACC5452,Agarwal Logistics Ltd,Transportation,Kavita Shah,AG004,COMP004,PLANT04,MG04,2026-01-03,SAP
SAPACC5063,Reddy Foods Ltd,Healthcare,Harish Rao,AG007,COMP007,PLANT07,MG07,2026-01-21,SAP
SAPACC5688,Guptha Finance Ltd,Manufacturing,Divya Agarwal,AG008,COMP008,PLANT08,MG08,2026-02-17,SAP
SAPACC5497,Mishra Industries Ltd,Healthcare,Arvind Patel,AG001,COMP001,PLANT01,MG01,2026-02-27,SAP
SAPACC5257,Rao Finance Ltd,Financial Services,Karan Patel,AG001,COMP001,PLANT01,MG01,2026-01-08,SAP
SAPACC5372,Tiwari Consulting Ltd,Manufacturing,Lakshmi Srivastava,AG004,COMP004,PLANT04,MG04,2026-02-12,SAP
SAPACC5171,Banerjee Logistics Ltd,Retail,Ramesh Shah,AG003,COMP003,PLANT03,MG03,2026-03-26,SAP
SAPACC5358,Verma Traders Ltd,Financial Services,Kavita Kapoor,AG006,COMP006,PLANT06,MG06,2026-01-25,SAP
SAPACC5711,Rao Services Ltd,Manufacturing,Sachin Pandey,AG007,COMP007,PLANT07,MG07,2026-03-10,SAP
SAPACC5906,Guptha Logistics Ltd,Transportation,Prakash Rao,AG002,COMP002,PLANT02,MG02,2026-03-31,SAP
SAPACC5593,Kumar Enterprises Ltd,Transportation,Ravi Srivastava,AG001,COMP001,PLANT01,MG01,2026-02-10,SAP
SAPACC5577,Mehta Industries Ltd,Technology,Divya Mehta,AG001,COMP001,PLANT01,MG01,2026-01-16,SAP
SAPACC5651,Menon Retail Ltd,Financial Services,Sachin Singh,AG003,COMP003,PLANT03,MG03,2026-02-23,SAP
SAPACC5687,Chopra Enterprises Ltd,Retail,Shalini Pandey,AG007,COMP007,PLANT07,MG07,2026-03-29,SAP
SAPACC5869,Shah Finance Ltd,Technology,Vinod Nair,AG005,COMP005,PLANT05,MG05,2026-01-23,SAP
SAPACC5103,Singh Solutions Ltd,Transportation,John Agarwal,AG007,COMP007,PLANT07,MG07,2026-01-07,SAP
SAPACC5165,Mishra Retail Ltd,Retail,Meera Kumar,AG005,COMP005,PLANT05,MG05,2026-02-22,SAP
SAPACC5940,Gupta Logistics Ltd,Technology,Ravi Kumar,AG004,COMP004,PLANT04,MG04,2026-03-14,SAP
SAPACC5832,Desai Logistics Ltd,Transportation,Sunil Mishra,AG008,COMP008,PLANT08,MG08,2026-02-07,SAP
SAPACC5877,Rao Solutions Ltd,Transportation,Lakshmi Malhotra,AG005,COMP005,PLANT05,MG05,2026-02-06,SAP
SAPACC5865,Rao Solutions Ltd,Retail,Meera Kaur,AG001,COMP001,PLANT01,MG01,2026-03-03,SAP
SAPACC5850,Yadav Foods Ltd,Technology,Pooja Kaur,AG002,COMP002,PLANT02,MG02,2026-01-10,SAP
SAPACC5097,Chopra Traders Ltd,Financial Services,Shreya Kapoor,AG001,COMP001,PLANT01,MG01,2026-01-16,SAP
SAPACC5178,Desai Solutions Ltd,Financial Services,Arvind Kapoor,AG002,COMP002,PLANT02,MG02,2026-02-04,SAP
SAPACC5145,Bajaj Logistics Ltd,Retail,Sunita Rao,AG001,COMP001,PLANT01,MG01,2026-02-15,SAP
SAPACC5627,Pandey Consulting Ltd,Manufacturing,Anita Shah,AG003,COMP003,PLANT03,MG03,2026-01-07,SAP
SAPACC5928,Sharma Foods Ltd,Transportation,Sanjay Yadav,AG008,COMP008,PLANT08,MG08,2026-03-31,SAP
SAPACC5044,Verma Enterprises Ltd,Financial Services,Lakshmi Iyer,AG004,COMP004,PLANT04,MG04,2026-01-16,SAP
SAPACC5785,Tiwari Enterprises Ltd,Financial Services,Sunil Shah,AG001,COMP001,PLANT01,MG01,2026-03-08,SAP
SAPACC5798,Nair Solutions Ltd,Technology,Jane Kaur,AG006,COMP006,PLANT06,MG06,2026-01-11,SAP
SAPACC5491,Menon Enterprises Ltd,Transportation,Vinod Iyer,AG003,COMP003,PLANT03,MG03,2026-01-01,SAP
SAPACC5629,Pandey Textiles Ltd,Healthcare,Meena Sharma,AG005,COMP005,PLANT05,MG05,2026-02-21,SAP
SAPACC5763,Iyer Healthcare Ltd,Healthcare,Sanjay Srivastava,AG003,COMP003,PLANT03,MG03,2026-02-26,SAP
SAPACC5758,Kaur Retail Ltd,Manufacturing,Deepak Iyer,AG006,COMP006,PLANT06,MG06,2026-02-26,SAP
SAPACC5010,Yadav Services Ltd,Manufacturing,Alok Desai,AG002,COMP002,PLANT02,MG02,2026-02-08,SAP
SAPACC5467,Verma Traders Ltd,Healthcare,Rekha Kaur,AG003,COMP003,PLANT03,MG03,2026-03-12,SAP
SAPACC5694,Joshi Finance Ltd,Financial Services,Ramesh Bajaj,AG006,COMP006,PLANT06,MG06,2026-03-20,SAP
SAPACC5693,Joshi Pharmaceuticals Ltd,Manufacturing,Manish Patel,AG005,COMP005,PLANT05,MG05,2026-03-07,SAP
SAPACC5811,Verma Industries Ltd,Financial Services,Pooja Kaur,AG003,COMP003,PLANT03,MG03,2026-01-14,SAP
SAPACC5596,Mehta Technologies Ltd,Retail,Sachin Chopra,AG004,COMP004,PLANT04,MG04,2026-01-10,SAP
SAPACC5945,Yadav Technologies Ltd,Financial Services,Karan Guptha,AG001,COMP001,PLANT01,MG01,2026-03-14,SAP
SAPACC5755,Shah Industries Ltd,Technology,Neha Guptha,AG003,COMP003,PLANT03,MG03,2026-03-03,SAP
SAPACC5720,Pandey Healthcare Ltd,Technology,Lakshmi Guptha,AG008,COMP008,PLANT08,MG08,2026-02-14,SAP
SAPACC5875,Patel Services Ltd,Transportation,Seema Shah,AG003,COMP003,PLANT03,MG03,2026-03-12,SAP
SAPACC5006,Bajaj Retail Ltd,Manufacturing,Sunita Tiwari,AG006,COMP006,PLANT06,MG06,2026-03-31,SAP
SAPACC5672,Tiwari Enterprises Ltd,Financial Services,Sunita Singh,AG008,COMP008,PLANT08,MG08,2026-03-02,SAP
SAPACC5598,Dubey Foods Ltd,Financial Services,Vinay Banerjee,AG006,COMP006,PLANT06,MG06,2026-03-24,SAP
SAPACC5860,Joshi Healthcare Ltd,Technology,Suresh Pandey,AG004,COMP004,PLANT04,MG04,2026-02-17,SAP
SAPACC5924,Kapoor Foods Ltd,Financial Services,Anjali Nair,AG004,COMP004,PLANT04,MG04,2026-01-23,SAP
SAPACC5119,Guptha Textiles Ltd,Healthcare,Neha Guptha,AG007,COMP007,PLANT07,MG07,2026-03-13,SAP
SAPACC5288,Mehta Enterprises Ltd,Transportation,Rohit Nair,AG008,COMP008,PLANT08,MG08,2026-02-03,SAP
SAPACC5401,Iyer Industries Ltd,Financial Services,Shreya Desai,AG001,COMP001,PLANT01,MG01,2026-01-31,SAP
SAPACC5757,Menon Traders Ltd,Financial Services,Prakash Sharma,AG005,COMP005,PLANT05,MG05,2026-03-13,SAP
SAPACC5381,Patel Textiles Ltd,Transportation,Meera Kaur,AG005,COMP005,PLANT05,MG05,2026-01-15,SAP
SAPACC5357,Mishra Industries Ltd,Financial Services,Priya Malhotra,AG005,COMP005,PLANT05,MG05,2026-03-03,SAP
SAPACC5895,Gupta Logistics Ltd,Financial Services,Prakash Singh,AG007,COMP007,PLANT07,MG07,2026-02-17,SAP
SAPACC5049,Kaur Textiles Ltd,Healthcare,Alok Singh,AG001,COMP001,PLANT01,MG01,2026-02-08,SAP
SAPACC5912,Pandey Services Ltd,Transportation,Ramesh Patil,AG008,COMP008,PLANT08,MG08,2026-02-28,SAP
SAPACC5192,Chopra Finance Ltd,Financial Services,Pooja Gupta,AG008,COMP008,PLANT08,MG08,2026-03-30,SAP
SAPACC5859,Gupta Enterprises Ltd,Manufacturing,Vikas Tiwari,AG003,COMP003,PLANT03,MG03,2026-03-12,SAP
SAPACC5150,Patel Industries Ltd,Technology,Sanjay Nair,AG006,COMP006,PLANT06,MG06,2026-02-21,SAP
SAPACC5761,Malhotra Pharmaceuticals Ltd,Financial Services,Lakshmi Kapoor,AG001,COMP001,PLANT01,MG01,2026-01-26,SAP
SAPACC5703,Bajaj Retail Ltd,Retail,Vinod Mehta,AG007,COMP007,PLANT07,MG07,2026-01-05,SAP
SAPACC5446,Bajaj Consulting Ltd,Technology,Deepak Kapoor,AG006,COMP006,PLANT06,MG06,2026-03-20,SAP
SAPACC5833,Kaur Retail Ltd,Transportation,Arjun Kaur,AG001,COMP001,PLANT01,MG01,2026-03-31,SAP
SAPACC5773,Mehta Retail Ltd,Technology,Kavita Verma,AG005,COMP005,PLANT05,MG05,2026-01-26,SAP
SAPACC5069,Singh Retail Ltd,Healthcare,Rohit Pandey,AG005,COMP005,PLANT05,MG05,2026-03-14,SAP
SAPACC5111,Iyer Consulting Ltd,Financial Services,Sunil Dubey,AG007,COMP007,PLANT07,MG07,2026-02-03,SAP
SAPACC5680,Nair Services Ltd,Technology,Harish Agarwal,AG008,COMP008,PLANT08,MG08,2026-03-03,SAP
SAPACC5036,Reddy Logistics Ltd,Financial Services,Ajay Srivastava,AG004,COMP004,PLANT04,MG04,2026-01-04,SAP
SAPACC5155,Gupta Services Ltd,Retail,Ramesh Singh,AG003,COMP003,PLANT03,MG03,2026-01-14,SAP
SAPACC5073,Mehta Industries Ltd,Transportation,Sachin Pandey,AG001,COMP001,PLANT01,MG01,2026-01-03,SAP
SAPACC5625,Patel Consulting Ltd,Technology,Rekha Patel,AG001,COMP001,PLANT01,MG01,2026-01-24,SAP
SAPACC5587,Reddy Services Ltd,Retail,Rohit Verma,AG003,COMP003,PLANT03,MG03,2026-03-24,SAP
SAPACC5098,Menon Finance Ltd,Manufacturing,Amit Pandey,AG002,COMP002,PLANT02,MG02,2026-02-01,SAP
SAPACC5715,Reddy Textiles Ltd,Retail,Rohit Srivastava,AG003,COMP003,PLANT03,MG03,2026-03-21,SAP
SAPACC5479,Kapoor Pharmaceuticals Ltd,Financial Services,Jane Kumar,AG007,COMP007,PLANT07,MG07,2026-01-03,SAP
SAPACC5292,Guptha Logistics Ltd,Healthcare,Sunil Gupta,AG004,COMP004,PLANT04,MG04,2026-01-04,SAP
SAPACC5612,Menon Traders Ltd,Manufacturing,Meena Mishra,AG004,COMP004,PLANT04,MG04,2026-02-14,SAP
SAPACC5179,Patil Foods Ltd,Financial Services,Anita Chopra,AG003,COMP003,PLANT03,MG03,2026-02-01,SAP
SAPACC5400,Menon Solutions Ltd,Financial Services,Rahul Patel,AG008,COMP008,PLANT08,MG08,2026-01-15,SAP
SAPACC5005,Tiwari Enterprises Ltd,Technology,Neha Reddy,AG005,COMP005,PLANT05,MG05,2026-03-24,SAP
SAPACC5696,Kaur Services Ltd,Healthcare,John Sharma,AG008,COMP008,PLANT08,MG08,2026-02-24,SAP
SAPACC5779,Srivastava Finance Ltd,Retail,Alok Verma,AG003,COMP003,PLANT03,MG03,2026-01-08,SAP
SAPACC5015,Malhotra Finance Ltd,Retail,Meena Menon,AG007,COMP007,PLANT07,MG07,2026-03-04,SAP
SAPACC5831,Reddy Logistics Ltd,Financial Services,Divya Nair,AG007,COMP007,PLANT07,MG07,2026-03-02,SAP
SAPACC5848,Tiwari Logistics Ltd,Financial Services,Vikas Yadav,AG008,COMP008,PLANT08,MG08,2026-03-15,SAP
SAPACC5771,Patel Foods Ltd,Financial Services,Ajay Kumar,AG003,COMP003,PLANT03,MG03,2026-03-18,SAP
SAPACC5280,Verma Textiles Ltd,Healthcare,Divya Pandey,AG008,COMP008,PLANT08,MG08,2026-02-15,SAP
SAPACC5743,Reddy Industries Ltd,Retail,Ramesh Shah,AG007,COMP007,PLANT07,MG07,2026-03-28,SAP
SAPACC5535,Kapoor Healthcare Ltd,Manufacturing,Anjali Bajaj,AG007,COMP007,PLANT07,MG07,2026-03-16,SAP
SAPACC5386,Patil Solutions Ltd,Healthcare,Ravi Patel,AG002,COMP002,PLANT02,MG02,2026-01-11,SAP
SAPACC5033,Mishra Pharmaceuticals Ltd,Technology,Vinod Guptha,AG001,COMP001,PLANT01,MG01,2026-03-18,SAP
SAPACC5856,Guptha Technologies Ltd,Healthcare,Vikas Mehta,AG008,COMP008,PLANT08,MG08,2026-01-09,SAP
SAPACC5725,Malhotra Finance Ltd,Manufacturing,Sneha Mehta,AG005,COMP005,PLANT05,MG05,2026-01-08,SAP
SAPACC5918,Joshi Services Ltd,Retail,Neha Bajaj,AG006,COMP006,PLANT06,MG06,2026-01-01,SAP
SAPACC5780,Iyer Solutions Ltd,Transportation,Ravi Rao,AG004,COMP004,PLANT04,MG04,2026-02-06,SAP
SAPACC5099,Dubey Enterprises Ltd,Healthcare,Prakash Tiwari,AG003,COMP003,PLANT03,MG03,2026-02-24,SAP
SAPACC5087,Banerjee Consulting Ltd,Technology,Sneha Yadav,AG007,COMP007,PLANT07,MG07,2026-01-10,SAP
SAPACC5337,Iyer Finance Ltd,Healthcare,Deepak Banerjee,AG001,COMP001,PLANT01,MG01,2026-03-08,SAP
SAPACC5661,Mehta Finance Ltd,Technology,Sachin Kaur,AG005,COMP005,PLANT05,MG05,2026-02-22,SAP
SAPACC5339,Gupta Services Ltd,Financial Services,Kavita Patel,AG003,COMP003,PLANT03,MG03,2026-01-01,SAP
SAPACC5874,Mishra Consulting Ltd,Transportation,Shalini Rao,AG002,COMP002,PLANT02,MG02,2026-02-09,SAP
SAPACC5611,Desai Traders Ltd,Financial Services,Suresh Bajaj,AG003,COMP003,PLANT03,MG03,2026-01-19,SAP
SAPACC5321,Mishra Finance Ltd,Financial Services,Jane Reddy,AG001,COMP001,PLANT01,MG01,2026-02-10,SAP
SAPACC5876,Banerjee Foods Ltd,Financial Services,Suresh Agarwal,AG004,COMP004,PLANT04,MG04,2026-01-13,SAP
SAPACC5660,Bajaj Enterprises Ltd,Technology,Rekha Desai,AG004,COMP004,PLANT04,MG04,2026-02-05,SAP
SAPACC5896,Tiwari Solutions Ltd,Financial Services,Divya Iyer,AG008,COMP008,PLANT08,MG08,2026-01-20,SAP
SAPACC5639,Malhotra Solutions Ltd,Financial Services,Arjun Desai,AG007,COMP007,PLANT07,MG07,2026-03-08,SAP
SAPACC5668,Menon Pharmaceuticals Ltd,Transportation,Ravi Kapoor,AG004,COMP004,PLANT04,MG04,2026-03-18,SAP
SAPACC5887,Banerjee Enterprises Ltd,Transportation,Lakshmi Shah,AG007,COMP007,PLANT07,MG07,2026-03-14,SAP
SAPACC5423,Mishra Technologies Ltd,Manufacturing,Vikas Kaur,AG007,COMP007,PLANT07,MG07,2026-02-24,SAP
SAPACC5230,Mehta Logistics Ltd,Healthcare,Sneha Pandey,AG006,COMP006,PLANT06,MG06,2026-02-17,SAP
SAPACC5146,Menon Solutions Ltd,Healthcare,Karan Guptha,AG002,COMP002,PLANT02,MG02,2026-02-24,SAP
SAPACC5195,Dubey Services Ltd,Technology,Vinay Verma,AG003,COMP003,PLANT03,MG03,2026-02-09,SAP
SAPACC5813,Srivastava Technologies Ltd,Transportation,Anita Nair,AG005,COMP005,PLANT05,MG05,2026-01-24,SAP
SAPACC5652,Kumar Pharmaceuticals Ltd,Technology,Manish Joshi,AG004,COMP004,PLANT04,MG04,2026-03-11,SAP
SAPACC5301,Chopra Retail Ltd,Retail,Sachin Patel,AG005,COMP005,PLANT05,MG05,2026-02-13,SAP
SAPACC5493,Desai Traders Ltd,Healthcare,Jane Malhotra,AG005,COMP005,PLANT05,MG05,2026-02-22,SAP
SAPACC5527,Sharma Consulting Ltd,Healthcare,Manish Tiwari,AG007,COMP007,PLANT07,MG07,2026-03-20,SAP
SAPACC5309,Bajaj Finance Ltd,Manufacturing,Kavita Gupta,AG005,COMP005,PLANT05,MG05,2026-01-02,SAP
SAPACC5170,Iyer Services Ltd,Technology,Anita Pandey,AG002,COMP002,PLANT02,MG02,2026-01-30,SAP
SAPACC5557,Nair Industries Ltd,Healthcare,Vikas Dubey,AG005,COMP005,PLANT05,MG05,2026-02-27,SAP
SAPACC5158,Srivastava Traders Ltd,Retail,Amit Iyer,AG006,COMP006,PLANT06,MG06,2026-01-14,SAP
SAPACC5849,Agarwal Enterprises Ltd,Retail,Kavita Yadav,AG001,COMP001,PLANT01,MG01,2026-01-06,SAP
SAPACC5141,Joshi Technologies Ltd,Financial Services,Amit Tiwari,AG005,COMP005,PLANT05,MG05,2026-02-08,SAP
SAPACC5681,Shah Retail Ltd,Healthcare,Arjun Desai,AG001,COMP001,PLANT01,MG01,2026-02-21,SAP
SAPACC5368,Iyer Technologies Ltd,Healthcare,Sunil Tiwari,AG008,COMP008,PLANT08,MG08,2026-02-04,SAP
SAPACC5726,Mehta Technologies Ltd,Healthcare,Alok Dubey,AG006,COMP006,PLANT06,MG06,2026-02-27,SAP
SAPACC5754,Mishra Enterprises Ltd,Financial Services,Neha Mishra,AG002,COMP002,PLANT02,MG02,2026-01-01,SAP
SAPACC5520,Patel Technologies Ltd,Retail,Alok Tiwari,AG008,COMP008,PLANT08,MG08,2026-03-19,SAP
SAPACC5719,Rao Textiles Ltd,Technology,Pooja Mishra,AG007,COMP007,PLANT07,MG07,2026-01-06,SAP
SAPACC5917,Pandey Consulting Ltd,Transportation,Vinay Kumar,AG005,COMP005,PLANT05,MG05,2026-01-18,SAP
SAPACC5804,Menon Consulting Ltd,Transportation,Seema Patel,AG004,COMP004,PLANT04,MG04,2026-02-26,SAP
SAPACC5534,Verma Enterprises Ltd,Manufacturing,Amit Agarwal,AG006,COMP006,PLANT06,MG06,2026-02-23,SAP
SAPACC5516,Chopra Traders Ltd,Healthcare,Ravi Tiwari,AG004,COMP004,PLANT04,MG04,2026-02-18,SAP
SAPACC5541,Singh Finance Ltd,Manufacturing,Sanjay Mishra,AG005,COMP005,PLANT05,MG05,2026-02-18,SAP
SAPACC5431,Kapoor Enterprises Ltd,Manufacturing,Ravi Sharma,AG007,COMP007,PLANT07,MG07,2026-01-14,SAP
SAPACC5270,Verma Healthcare Ltd,Manufacturing,Ajay Shah,AG006,COMP006,PLANT06,MG06,2026-01-13,SAP
SAPACC5819,Bajaj Pharmaceuticals Ltd,Healthcare,Suresh Menon,AG003,COMP003,PLANT03,MG03,2026-02-20,SAP
SAPACC5884,Srivastava Services Ltd,Transportation,Vikas Nair,AG004,COMP004,PLANT04,MG04,2026-02-03,SAP
SAPACC5444,Patil Logistics Ltd,Retail,Arjun Menon,AG004,COMP004,PLANT04,MG04,2026-01-13,SAP
SAPACC5573,Gupta Traders Ltd,Transportation,Lakshmi Reddy,AG005,COMP005,PLANT05,MG05,2026-03-30,SAP
SAPACC5853,Singh Logistics Ltd,Manufacturing,Vinay Shah,AG005,COMP005,PLANT05,MG05,2026-02-11,SAP
SAPACC5615,Srivastava Services Ltd,Technology,Harish Mehta,AG007,COMP007,PLANT07,MG07,2026-02-12,SAP
SAPACC5348,Malhotra Consulting Ltd,Manufacturing,Rahul Agarwal,AG004,COMP004,PLANT04,MG04,2026-01-22,SAP
SAPACC5539,Joshi Technologies Ltd,Financial Services,Suresh Singh,AG003,COMP003,PLANT03,MG03,2026-01-20,SAP
SAPACC5893,Banerjee Industries Ltd,Healthcare,Rohit Joshi,AG005,COMP005,PLANT05,MG05,2026-02-06,SAP
SAPACC5530,Desai Consulting Ltd,Healthcare,Sachin Singh,AG002,COMP002,PLANT02,MG02,2026-02-12,SAP
SAPACC5231,Joshi Consulting Ltd,Financial Services,Vikas Patel,AG007,COMP007,PLANT07,MG07,2026-02-06,SAP
SAPACC5106,Verma Logistics Ltd,Transportation,Rekha Singh,AG002,COMP002,PLANT02,MG02,2026-01-02,SAP
SAPACC5014,Tiwari Traders Ltd,Transportation,Anita Tiwari,AG006,COMP006,PLANT06,MG06,2026-01-16,SAP
SAPACC5283,Iyer Technologies Ltd,Transportation,Anita Srivastava,AG003,COMP003,PLANT03,MG03,2026-02-19,SAP
SAPACC5156,Shah Industries Ltd,Healthcare,Shalini Kaur,AG004,COMP004,PLANT04,MG04,2026-03-15,SAP
SAPACC5603,Dubey Industries Ltd,Manufacturing,Alok Guptha,AG003,COMP003,PLANT03,MG03,2026-02-16,SAP
SAPACC5418,Nair Consulting Ltd,Retail,Sneha Desai,AG002,COMP002,PLANT02,MG02,2026-01-24,SAP
SAPACC5638,Menon Foods Ltd,Manufacturing,Ramesh Agarwal,AG006,COMP006,PLANT06,MG06,2026-02-04,SAP
SAPACC5737,Banerjee Consulting Ltd,Healthcare,Ramesh Banerjee,AG001,COMP001,PLANT01,MG01,2026-01-16,SAP
SAPACC5609,Agarwal Technologies Ltd,Transportation,Rohit Shah,AG001,COMP001,PLANT01,MG01,2026-03-05,SAP
SAPACC5864,Iyer Textiles Ltd,Retail,Ramesh Srivastava,AG008,COMP008,PLANT08,MG08,2026-02-05,SAP
SAPACC5883,Chopra Pharmaceuticals Ltd,Manufacturing,Anita Agarwal,AG003,COMP003,PLANT03,MG03,2026-01-09,SAP
SAPACC5722,Mehta Services Ltd,Healthcare,John Kumar,AG002,COMP002,PLANT02,MG02,2026-01-23,SAP
SAPACC5270,Verma Healthcare Ltd,Manufacturing,Ajay Shah,AG006,COMP006,PLANT06,MG06,2026-01-13,SAP
SAPACC5219,Iyer Pharmaceuticals Ltd,Technology,Suresh Chopra,AG003,COMP003,PLANT03,MG03,2026-01-10,SAP
SAPACC5239,Dubey Finance Ltd,Healthcare,Rekha Malhotra,AG007,COMP007,PLANT07,MG07,2026-02-05,SAP
SAPACC5323,Yadav Logistics Ltd,Retail,Ravi Kapoor,AG003,COMP003,PLANT03,MG03,2026-03-30,SAP
SAPACC5318,Malhotra Enterprises Ltd,Healthcare,Manish Kaur,AG006,COMP006,PLANT06,MG06,2026-01-11,SAP
SAPACC5411,Srivastava Industries Ltd,Healthcare,Sachin Rao,AG003,COMP003,PLANT03,MG03,2026-02-24,SAP
SAPACC5018,Shah Industries Ltd,Technology,Rajiv Sharma,AG002,COMP002,PLANT02,MG02,2026-02-23,SAP
SAPACC5380,Kaur Textiles Ltd,Transportation,Divya Guptha,AG004,COMP004,PLANT04,MG04,2026-01-21,SAP
SAPACC5317,Mishra Healthcare Ltd,Technology,Amit Malhotra,AG005,COMP005,PLANT05,MG05,2026-02-25,SAP
SAPACC5909,Guptha Solutions Ltd,Manufacturing,Ramesh Gupta,AG005,COMP005,PLANT05,MG05,2026-03-09,SAP
SAPACC5083,Desai Textiles Ltd,Financial Services,Harish Yadav,AG003,COMP003,PLANT03,MG03,2026-03-25,SAP
SAPACC5088,Sharma Traders Ltd,Healthcare,Divya Sharma,AG008,COMP008,PLANT08,MG08,2026-02-10,SAP
SAPACC5673,Kumar Traders Ltd,Healthcare,Anjali Tiwari,AG001,COMP001,PLANT01,MG01,2026-02-25,SAP
SAPACC5922,Malhotra Services Ltd,Manufacturing,Sunita Malhotra,AG002,COMP002,PLANT02,MG02,2026-02-10,SAP
SAPACC5197,Iyer Consulting Ltd,Manufacturing,Rekha Kapoor,AG005,COMP005,PLANT05,MG05,2026-02-01,SAP
SAPACC5555,Malhotra Healthcare Ltd,Technology,Seema Patil,AG003,COMP003,PLANT03,MG03,2026-01-14,SAP
SAPACC5307,Menon Consulting Ltd,Manufacturing,Ramesh Singh,AG003,COMP003,PLANT03,MG03,2026-01-02,SAP
SAPACC5238,Tiwari Healthcare Ltd,Manufacturing,Meena Nair,AG006,COMP006,PLANT06,MG06,2026-03-06,SAP
SAPACC5533,Shah Technologies Ltd,Technology,Prakash Joshi,AG005,COMP005,PLANT05,MG05,2026-03-10,SAP
SAPACC5286,Mehta Enterprises Ltd,Manufacturing,Alok Verma,AG006,COMP006,PLANT06,MG06,2026-01-12,SAP
SAPACC5136,Dubey Technologies Ltd,Retail,Rohit Nair,AG008,COMP008,PLANT08,MG08,2026-01-20,SAP
SAPACC5373,Gupta Consulting Ltd,Technology,Shalini Mehta,AG005,COMP005,PLANT05,MG05,2026-01-11,SAP
SAPACC5810,Guptha Finance Ltd,Transportation,Sunita Joshi,AG002,COMP002,PLANT02,MG02,2026-01-11,SAP
SAPACC5422,Kapoor Healthcare Ltd,Financial Services,Shalini Guptha,AG006,COMP006,PLANT06,MG06,2026-03-12,SAP
SAPACC5300,Desai Solutions Ltd,Manufacturing,Vinay Patel,AG004,COMP004,PLANT04,MG04,2026-01-16,SAP
SAPACC5486,Verma Textiles Ltd,Retail,Vikas Banerjee,AG006,COMP006,PLANT06,MG06,2026-01-18,SAP
SAPACC5634,Sharma Technologies Ltd,Retail,Shreya Verma,AG002,COMP002,PLANT02,MG02,2026-03-05,SAP
SAPACC5001,Dubey Traders Ltd,Healthcare,Manish Shah,AG001,COMP001,PLANT01,MG01,2026-01-07,SAP
SAPACC5039,Mehta Services Ltd,Technology,Rajiv Bajaj,AG007,COMP007,PLANT07,MG07,2026-01-03,SAP
SAPACC5228,Bajaj Retail Ltd,Healthcare,Shalini Dubey,AG004,COMP004,PLANT04,MG04,2026-02-03,SAP
SAPACC5462,Patil Services Ltd,Manufacturing,Sneha Joshi,AG006,COMP006,PLANT06,MG06,2026-02-24,SAP
SAPACC5359,Kumar Pharmaceuticals Ltd,Retail,Sunil Yadav,AG007,COMP007,PLANT07,MG07,2026-02-25,SAP
SAPACC5700,Banerjee Consulting Ltd,Financial Services,Meera Rao,AG004,COMP004,PLANT04,MG04,2026-01-16,SAP
SAPACC5602,Chopra Services Ltd,Transportation,Arjun Banerjee,AG002,COMP002,PLANT02,MG02,2026-01-01,SAP
SAPACC5084,Srivastava Solutions Ltd,Transportation,Meera Patil,AG004,COMP004,PLANT04,MG04,2026-03-10,SAP
SAPACC5336,Guptha Healthcare Ltd,Transportation,Sachin Malhotra,AG008,COMP008,PLANT08,MG08,2026-03-25,SAP
SAPACC5830,Joshi Solutions Ltd,Financial Services,Meera Agarwal,AG006,COMP006,PLANT06,MG06,2026-02-13,SAP
SAPACC5882,Banerjee Logistics Ltd,Healthcare,Sneha Kumar,AG002,COMP002,PLANT02,MG02,2026-03-06,SAP
SAPACC5218,Joshi Healthcare Ltd,Technology,Harish Joshi,AG002,COMP002,PLANT02,MG02,2026-01-17,SAP
SAPACC5674,Kapoor Industries Ltd,Transportation,Sunita Patil,AG002,COMP002,PLANT02,MG02,2026-01-28,SAP
SAPACC5396,Tiwari Textiles Ltd,Manufacturing,Prakash Verma,AG004,COMP004,PLANT04,MG04,2026-01-22,SAP
SAPACC5048,Gupta Textiles Ltd,Financial Services,Vinay Bajaj,AG008,COMP008,PLANT08,MG08,2026-01-08,SAP
SAPACC5294,Patil Industries Ltd,Manufacturing,Prakash Guptha,AG006,COMP006,PLANT06,MG06,2026-03-26,SAP
SAPACC5641,Joshi Foods Ltd,Transportation,Manish Menon,AG001,COMP001,PLANT01,MG01,2026-03-26,SAP
SAPACC5659,Tiwari Enterprises Ltd,Healthcare,Deepak Guptha,AG003,COMP003,PLANT03,MG03,2026-02-05,SAP
SAPACC5886,Malhotra Consulting Ltd,Transportation,Rahul Mehta,AG006,COMP006,PLANT06,MG06,2026-03-20,SAP
SAPACC5068,Bajaj Solutions Ltd,Manufacturing,Divya Bajaj,AG004,COMP004,PLANT04,MG04,2026-02-27,SAP
SAPACC5724,Reddy Finance Ltd,Financial Services,Seema Srivastava,AG004,COMP004,PLANT04,MG04,2026-01-19,SAP
SAPACC5404,Menon Pharmaceuticals Ltd,Financial Services,Amit Menon,AG004,COMP004,PLANT04,MG04,2026-01-11,SAP
SAPACC5054,Desai Textiles Ltd,Healthcare,Vinay Kaur,AG006,COMP006,PLANT06,MG06,2026-01-12,SAP
SAPACC5408,Joshi Services Ltd,Financial Services,Shreya Yadav,AG008,COMP008,PLANT08,MG08,2026-03-14,SAP
SAPACC5090,Malhotra Technologies Ltd,Retail,Sanjay Patel,AG002,COMP002,PLANT02,MG02,2026-02-08,SAP
SAPACC5343,Mishra Traders Ltd,Manufacturing,Amit Gupta,AG007,COMP007,PLANT07,MG07,2026-01-12,SAP
SAPACC5808,Tiwari Textiles Ltd,Retail,Rekha Mehta,AG008,COMP008,PLANT08,MG08,2026-01-17,SAP
SAPACC5484,Dubey Textiles Ltd,Technology,Sneha Desai,AG004,COMP004,PLANT04,MG04,2026-02-26,SAP
SAPACC5243,Mehta Finance Ltd,Healthcare,Manish Mishra,AG003,COMP003,PLANT03,MG03,2026-02-10,SAP
SAPACC5521,Rao Consulting Ltd,Manufacturing,Ravi Patil,AG001,COMP001,PLANT01,MG01,2026-02-02,SAP
SAPACC5276,Patel Consulting Ltd,Financial Services,Lakshmi Sharma,AG004,COMP004,PLANT04,MG04,2026-03-02,SAP
SAPACC5730,Mishra Finance Ltd,Retail,Prakash Nair,AG002,COMP002,PLANT02,MG02,2026-03-21,SAP
SAPACC5686,Iyer Solutions Ltd,Manufacturing,Harish Mehta,AG006,COMP006,PLANT06,MG06,2026-02-27,SAP
SAPACC5774,Guptha Consulting Ltd,Technology,Neha Verma,AG006,COMP006,PLANT06,MG06,2026-03-21,SAP
SAPACC5937,Rao Textiles Ltd,Financial Services,Arvind Verma,AG001,COMP001,PLANT01,MG01,2026-03-14,SAP
SAPACC5708,Rao Services Ltd,Transportation,Rahul Desai,AG004,COMP004,PLANT04,MG04,2026-01-05,SAP
SAPACC5143,Mehta Foods Ltd,Financial Services,Karan Yadav,AG007,COMP007,PLANT07,MG07,2026-01-11,SAP
SAPACC5565,Shah Retail Ltd,Financial Services,Alok Iyer,AG005,COMP005,PLANT05,MG05,2026-02-07,SAP
SAPACC5395,Nair Technologies Ltd,Technology,Anjali Tiwari,AG003,COMP003,PLANT03,MG03,2026-01-30,SAP
SAPACC5891,Kaur Consulting Ltd,Transportation,Deepak Gupta,AG003,COMP003,PLANT03,MG03,2026-02-22,SAP
SAPACC5157,Nair Services Ltd,Transportation,Shalini Desai,AG005,COMP005,PLANT05,MG05,2026-01-30,SAP
SAPACC5111,Iyer Consulting Ltd,Financial Services,Sunil Dubey,AG007,COMP007,PLANT07,MG07,2026-02-03,SAP
SAPACC5600,Malhotra Solutions Ltd,Transportation,Alok Sharma,AG008,COMP008,PLANT08,MG08,2026-03-22,SAP
SAPACC5944,Chopra Consulting Ltd,Healthcare,Sneha Mehta,AG008,COMP008,PLANT08,MG08,2026-02-27,SAP
SAPACC5689,Menon Consulting Ltd,Technology,Kavita Yadav,AG001,COMP001,PLANT01,MG01,2026-01-13,SAP
SAPACC5867,Joshi Solutions Ltd,Technology,Jane Banerjee,AG003,COMP003,PLANT03,MG03,2026-01-20,SAP
