transaction_id,customer_id,account_id,transaction_type,amount,currency,document_number,company_code,plant_id,material_group,transaction_date,source_system
SAPTXN5152,SAP1152,SAPACC1152,Credit,14871,INR,DOC013,COMP008,PLANT08,MG08,2026-01-01,SAP
SAPTXN5304,SAP1304,SAPACC1304,Invoice,42778,INR,DOC012,COMP008,PLANT08,MG08,2026-03-27,SAP
SAPTXN5435,SAP1435,SAPACC1435,Credit,9931,INR,DOC005,COMP003,PLANT03,MG03,2026-02-26,SAP
SAPTXN5599,SAP1599,SAPACC1599,Payment,48713,INR,DOC016,COMP007,PLANT07,MG07,2026-02-01,SAP
SAPTXN5658,SAP1658,SAPACC1658,Payment,21019,INR,DOC018,COMP002,PLANT02,MG02,2026-03-27,SAP
SAPTXN5769,SAP1769,SAPACC1769,Payment,16093,INR,DOC008,COMP001,PLANT01,MG01,2026-03-08,SAP
SAPTXN5657,SAP1657,SAPACC1657,Refund,42569,INR,DOC008,COMP001,PLANT01,MG01,2026-02-23,SAP
SAPTXN5794,SAP1794,SAPACC1794,Order,1138,INR,DOC013,COMP002,PLANT02,MG02,2026-01-03,SAP
SAPTXN5186,SAP1186,SAPACC1186,Invoice,37744,INR,DOC009,COMP002,PLANT02,MG02,2026-03-26,SAP
SAPTXN5780,SAP1780,SAPACC1780,Invoice,39367,INR,DOC009,COMP004,PLANT04,MG04,2026-03-23,SAP
SAPTXN5745,SAP1745,SAPACC1745,Invoice,28591,INR,DOC011,COMP001,PLANT01,MG01,2026-02-10,SAP
SAPTXN5681,SAP1681,SAPACC1681,Credit,11453,INR,DOC008,COMP001,PLANT01,MG01,2026-03-10,SAP
SAPTXN5635,SAP1635,SAPACC1635,Refund,31609,INR,DOC020,COMP003,PLANT03,MG03,2026-02-02,SAP
SAPTXN5457,SAP1457,SAPACC1457,Refund,1851,INR,DOC001,COMP001,PLANT01,MG01,2026-02-08,SAP
SAPTXN5611,SAP1611,SAPACC1611,Order,15208,INR,DOC010,COMP003,PLANT03,MG03,2026-02-25,SAP
SAPTXN5766,SAP1766,SAPACC1766,Order,1159,INR,DOC011,COMP006,PLANT06,MG06,2026-03-09,SAP
SAPTXN5049,SAP1049,SAPACC1049,Refund,45222,INR,DOC020,COMP001,PLANT01,MG01,2026-03-30,SAP
SAPTXN5698,SAP1698,SAPACC1698,Order,18514,INR,DOC004,COMP002,PLANT02,MG02,2026-01-30,SAP
SAPTXN5219,SAP1219,SAPACC1219,Invoice,18467,INR,DOC016,COMP003,PLANT03,MG03,2026-02-13,SAP
SAPTXN5615,SAP1615,SAPACC1615,Refund,4201,INR,DOC006,COMP007,PLANT07,MG07,2026-02-25,SAP
SAPTXN5430,SAP1430,SAPACC1430,Credit,6129,INR,DOC016,COMP006,PLANT06,MG06,2026-01-13,SAP
SAPTXN5241,SAP1241,SAPACC1241,Invoice,4606,INR,DOC011,COMP001,PLANT01,MG01,2026-03-26,SAP
SAPTXN5539,SAP1539,SAPACC1539,Credit,22353,INR,DOC018,COMP003,PLANT03,MG03,2026-03-19,SAP
SAPTXN5420,SAP1420,SAPACC1420,Order,31312,INR,DOC005,COMP004,PLANT04,MG04,2026-03-07,SAP
SAPTXN5854,SAP1854,SAPACC1854,Order,5112,INR,DOC006,COMP006,PLANT06,MG06,2026-02-26,SAP
SAPTXN5398,SAP1398,SAPACC1398,Order,16123,INR,DOC008,COMP006,PLANT06,MG06,2026-03-13,SAP
SAPTXN5494,SAP1494,SAPACC1494,Invoice,19021,INR,DOC007,COMP006,PLANT06,MG06,2026-03-26,SAP
SAPTXN5573,SAP1573,SAPACC1573,Invoice,6964,INR,DOC007,COMP005,PLANT05,MG05,2026-03-22,SAP
SAPTXN5143,SAP1143,SAPACC1143,Invoice,22202,INR,DOC002,COMP007,PLANT07,MG07,2026-03-02,SAP
SAPTXN5274,SAP1274,SAPACC1274,Order,29983,INR,DOC016,COMP002,PLANT02,MG02,2026-03-31,SAP
SAPTXN5103,SAP1103,SAPACC1103,Refund,11677,INR,DOC013,COMP007,PLANT07,MG07,2026-02-15,SAP
SAPTXN5257,SAP1257,SAPACC1257,Credit,10704,INR,DOC019,COMP001,PLANT01,MG01,2026-01-26,SAP
SAPTXN5072,SAP1072,SAPACC1072,Invoice,25150,INR,DOC011,COMP008,PLANT08,MG08,2026-01-24,SAP
SAPTXN5640,SAP1640,SAPACC1640,Payment,28810,INR,DOC012,COMP008,PLANT08,MG08,2026-02-16,SAP
SAPTXN5449,SAP1449,SAPACC1449,Order,27841,INR,DOC017,COMP001,PLANT01,MG01,2026-02-18,SAP
SAPTXN5519,SAP1519,SAPACC1519,Refund,26133,INR,DOC006,COMP007,PLANT07,MG07,2026-01-22,SAP
SAPTXN5239,SAP1239,SAPACC1239,Order,1405,INR,DOC008,COMP007,PLANT07,MG07,2026-02-11,SAP
SAPTXN5559,SAP1559,SAPACC1559,Credit,9203,INR,DOC017,COMP007,PLANT07,MG07,2026-01-11,SAP
SAPTXN5675,SAP1675,SAPACC1675,Invoice,11162,INR,DOC006,COMP003,PLANT03,MG03,2026-02-08,SAP
SAPTXN5826,SAP1826,SAPACC1826,Credit,10386,INR,DOC005,COMP002,PLANT02,MG02,2026-01-22,SAP
SAPTXN5512,SAP1512,SAPACC1512,Refund,20190,INR,DOC006,COMP008,PLANT08,MG08,2026-01-01,SAP
SAPTXN5944,SAP1944,SAPACC1944,Invoice,45439,INR,DOC008,COMP008,PLANT08,MG08,2026-02-21,SAP
SAPTXN5689,SAP1689,SAPACC1689,Refund,5791,INR,DOC005,COMP001,PLANT01,MG01,2026-01-13,SAP
SAPTXN5714,SAP1714,SAPACC1714,Payment,13638,INR,DOC007,COMP002,PLANT02,MG02,2026-03-16,SAP
SAPTXN5367,SAP1367,SAPACC1367,Credit,7309,INR,DOC019,COMP007,PLANT07,MG07,2026-01-26,SAP
SAPTXN5390,SAP1390,SAPACC1390,Order,37238,INR,DOC003,COMP006,PLANT06,MG06,2026-01-06,SAP
SAPTXN5426,SAP1426,SAPACC1426,Order,41569,INR,DOC016,COMP002,PLANT02,MG02,2026-01-10,SAP
SAPTXN5036,SAP1036,SAPACC1036,Refund,19154,INR,DOC005,COMP004,PLANT04,MG04,2026-02-14,SAP
SAPTXN5560,SAP1560,SAPACC1560,Order,34107,INR,DOC018,COMP008,PLANT08,MG08,2026-03-23,SAP
SAPTXN5644,SAP1644,SAPACC1644,Order,3090,INR,DOC016,COMP004,PLANT04,MG04,2026-03-10,SAP
SAPTXN5875,SAP1875,SAPACC1875,Invoice,3582,INR,DOC020,COMP003,PLANT03,MG03,2026-03-19,SAP
SAPTXN5371,SAP1371,SAPACC1371,Credit,4158,INR,DOC009,COMP003,PLANT03,MG03,2026-02-02,SAP
SAPTXN5261,SAP1261,SAPACC1261,Payment,45291,INR,DOC001,COMP005,PLANT05,MG05,2026-03-29,SAP
SAPTXN5832,SAP1832,SAPACC1832,Refund,8277,INR,DOC018,COMP008,PLANT08,MG08,2026-01-16,SAP
SAPTXN5329,SAP1329,SAPACC1329,Credit,44031,INR,DOC012,COMP001,PLANT01,MG01,2026-01-20,SAP
SAPTXN5148,SAP1148,SAPACC1148,Payment,38600,INR,DOC007,COMP004,PLANT04,MG04,2026-01-11,SAP
SAPTXN5393,SAP1393,SAPACC1393,Order,38409,INR,DOC017,COMP001,PLANT01,MG01,2026-03-26,SAP
SAPTXN5489,SAP1489,SAPACC1489,Payment,17464,INR,DOC007,COMP001,PLANT01,MG01,2026-03-16,SAP
SAPTXN5541,SAP1541,SAPACC1541,Refund,29042,INR,DOC002,COMP005,PLANT05,MG05,2026-03-18,SAP
SAPTXN5863,SAP1863,SAPACC1863,Order,17339,INR,DOC012,COMP007,PLANT07,MG07,2026-01-10,SAP
SAPTXN5300,SAP1300,SAPACC1300,Refund,10294,INR,DOC017,COMP004,PLANT04,MG04,2026-03-18,SAP
SAPTXN5443,SAP1443,SAPACC1443,Order,29361,INR,DOC019,COMP003,PLANT03,MG03,2026-01-22,SAP
SAPTXN5450,SAP1450,SAPACC1450,Invoice,46733,INR,DOC015,COMP002,PLANT02,MG02,2026-03-24,SAP
SAPTXN5651,SAP1651,SAPACC1651,Payment,33886,INR,DOC020,COMP003,PLANT03,MG03,2026-01-08,SAP
SAPTXN5140,SAP1140,SAPACC1140,Refund,10681,INR,DOC006,COMP004,PLANT04,MG04,2026-01-30,SAP
SAPTXN5794,SAP1794,SAPACC1794,Order,1138,INR,DOC013,COMP002,PLANT02,MG02,2026-01-03,SAP
SAPTXN5141,SAP1141,SAPACC1141,Order,36009,INR,DOC017,COMP005,PLANT05,MG05,2026-02-19,SAP
SAPTXN5887,SAP1887,SAPACC1887,Credit,22901,INR,DOC005,COMP007,PLANT07,MG07,2026-03-24,SAP
SAPTXN5580,SAP1580,SAPACC1580,Invoice,14671,INR,DOC006,COMP004,PLANT04,MG04,2026-03-05,SAP
SAPTXN5322,SAP1322,SAPACC1322,Refund,16705,INR,DOC008,COMP002,PLANT02,MG02,2026-02-19,SAP
SAPTXN5950,SAP1950,SAPACC1950,Order,27698,INR,DOC019,COMP006,PLANT06,MG06,2026-02-14,SAP
SAPTXN5064,SAP1064,SAPACC1064,Refund,11117,INR,DOC007,COMP008,PLANT08,MG08,2026-02-06,SAP
SAPTXN5520,SAP1520,SAPACC1520,Credit,799,INR,DOC014,COMP008,PLANT08,MG08,2026-01-30,SAP
SAPTXN5210,SAP1210,SAPACC1210,Refund,46268,INR,DOC002,COMP002,PLANT02,MG02,2026-03-10,SAP
SAPTXN5407,SAP1407,SAPACC1407,Credit,25828,INR,DOC001,COMP007,PLANT07,MG07,2026-02-19,SAP
SAPTXN5652,SAP1652,SAPACC1652,Invoice,25553,INR,DOC005,COMP004,PLANT04,MG04,2026-01-14,SAP
SAPTXN5084,SAP1084,SAPACC1084,Credit,35439,INR,DOC002,COMP004,PLANT04,MG04,2026-01-30,SAP
SAPTXN5888,SAP1888,SAPACC1888,Payment,23799,INR,DOC006,COMP008,PLANT08,MG08,2026-01-10,SAP
SAPTXN5333,SAP1333,SAPACC1333,Refund,557,INR,DOC004,COMP005,PLANT05,MG05,2026-01-30,SAP
SAPTXN5535,SAP1535,SAPACC1535,Credit,23448,INR,DOC018,COMP007,PLANT07,MG07,2026-02-17,SAP
SAPTXN5309,SAP1309,SAPACC1309,Invoice,37813,INR,DOC012,COMP005,PLANT05,MG05,2026-01-11,SAP
SAPTXN5395,SAP1395,SAPACC1395,Invoice,6304,INR,DOC019,COMP003,PLANT03,MG03,2026-03-11,SAP
SAPTXN5504,SAP1504,SAPACC1504,Payment,19148,INR,DOC005,COMP008,PLANT08,MG08,2026-01-09,SAP
SAPTXN5590,SAP1590,SAPACC1590,Order,10832,INR,DOC020,COMP006,PLANT06,MG06,2026-02-09,SAP
SAPTXN5323,SAP1323,SAPACC1323,Order,39000,INR,DOC003,COMP003,PLANT03,MG03,2026-01-28,SAP
SAPTXN5160,SAP1160,SAPACC1160,Order,29354,INR,DOC014,COMP008,PLANT08,MG08,2026-03-02,SAP
SAPTXN5204,SAP1204,SAPACC1204,Credit,38007,INR,DOC006,COMP004,PLANT04,MG04,2026-02-07,SAP
SAPTXN5196,SAP1196,SAPACC1196,Credit,28310,INR,DOC014,COMP004,PLANT04,MG04,2026-03-11,SAP
SAPTXN5847,SAP1847,SAPACC1847,Payment,21487,INR,DOC015,COMP007,PLANT07,MG07,2026-01-15,SAP
SAPTXN5078,SAP1078,SAPACC1078,Refund,42955,INR,DOC015,COMP006,PLANT06,MG06,2026-03-21,SAP
SAPTXN5167,SAP1167,SAPACC1167,Invoice,45057,INR,DOC012,COMP007,PLANT07,MG07,2026-03-12,SAP
SAPTXN5549,SAP1549,SAPACC1549,Refund,29002,INR,DOC012,COMP005,PLANT05,MG05,2026-03-23,SAP
SAPTXN5755,SAP1755,SAPACC1755,Order,14540,INR,DOC007,COMP003,PLANT03,MG03,2026-02-25,SAP
SAPTXN5717,SAP1717,SAPACC1717,Order,45907,INR,DOC002,COMP005,PLANT05,MG05,2026-02-21,SAP
SAPTXN5481,SAP1481,SAPACC1481,Refund,45775,INR,DOC018,COMP001,PLANT01,MG01,2026-01-16,SAP
SAPTXN5653,SAP1653,SAPACC1653,Credit,5300,INR,DOC020,COMP005,PLANT05,MG05,2026-03-13,SAP
SAPTXN5838,SAP1838,SAPACC1838,Credit,48113,INR,DOC018,COMP006,PLANT06,MG06,2026-03-17,SAP
SAPTXN5768,SAP1768,SAPACC1768,Invoice,38650,INR,DOC002,COMP008,PLANT08,MG08,2026-03-01,SAP
SAPTXN5896,SAP1896,SAPACC1896,Invoice,45077,INR,DOC005,COMP008,PLANT08,MG08,2026-02-08,SAP
SAPTXN5369,SAP1369,SAPACC1369,Payment,7445,INR,DOC009,COMP001,PLANT01,MG01,2026-02-28,SAP
SAPTXN5439,SAP1439,SAPACC1439,Invoice,2757,INR,DOC008,COMP007,PLANT07,MG07,2026-03-20,SAP
SAPTXN5692,SAP1692,SAPACC1692,Refund,41675,INR,DOC013,COMP004,PLANT04,MG04,2026-03-23,SAP
SAPTXN5043,SAP1043,SAPACC1043,Invoice,20990,INR,DOC014,COMP003,PLANT03,MG03,2026-03-02,SAP
SAPTXN5554,SAP1554,SAPACC1554,Refund,7436,INR,DOC006,COMP002,PLANT02,MG02,2026-02-12,SAP
SAPTXN5680,SAP1680,SAPACC1680,Refund,16070,INR,DOC019,COMP008,PLANT08,MG08,2026-01-18,SAP
SAPTXN5330,SAP1330,SAPACC1330,Credit,30215,INR,DOC016,COMP002,PLANT02,MG02,2026-02-19,SAP
SAPTXN5166,SAP1166,SAPACC1166,Credit,15144,INR,DOC018,COMP006,PLANT06,MG06,2026-03-25,SAP
SAPTXN5616,SAP1616,SAPACC1616,Refund,26429,INR,DOC003,COMP008,PLANT08,MG08,2026-02-13,SAP
SAPTXN5268,SAP1268,SAPACC1268,Payment,27928,INR,DOC011,COMP004,PLANT04,MG04,2026-01-26,SAP
SAPTXN5612,SAP1612,SAPACC1612,Credit,44911,INR,DOC001,COMP004,PLANT04,MG04,2026-01-07,SAP
SAPTXN5008,SAP1008,SAPACC1008,Credit,35108,INR,DOC002,COMP008,PLANT08,MG08,2026-03-21,SAP
SAPTXN5123,SAP1123,SAPACC1123,Payment,36377,INR,DOC012,COMP003,PLANT03,MG03,2026-03-18,SAP
SAPTXN5589,SAP1589,SAPACC1589,Payment,43937,INR,DOC005,COMP005,PLANT05,MG05,2026-01-15,SAP
SAPTXN5699,SAP1699,SAPACC1699,Refund,40109,INR,DOC019,COMP003,PLANT03,MG03,2026-03-06,SAP
SAPTXN5076,SAP1076,SAPACC1076,Invoice,45092,INR,DOC002,COMP004,PLANT04,MG04,2026-02-20,SAP
SAPTXN5134,SAP1134,SAPACC1134,Invoice,40465,INR,DOC012,COMP006,PLANT06,MG06,2026-01-23,SAP
SAPTXN5286,SAP1286,SAPACC1286,Invoice,47189,INR,DOC001,COMP006,PLANT06,MG06,2026-03-06,SAP
SAPTXN5751,SAP1751,SAPACC1751,Order,46983,INR,DOC017,COMP007,PLANT07,MG07,2026-01-25,SAP
SAPTXN5834,SAP1834,SAPACC1834,Refund,6944,INR,DOC016,COMP002,PLANT02,MG02,2026-03-17,SAP
SAPTXN5058,SAP1058,SAPACC1058,Payment,8247,INR,DOC006,COMP002,PLANT02,MG02,2026-01-25,SAP
SAPTXN5643,SAP1643,SAPACC1643,Invoice,15474,INR,DOC004,COMP003,PLANT03,MG03,2026-01-25,SAP
SAPTXN5729,SAP1729,SAPACC1729,Refund,33643,INR,DOC004,COMP001,PLANT01,MG01,2026-01-28,SAP
SAPTXN5673,SAP1673,SAPACC1673,Refund,23118,INR,DOC019,COMP001,PLANT01,MG01,2026-03-13,SAP
SAPTXN5015,SAP1015,SAPACC1015,Order,14610,INR,DOC006,COMP007,PLANT07,MG07,2026-01-20,SAP
SAPTXN5541,SAP1541,SAPACC1541,Refund,29042,INR,DOC002,COMP005,PLANT05,MG05,2026-03-18,SAP
SAPTXN5467,SAP1467,SAPACC1467,Refund,7872,INR,DOC009,COMP003,PLANT03,MG03,2026-03-08,SAP
SAPTXN5378,SAP1378,SAPACC1378,Refund,17634,INR,DOC012,COMP002,PLANT02,MG02,2026-02-02,SAP
SAPTXN5563,SAP1563,SAPACC1563,Invoice,5740,INR,DOC008,COMP003,PLANT03,MG03,2026-03-25,SAP
SAPTXN5177,SAP1177,SAPACC1177,Refund,19382,INR,DOC003,COMP001,PLANT01,MG01,2026-01-12,SAP
SAPTXN5690,SAP1690,SAPACC1690,Payment,14397,INR,DOC002,COMP002,PLANT02,MG02,2026-01-01,SAP
SAPTXN5522,SAP1522,SAPACC1522,Invoice,26813,INR,DOC008,COMP002,PLANT02,MG02,2026-02-14,SAP
SAPTXN5771,SAP1771,SAPACC1771,Refund,11786,INR,DOC007,COMP003,PLANT03,MG03,2026-01-16,SAP
SAPTXN5926,SAP1926,SAPACC1926,Order,39089,INR,DOC007,COMP006,PLANT06,MG06,2026-02-23,SAP
SAPTXN5735,SAP1735,SAPACC1735,Order,35201,INR,DOC018,COMP007,PLANT07,MG07,2026-02-28,SAP
SAPTXN5693,SAP1693,SAPACC1693,Credit,27525,INR,DOC006,COMP005,PLANT05,MG05,2026-03-30,SAP
SAPTXN5478,SAP1478,SAPACC1478,Credit,24358,INR,DOC020,COMP006,PLANT06,MG06,2026-02-18,SAP
SAPTXN5220,SAP1220,SAPACC1220,Payment,35507,INR,DOC001,COMP004,PLANT04,MG04,2026-01-01,SAP
SAPTXN5744,SAP1744,SAPACC1744,Credit,45831,INR,DOC006,COMP008,PLANT08,MG08,2026-01-26,SAP
SAPTXN5105,SAP1105,SAPACC1105,Invoice,43765,INR,DOC011,COMP001,PLANT01,MG01,2026-02-20,SAP
SAPTXN5870,SAP1870,SAPACC1870,Refund,4722,INR,DOC002,COMP006,PLANT06,MG06,2026-02-20,SAP
SAPTXN5260,SAP1260,SAPACC1260,Invoice,22713,INR,DOC020,COMP004,PLANT04,MG04,2026-03-14,SAP
SAPTXN5460,SAP1460,SAPACC1460,Invoice,42268,INR,DOC008,COMP004,PLANT04,MG04,2026-03-01,SAP
SAPTXN5238,SAP1238,SAPACC1238,Credit,48943,INR,DOC018,COMP006,PLANT06,MG06,2026-03-22,SAP
SAPTXN5375,SAP1375,SAPACC1375,Order,13195,INR,DOC007,COMP007,PLANT07,MG07,2026-01-09,SAP
SAPTXN5142,SAP1142,SAPACC1142,Order,22447,INR,DOC017,COMP006,PLANT06,MG06,2026-03-14,SAP
SAPTXN5201,SAP1201,SAPACC1201,Credit,37191,INR,DOC005,COMP001,PLANT01,MG01,2026-03-25,SAP
SAPTXN5738,SAP1738,SAPACC1738,Payment,39583,INR,DOC012,COMP002,PLANT02,MG02,2026-03-15,SAP
SAPTXN5334,SAP1334,SAPACC1334,Invoice,27745,INR,DOC018,COMP006,PLANT06,MG06,2026-02-04,SAP
SAPTXN5315,SAP1315,SAPACC1315,Credit,14115,INR,DOC015,COMP003,PLANT03,MG03,2026-03-13,SAP
SAPTXN5335,SAP1335,SAPACC1335,Invoice,7473,INR,DOC003,COMP007,PLANT07,MG07,2026-03-22,SAP
SAPTXN5343,SAP1343,SAPACC1343,Credit,4560,INR,DOC015,COMP007,PLANT07,MG07,2026-01-19,SAP
SAPTXN5617,SAP1617,SAPACC1617,Order,37294,INR,DOC003,COMP001,PLANT01,MG01,2026-03-16,SAP
SAPTXN5296,SAP1296,SAPACC1296,Order,26089,INR,DOC016,COMP008,PLANT08,MG08,2026-01-10,SAP
SAPTXN5066,SAP1066,SAPACC1066,Invoice,35751,INR,DOC020,COMP002,PLANT02,MG02,2026-02-24,SAP
SAPTXN5846,SAP1846,SAPACC1846,Invoice,19909,INR,DOC007,COMP006,PLANT06,MG06,2026-03-13,SAP
SAPTXN5271,SAP1271,SAPACC1271,Payment,49222,INR,DOC001,COMP007,PLANT07,MG07,2026-01-15,SAP
SAPTXN5270,SAP1270,SAPACC1270,Order,22194,INR,DOC016,COMP006,PLANT06,MG06,2026-03-03,SAP
SAPTXN5384,SAP1384,SAPACC1384,Refund,13984,INR,DOC011,COMP008,PLANT08,MG08,2026-01-26,SAP
SAPTXN5138,SAP1138,SAPACC1138,Order,33329,INR,DOC016,COMP002,PLANT02,MG02,2026-01-24,SAP
SAPTXN5070,SAP1070,SAPACC1070,Invoice,36944,INR,DOC005,COMP006,PLANT06,MG06,2026-02-06,SAP
SAPTXN5269,SAP1269,SAPACC1269,Order,9497,INR,DOC007,COMP005,PLANT05,MG05,2026-02-07,SAP
SAPTXN5418,SAP1418,SAPACC1418,Payment,34582,INR,DOC002,COMP002,PLANT02,MG02,2026-03-13,SAP
SAPTXN5682,SAP1682,SAPACC1682,Invoice,26871,INR,DOC014,COMP002,PLANT02,MG02,2026-02-05,SAP
SAPTXN5850,SAP1850,SAPACC1850,Payment,16953,INR,DOC017,COMP002,PLANT02,MG02,2026-01-26,SAP
SAPTXN5025,SAP1025,SAPACC1025,Order,843,INR,DOC006,COMP001,PLANT01,MG01,2026-02-21,SAP
SAPTXN5226,SAP1226,SAPACC1226,Credit,39541,INR,DOC015,COMP002,PLANT02,MG02,2026-01-05,SAP
SAPTXN5757,SAP1757,SAPACC1757,Payment,45618,INR,DOC019,COMP005,PLANT05,MG05,2026-02-09,SAP
SAPTXN5093,SAP1093,SAPACC1093,Payment,29785,INR,DOC017,COMP005,PLANT05,MG05,2026-03-31,SAP
SAPTXN5949,SAP1949,SAPACC1949,Credit,15540,INR,DOC013,COMP005,PLANT05,MG05,2026-01-21,SAP
SAPTXN5792,SAP1792,SAPACC1792,Refund,20764,INR,DOC010,COMP008,PLANT08,MG08,2026-01-08,SAP
SAPTXN5229,SAP1229,SAPACC1229,Order,49604,INR,DOC004,COMP005,PLANT05,MG05,2026-03-23,SAP
SAPTXN5528,SAP1528,SAPACC1528,Invoice,48560,INR,DOC008,COMP008,PLANT08,MG08,2026-02-13,SAP
SAPTXN5184,SAP1184,SAPACC1184,Credit,4724,INR,DOC014,COMP008,PLANT08,MG08,2026-01-15,SAP
SAPTXN5618,SAP1618,SAPACC1618,Invoice,16638,INR,DOC003,COMP002,PLANT02,MG02,2026-03-27,SAP
SAPTXN5030,SAP1030,SAPACC1030,Invoice,46018,INR,DOC019,COMP006,PLANT06,MG06,2026-02-17,SAP
SAPTXN5018,SAP1018,SAPACC1018,Refund,12149,INR,DOC004,COMP002,PLANT02,MG02,2026-03-02,SAP
SAPTXN5278,SAP1278,SAPACC1278,Payment,33649,INR,DOC016,COMP006,PLANT06,MG06,2026-03-24,SAP
SAPTXN5336,SAP1336,SAPACC1336,Payment,39498,INR,DOC001,COMP008,PLANT08,MG08,2026-02-23,SAP
SAPTXN5659,SAP1659,SAPACC1659,Credit,21080,INR,DOC009,COMP003,PLANT03,MG03,2026-03-21,SAP
SAPTXN5813,SAP1813,SAPACC1813,Payment,15929,INR,DOC017,COMP005,PLANT05,MG05,2026-02-22,SAP
SAPTXN5205,SAP1205,SAPACC1205,Order,49101,INR,DOC006,COMP005,PLANT05,MG05,2026-03-23,SAP
SAPTXN5090,SAP1090,SAPACC1090,Payment,45912,INR,DOC012,COMP002,PLANT02,MG02,2026-03-12,SAP
SAPTXN5037,SAP1037,SAPACC1037,Credit,10271,INR,DOC014,COMP005,PLANT05,MG05,2026-01-20,SAP
SAPTXN5402,SAP1402,SAPACC1402,Invoice,22749,INR,DOC007,COMP002,PLANT02,MG02,2026-03-22,SAP
SAPTXN5901,SAP1901,SAPACC1901,Order,29809,INR,DOC014,COMP005,PLANT05,MG05,2026-02-27,SAP
SAPTXN5532,SAP1532,SAPACC1532,Refund,34597,INR,DOC010,COMP004,PLANT04,MG04,2026-02-09,SAP
SAPTXN5917,SAP1917,SAPACC1917,Payment,8375,INR,DOC017,COMP005,PLANT05,MG05,2026-02-05,SAP
SAPTXN5596,SAP1596,SAPACC1596,Refund,26499,INR,DOC002,COMP004,PLANT04,MG04,2026-02-07,SAP
SAPTXN5124,SAP1124,SAPACC1124,Order,3275,INR,DOC014,COMP004,PLANT04,MG04,2026-01-11,SAP
SAPTXN5028,SAP1028,SAPACC1028,Credit,23689,INR,DOC002,COMP004,PLANT04,MG04,2026-01-03,SAP
SAPTXN5536,SAP1536,SAPACC1536,Order,10832,INR,DOC020,COMP008,PLANT08,MG08,2026-03-20,SAP
SAPTXN5703,SAP1703,SAPACC1703,Credit,46426,INR,DOC003,COMP007,PLANT07,MG07,2026-02-21,SAP
SAPTXN5436,SAP1436,SAPACC1436,Order,48725,INR,DOC016,COMP004,PLANT04,MG04,2026-01-29,SAP
SAPTXN5544,SAP1544,SAPACC1544,Payment,48979,INR,DOC019,COMP008,PLANT08,MG08,2026-03-21,SAP
SAPTXN5332,SAP1332,SAPACC1332,Invoice,2765,INR,DOC016,COMP004,PLANT04,MG04,2026-03-01,SAP
SAPTXN5343,SAP1343,SAPACC1343,Credit,4560,INR,DOC015,COMP007,PLANT07,MG07,2026-01-19,SAP
SAPTXN5370,SAP1370,SAPACC1370,Invoice,28391,INR,DOC016,COMP002,PLANT02,MG02,2026-03-11,SAP
SAPTXN5874,SAP1874,SAPACC1874,Credit,2495,INR,DOC016,COMP002,PLANT02,MG02,2026-01-30,SAP
SAPTXN5918,SAP1918,SAPACC1918,Order,25371,INR,DOC007,COMP006,PLANT06,MG06,2026-02-11,SAP
SAPTXN5488,SAP1488,SAPACC1488,Invoice,17049,INR,DOC005,COMP008,PLANT08,MG08,2026-02-16,SAP
SAPTXN5159,SAP1159,SAPACC1159,Payment,32128,INR,DOC010,COMP007,PLANT07,MG07,2026-03-02,SAP
SAPTXN5169,SAP1169,SAPACC1169,Order,9070,INR,DOC017,COMP001,PLANT01,MG01,2026-02-04,SAP
SAPTXN5837,SAP1837,SAPACC1837,Credit,29534,INR,DOC001,COMP005,PLANT05,MG05,2026-01-17,SAP
SAPTXN5349,SAP1349,SAPACC1349,Invoice,15489,INR,DOC004,COMP005,PLANT05,MG05,2026-02-28,SAP
SAPTXN5487,SAP1487,SAPACC1487,Payment,5567,INR,DOC014,COMP007,PLANT07,MG07,2026-02-18,SAP
SAPTXN5798,SAP1798,SAPACC1798,Payment,10700,INR,DOC006,COMP006,PLANT06,MG06,2026-01-10,SAP
SAPTXN5258,SAP1258,SAPACC1258,Order,38511,INR,DOC017,COMP002,PLANT02,MG02,2026-01-17,SAP
SAPTXN5626,SAP1626,SAPACC1626,Credit,39844,INR,DOC017,COMP002,PLANT02,MG02,2026-02-13,SAP
SAPTXN5245,SAP1245,SAPACC1245,Invoice,40697,INR,DOC003,COMP005,PLANT05,MG05,2026-02-01,SAP
SAPTXN5795,SAP1795,SAPACC1795,Refund,22936,INR,DOC011,COMP003,PLANT03,MG03,2026-03-10,SAP
SAPTXN5907,SAP1907,SAPACC1907,Credit,21270,INR,DOC009,COMP003,PLANT03,MG03,2026-02-14,SAP
SAPTXN5248,SAP1248,SAPACC1248,Credit,36106,INR,DOC010,COMP008,PLANT08,MG08,2026-01-07,SAP
SAPTXN5552,SAP1552,SAPACC1552,Invoice,34688,INR,DOC007,COMP008,PLANT08,MG08,2026-02-05,SAP
SAPTXN5344,SAP1344,SAPACC1344,Credit,11618,INR,DOC012,COMP008,PLANT08,MG08,2026-02-12,SAP
SAPTXN5844,SAP1844,SAPACC1844,Payment,22720,INR,DOC001,COMP004,PLANT04,MG04,2026-01-25,SAP
SAPTXN5009,SAP1009,SAPACC1009,Invoice,36600,INR,DOC017,COMP001,PLANT01,MG01,2026-03-30,SAP
SAPTXN5885,SAP1885,SAPACC1885,Refund,14863,INR,DOC019,COMP005,PLANT05,MG05,2026-02-18,SAP
SAPTXN5325,SAP1325,SAPACC1325,Refund,39896,INR,DOC004,COMP005,PLANT05,MG05,2026-03-03,SAP
SAPTXN5401,SAP1401,SAPACC1401,Invoice,46153,INR,DOC008,COMP001,PLANT01,MG01,2026-01-22,SAP
SAPTXN5151,SAP1151,SAPACC1151,Refund,48186,INR,DOC009,COMP007,PLANT07,MG07,2026-01-05,SAP
SAPTXN5660,SAP1660,SAPACC1660,Refund,31587,INR,DOC004,COMP004,PLANT04,MG04,2026-02-21,SAP
SAPTXN5924,SAP1924,SAPACC1924,Order,43099,INR,DOC011,COMP004,PLANT04,MG04,2026-03-18,SAP
SAPTXN5653,SAP1653,SAPACC1653,Credit,5300,INR,DOC020,COMP005,PLANT05,MG05,2026-03-13,SAP
SAPTXN5196,SAP1196,SAPACC1196,Credit,28310,INR,DOC014,COMP004,PLANT04,MG04,2026-03-11,SAP
SAPTXN5211,SAP1211,SAPACC1211,Refund,44322,INR,DOC007,COMP003,PLANT03,MG03,2026-02-28,SAP
SAPTXN5538,SAP1538,SAPACC1538,Order,6336,INR,DOC011,COMP002,PLANT02,MG02,2026-03-23,SAP
SAPTXN5533,SAP1533,SAPACC1533,Invoice,23468,INR,DOC003,COMP005,PLANT05,MG05,2026-01-05,SAP
SAPTXN5728,SAP1728,SAPACC1728,Invoice,20714,INR,DOC020,COMP008,PLANT08,MG08,2026-01-19,SAP
SAPTXN5088,SAP1088,SAPACC1088,Invoice,48582,INR,DOC014,COMP008,PLANT08,MG08,2026-02-03,SAP
SAPTXN5016,SAP1016,SAPACC1016,Order,28999,INR,DOC017,COMP008,PLANT08,MG08,2026-01-24,SAP
SAPTXN5945,SAP1945,SAPACC1945,Payment,15973,INR,DOC007,COMP001,PLANT01,MG01,2026-02-01,SAP
SAPTXN5473,SAP1473,SAPACC1473,Order,27517,INR,DOC010,COMP001,PLANT01,MG01,2026-01-24,SAP
SAPTXN5869,SAP1869,SAPACC1869,Credit,38932,INR,DOC005,COMP005,PLANT05,MG05,2026-01-31,SAP
SAPTXN5047,SAP1047,SAPACC1047,Refund,21296,INR,DOC013,COMP007,PLANT07,MG07,2026-01-11,SAP
SAPTXN5861,SAP1861,SAPACC1861,Refund,30366,INR,DOC018,COMP005,PLANT05,MG05,2026-01-09,SAP
SAPTXN5496,SAP1496,SAPACC1496,Order,46561,INR,DOC015,COMP008,PLANT08,MG08,2026-01-28,SAP
SAPTXN5747,SAP1747,SAPACC1747,Invoice,16977,INR,DOC004,COMP003,PLANT03,MG03,2026-01-27,SAP
SAPTXN5222,SAP1222,SAPACC1222,Refund,33075,INR,DOC006,COMP006,PLANT06,MG06,2026-02-22,SAP
SAPTXN5545,SAP1545,SAPACC1545,Payment,26649,INR,DOC014,COMP001,PLANT01,MG01,2026-02-22,SAP
SAPTXN5486,SAP1486,SAPACC1486,Refund,23890,INR,DOC004,COMP006,PLANT06,MG06,2026-03-10,SAP
SAPTXN5158,SAP1158,SAPACC1158,Refund,14007,INR,DOC014,COMP006,PLANT06,MG06,2026-01-02,SAP
SAPTXN5679,SAP1679,SAPACC1679,Payment,4424,INR,DOC017,COMP007,PLANT07,MG07,2026-01-07,SAP
SAPTXN5437,SAP1437,SAPACC1437,Payment,13461,INR,DOC008,COMP005,PLANT05,MG05,2026-01-23,SAP
SAPTXN5318,SAP1318,SAPACC1318,Refund,38764,INR,DOC016,COMP006,PLANT06,MG06,2026-01-15,SAP
SAPTXN5807,SAP1807,SAPACC1807,Order,634,INR,DOC018,COMP007,PLANT07,MG07,2026-03-09,SAP
SAPTXN5387,SAP1387,SAPACC1387,Order,47110,INR,DOC017,COMP003,PLANT03,MG03,2026-02-11,SAP
SAPTXN5765,SAP1765,SAPACC1765,Refund,24417,INR,DOC003,COMP005,PLANT05,MG05,2026-02-03,SAP
SAPTXN5127,SAP1127,SAPACC1127,Refund,7294,INR,DOC006,COMP007,PLANT07,MG07,2026-03-12,SAP
SAPTXN5816,SAP1816,SAPACC1816,Credit,46666,INR,DOC007,COMP008,PLANT08,MG08,2026-02-21,SAP
SAPTXN5625,SAP1625,SAPACC1625,Order,38783,INR,DOC005,COMP001,PLANT01,MG01,2026-02-08,SAP
SAPTXN5746,SAP1746,SAPACC1746,Order,34029,INR,DOC004,COMP002,PLANT02,MG02,2026-02-17,SAP
SAPTXN5245,SAP1245,SAPACC1245,Invoice,40697,INR,DOC003,COMP005,PLANT05,MG05,2026-02-01,SAP
SAPTXN5492,SAP1492,SAPACC1492,Invoice,1643,INR,DOC003,COMP004,PLANT04,MG04,2026-02-04,SAP
SAPTXN5324,SAP1324,SAPACC1324,Payment,45124,INR,DOC008,COMP004,PLANT04,MG04,2026-01-16,SAP
SAPTXN5374,SAP1374,SAPACC1374,Payment,34068,INR,DOC004,COMP006,PLANT06,MG06,2026-03-16,SAP
SAPTXN5118,SAP1118,SAPACC1118,Credit,22867,INR,DOC009,COMP006,PLANT06,MG06,2026-03-10,SAP
SAPTXN5899,SAP1899,SAPACC1899,Payment,41787,INR,DOC016,COMP003,PLANT03,MG03,2026-01-13,SAP
SAPTXN5190,SAP1190,SAPACC1190,Credit,7433,INR,DOC011,COMP006,PLANT06,MG06,2026-02-28,SAP
SAPTXN5665,SAP1665,SAPACC1665,Payment,22262,INR,DOC001,COMP001,PLANT01,MG01,2026-03-30,SAP
SAPTXN5379,SAP1379,SAPACC1379,Refund,21951,INR,DOC008,COMP003,PLANT03,MG03,2026-01-29,SAP
SAPTXN5048,SAP1048,SAPACC1048,Refund,5860,INR,DOC007,COMP008,PLANT08,MG08,2026-03-15,SAP
SAPTXN5232,SAP1232,SAPACC1232,Order,4405,INR,DOC020,COMP008,PLANT08,MG08,2026-01-15,SAP
SAPTXN5456,SAP1456,SAPACC1456,Payment,23973,INR,DOC014,COMP008,PLANT08,MG08,2026-03-13,SAP
SAPTXN5099,SAP1099,SAPACC1099,Payment,47652,INR,DOC012,COMP003,PLANT03,MG03,2026-03-24,SAP
SAPTXN5411,SAP1411,SAPACC1411,Payment,7175,INR,DOC006,COMP003,PLANT03,MG03,2026-03-04,SAP
SAPTXN5086,SAP1086,SAPACC1086,Credit,29800,INR,DOC003,COMP006,PLANT06,MG06,2026-02-03,SAP
SAPTXN5941,SAP1941,SAPACC1941,Payment,34267,INR,DOC007,COMP005,PLANT05,MG05,2026-02-06,SAP
SAPTXN5228,SAP1228,SAPACC1228,Order,41536,INR,DOC020,COMP004,PLANT04,MG04,2026-03-07,SAP
SAPTXN5112,SAP1112,SAPACC1112,Refund,44303,INR,DOC014,COMP008,PLANT08,MG08,2026-02-06,SAP
SAPTXN5130,SAP1130,SAPACC1130,Credit,17139,INR,DOC017,COMP002,PLANT02,MG02,2026-01-18,SAP
SAPTXN5763,SAP1763,SAPACC1763,Invoice,26859,INR,DOC006,COMP003,PLANT03,MG03,2026-01-22,SAP
SAPTXN5223,SAP1223,SAPACC1223,Order,35838,INR,DOC018,COMP007,PLANT07,MG07,2026-02-23,SAP
SAPTXN5788,SAP1788,SAPACC1788,Credit,9970,INR,DOC016,COMP004,PLANT04,MG04,2026-01-15,SAP
SAPTXN5397,SAP1397,SAPACC1397,Refund,15186,INR,DOC017,COMP005,PLANT05,MG05,2026-03-27,SAP
SAPTXN5366,SAP1366,SAPACC1366,Payment,25660,INR,DOC012,COMP006,PLANT06,MG06,2026-01-17,SAP
SAPTXN5002,SAP1002,SAPACC1002,Order,18182,INR,DOC008,COMP002,PLANT02,MG02,2026-03-05,SAP
SAPTXN5466,SAP1466,SAPACC1466,Order,14195,INR,DOC014,COMP002,PLANT02,MG02,2026-02-19,SAP
SAPTXN5259,SAP1259,SAPACC1259,Refund,43168,INR,DOC007,COMP003,PLANT03,MG03,2026-01-06,SAP
SAPTXN5613,SAP1613,SAPACC1613,Invoice,27620,INR,DOC020,COMP005,PLANT05,MG05,2026-01-12,SAP
SAPTXN5603,SAP1603,SAPACC1603,Credit,9388,INR,DOC007,COMP003,PLANT03,MG03,2026-02-27,SAP
SAPTXN5170,SAP1170,SAPACC1170,Credit,44530,INR,DOC011,COMP002,PLANT02,MG02,2026-02-12,SAP
SAPTXN5762,SAP1762,SAPACC1762,Payment,11661,INR,DOC012,COMP002,PLANT02,MG02,2026-02-16,SAP
SAPTXN5445,SAP1445,SAPACC1445,Payment,49383,INR,DOC004,COMP005,PLANT05,MG05,2026-02-05,SAP
SAPTXN5237,SAP1237,SAPACC1237,Invoice,6944,INR,DOC019,COMP005,PLANT05,MG05,2026-01-27,SAP
SAPTXN5217,SAP1217,SAPACC1217,Payment,954,INR,DOC019,COMP001,PLANT01,MG01,2026-03-03,SAP
SAPTXN5386,SAP1386,SAPACC1386,Invoice,20751,INR,DOC020,COMP002,PLANT02,MG02,2026-01-17,SAP
SAPTXN5862,SAP1862,SAPACC1862,Refund,1850,INR,DOC007,COMP006,PLANT06,MG06,2026-03-29,SAP
SAPTXN5767,SAP1767,SAPACC1767,Refund,11149,INR,DOC012,COMP007,PLANT07,MG07,2026-02-04,SAP
SAPTXN5179,SAP1179,SAPACC1179,Invoice,36162,INR,DOC013,COMP003,PLANT03,MG03,2026-01-28,SAP
SAPTXN5583,SAP1583,SAPACC1583,Payment,5986,INR,DOC008,COMP007,PLANT07,MG07,2026-03-14,SAP
SAPTXN5305,SAP1305,SAPACC1305,Payment,24686,INR,DOC006,COMP001,PLANT01,MG01,2026-03-31,SAP
SAPTXN5889,SAP1889,SAPACC1889,Payment,11267,INR,DOC015,COMP001,PLANT01,MG01,2026-03-07,SAP
SAPTXN5785,SAP1785,SAPACC1785,Credit,9437,INR,DOC017,COMP001,PLANT01,MG01,2026-01-22,SAP
SAPTXN5200,SAP1200,SAPACC1200,Order,36502,INR,DOC017,COMP008,PLANT08,MG08,2026-03-31,SAP
SAPTXN5789,SAP1789,SAPACC1789,Credit,20931,INR,DOC013,COMP005,PLANT05,MG05,2026-03-22,SAP
SAPTXN5531,SAP1531,SAPACC1531,Payment,46561,INR,DOC009,COMP003,PLANT03,MG03,2026-01-07,SAP
SAPTXN5046,SAP1046,SAPACC1046,Credit,15911,INR,DOC012,COMP006,PLANT06,MG06,2026-01-18,SAP
SAPTXN5391,SAP1391,SAPACC1391,Refund,25058,INR,DOC009,COMP007,PLANT07,MG07,2026-02-01,SAP
SAPTXN5911,SAP1911,SAPACC1911,Order,9572,INR,DOC009,COMP007,PLANT07,MG07,2026-02-27,SAP
SAPTXN5515,SAP1515,SAPACC1515,Invoice,46899,INR,DOC017,COMP003,PLANT03,MG03,2026-03-27,SAP
SAPTXN5918,SAP1918,SAPACC1918,Order,25371,INR,DOC007,COMP006,PLANT06,MG06,2026-02-11,SAP
SAPTXN5494,SAP1494,SAPACC1494,Invoice,19021,INR,DOC007,COMP006,PLANT06,MG06,2026-03-26,SAP
SAPTXN5610,SAP1610,SAPACC1610,Credit,761,INR,DOC003,COMP002,PLANT02,MG02,2026-03-21,SAP
SAPTXN5894,SAP1894,SAPACC1894,Order,32885,INR,DOC008,COMP006,PLANT06,MG06,2026-02-19,SAP
SAPTXN5276,SAP1276,SAPACC1276,Order,11471,INR,DOC015,COMP004,PLANT04,MG04,2026-02-16,SAP
SAPTXN5208,SAP1208,SAPACC1208,Refund,27912,INR,DOC003,COMP008,PLANT08,MG08,2026-03-07,SAP
SAPTXN5556,SAP1556,SAPACC1556,Payment,49129,INR,DOC010,COMP004,PLANT04,MG04,2026-01-31,SAP
SAPTXN5743,SAP1743,SAPACC1743,Order,35203,INR,DOC010,COMP007,PLANT07,MG07,2026-02-05,SAP
SAPTXN5282,SAP1282,SAPACC1282,Order,3988,INR,DOC011,COMP002,PLANT02,MG02,2026-01-26,SAP
SAPTXN5571,SAP1571,SAPACC1571,Invoice,6603,INR,DOC016,COMP003,PLANT03,MG03,2026-03-31,SAP
SAPTXN5229,SAP1229,SAPACC1229,Order,49604,INR,DOC004,COMP005,PLANT05,MG05,2026-03-23,SAP
SAPTXN5859,SAP1859,SAPACC1859,Payment,13436,INR,DOC001,COMP003,PLANT03,MG03,2026-02-20,SAP
SAPTXN5482,SAP1482,SAPACC1482,Order,5185,INR,DOC010,COMP002,PLANT02,MG02,2026-03-21,SAP
SAPTXN5069,SAP1069,SAPACC1069,Invoice,23182,INR,DOC012,COMP005,PLANT05,MG05,2026-02-28,SAP
SAPTXN5471,SAP1471,SAPACC1471,Refund,29747,INR,DOC007,COMP007,PLANT07,MG07,2026-03-13,SAP
SAPTXN5701,SAP1701,SAPACC1701,Payment,24241,INR,DOC010,COMP005,PLANT05,MG05,2026-02-24,SAP
SAPTXN5557,SAP1557,SAPACC1557,Order,46566,INR,DOC007,COMP005,PLANT05,MG05,2026-03-04,SAP
SAPTXN5734,SAP1734,SAPACC1734,Refund,11235,INR,DOC017,COMP006,PLANT06,MG06,2026-02-09,SAP
SAPTXN5946,SAP1946,SAPACC1946,Credit,1467,INR,DOC006,COMP002,PLANT02,MG02,2026-03-18,SAP
SAPTXN5287,SAP1287,SAPACC1287,Order,41150,INR,DOC013,COMP007,PLANT07,MG07,2026-02-04,SAP
SAPTXN5883,SAP1883,SAPACC1883,Payment,10970,INR,DOC007,COMP003,PLANT03,MG03,2026-03-27,SAP
SAPTXN5943,SAP1943,SAPACC1943,Refund,10659,INR,DOC009,COMP007,PLANT07,MG07,2026-03-29,SAP
SAPTXN5724,SAP1724,SAPACC1724,Refund,25685,INR,DOC013,COMP004,PLANT04,MG04,2026-01-20,SAP
SAPTXN5759,SAP1759,SAPACC1759,Refund,24459,INR,DOC001,COMP007,PLANT07,MG07,2026-01-15,SAP
SAPTXN5171,SAP1171,SAPACC1171,Order,21863,INR,DOC014,COMP003,PLANT03,MG03,2026-02-01,SAP
SAPTXN5326,SAP1326,SAPACC1326,Invoice,12985,INR,DOC019,COMP006,PLANT06,MG06,2026-03-10,SAP
SAPTXN5568,SAP1568,SAPACC1568,Refund,33629,INR,DOC004,COMP008,PLANT08,MG08,2026-03-31,SAP
SAPTXN5154,SAP1154,SAPACC1154,Order,6209,INR,DOC019,COMP002,PLANT02,MG02,2026-02-26,SAP
SAPTXN5250,SAP1250,SAPACC1250,Credit,41603,INR,DOC008,COMP002,PLANT02,MG02,2026-02-21,SAP
SAPTXN5207,SAP1207,SAPACC1207,Payment,32158,INR,DOC013,COMP007,PLANT07,MG07,2026-01-19,SAP
SAPTXN5199,SAP1199,SAPACC1199,Refund,34107,INR,DOC014,COMP007,PLANT07,MG07,2026-03-11,SAP
SAPTXN5934,SAP1934,SAPACC1934,Order,36728,INR,DOC007,COMP006,PLANT06,MG06,2026-03-29,SAP
SAPTXN5224,SAP1224,SAPACC1224,Order,5560,INR,DOC013,COMP008,PLANT08,MG08,2026-01-04,SAP
SAPTXN5265,SAP1265,SAPACC1265,Refund,44706,INR,DOC019,COMP001,PLANT01,MG01,2026-03-29,SAP
SAPTXN5056,SAP1056,SAPACC1056,Refund,43765,INR,DOC008,COMP008,PLANT08,MG08,2026-03-04,SAP
SAPTXN5188,SAP1188,SAPACC1188,Order,46449,INR,DOC001,COMP004,PLANT04,MG04,2026-03-03,SAP
SAPTXN5671,SAP1671,SAPACC1671,Credit,43794,INR,DOC020,COMP007,PLANT07,MG07,2026-03-20,SAP
SAPTXN5624,SAP1624,SAPACC1624,Order,18905,INR,DOC019,COMP008,PLANT08,MG08,2026-03-10,SAP
SAPTXN5174,SAP1174,SAPACC1174,Invoice,37232,INR,DOC010,COMP006,PLANT06,MG06,2026-01-10,SAP
SAPTXN5645,SAP1645,SAPACC1645,Order,48856,INR,DOC012,COMP005,PLANT05,MG05,2026-03-31,SAP
SAPTXN5458,SAP1458,SAPACC1458,Invoice,30185,INR,DOC009,COMP002,PLANT02,MG02,2026-03-21,SAP
SAPTXN5284,SAP1284,SAPACC1284,Order,48666,INR,DOC018,COMP004,PLANT04,MG04,2026-01-14,SAP
SAPTXN5007,SAP1007,SAPACC1007,Order,39981,INR,DOC006,COMP007,PLANT07,MG07,2026-03-17,SAP
SAPTXN5597,SAP1597,SAPACC1597,Payment,27898,INR,DOC012,COMP005,PLANT05,MG05,2026-01-08,SAP
SAPTXN5080,SAP1080,SAPACC1080,Credit,21871,INR,DOC011,COMP008,PLANT08,MG08,2026-03-04,SAP
SAPTXN5432,SAP1432,SAPACC1432,Order,47543,INR,DOC007,COMP008,PLANT08,MG08,2026-03-19,SAP
SAPTXN5446,SAP1446,SAPACC1446,Payment,36519,INR,DOC013,COMP006,PLANT06,MG06,2026-01-17,SAP
SAPTXN5853,SAP1853,SAPACC1853,Credit,1091,INR,DOC018,COMP005,PLANT05,MG05,2026-01-21,SAP
SAPTXN5368,SAP1368,SAPACC1368,Order,24870,INR,DOC013,COMP008,PLANT08,MG08,2026-03-03,SAP
SAPTXN5923,SAP1923,SAPACC1923,Payment,21575,INR,DOC011,COMP003,PLANT03,MG03,2026-03-04,SAP
SAPTXN5280,SAP1280,SAPACC1280,Refund,31532,INR,DOC002,COMP008,PLANT08,MG08,2026-03-24,SAP
SAPTXN5041,SAP1041,SAPACC1041,Refund,22079,INR,DOC004,COMP001,PLANT01,MG01,2026-01-08,SAP
SAPTXN5790,SAP1790,SAPACC1790,Refund,4108,INR,DOC016,COMP006,PLANT06,MG06,2026-03-26,SAP
SAPTXN5752,SAP1752,SAPACC1752,Refund,21636,INR,DOC004,COMP008,PLANT08,MG08,2026-02-14,SAP
SAPTXN5527,SAP1527,SAPACC1527,Credit,47625,INR,DOC016,COMP007,PLANT07,MG07,2026-02-13,SAP
SAPTXN5101,SAP1101,SAPACC1101,Refund,46836,INR,DOC012,COMP005,PLANT05,MG05,2026-02-28,SAP
SAPTXN5760,SAP1760,SAPACC1760,Credit,36128,INR,DOC011,COMP008,PLANT08,MG08,2026-01-06,SAP
SAPTXN5122,SAP1122,SAPACC1122,Payment,39174,INR,DOC020,COMP002,PLANT02,MG02,2026-01-20,SAP
SAPTXN5012,SAP1012,SAPACC1012,Refund,40704,INR,DOC003,COMP004,PLANT04,MG04,2026-03-06,SAP
SAPTXN5465,SAP1465,SAPACC1465,Invoice,47888,INR,DOC010,COMP001,PLANT01,MG01,2026-01-24,SAP
SAPTXN5642,SAP1642,SAPACC1642,Order,32717,INR,DOC004,COMP002,PLANT02,MG02,2026-03-10,SAP
SAPTXN5730,SAP1730,SAPACC1730,Invoice,10867,INR,DOC009,COMP002,PLANT02,MG02,2026-01-12,SAP
SAPTXN5939,SAP1939,SAPACC1939,Credit,18631,INR,DOC003,COMP003,PLANT03,MG03,2026-01-11,SAP
SAPTXN5121,SAP1121,SAPACC1121,Refund,17978,INR,DOC019,COMP001,PLANT01,MG01,2026-02-07,SAP
SAPTXN5906,SAP1906,SAPACC1906,Credit,19292,INR,DOC017,COMP002,PLANT02,MG02,2026-03-16,SAP
SAPTXN5930,SAP1930,SAPACC1930,Payment,2173,INR,DOC007,COMP002,PLANT02,MG02,2026-02-21,SAP
SAPTXN5017,SAP1017,SAPACC1017,Credit,1416,INR,DOC018,COMP001,PLANT01,MG01,2026-01-11,SAP
SAPTXN5666,SAP1666,SAPACC1666,Credit,3607,INR,DOC006,COMP002,PLANT02,MG02,2026-01-25,SAP
SAPTXN5001,SAP1001,SAPACC1001,Credit,29373,INR,DOC020,COMP001,PLANT01,MG01,2026-01-05,SAP
SAPTXN5685,SAP1685,SAPACC1685,Payment,21837,INR,DOC002,COMP005,PLANT05,MG05,2026-03-02,SAP
SAPTXN5504,SAP1504,SAPACC1504,Payment,19148,INR,DOC005,COMP008,PLANT08,MG08,2026-01-09,SAP
SAPTXN5900,SAP1900,SAPACC1900,Credit,26222,INR,DOC018,COMP004,PLANT04,MG04,2026-02-23,SAP
SAPTXN5676,SAP1676,SAPACC1676,Credit,3849,INR,DOC003,COMP004,PLANT04,MG04,2026-02-28,SAP
SAPTXN5733,SAP1733,SAPACC1733,Invoice,42202,INR,DOC013,COMP005,PLANT05,MG05,2026-02-13,SAP
SAPTXN5006,SAP1006,SAPACC1006,Invoice,15734,INR,DOC002,COMP006,PLANT06,MG06,2026-01-04,SAP
SAPTXN5308,SAP1308,SAPACC1308,Invoice,33405,INR,DOC016,COMP004,PLANT04,MG04,2026-01-24,SAP
SAPTXN5876,SAP1876,SAPACC1876,Credit,2427,INR,DOC015,COMP004,PLANT04,MG04,2026-01-11,SAP
SAPTXN5715,SAP1715,SAPACC1715,Refund,17546,INR,DOC018,COMP003,PLANT03,MG03,2026-03-31,SAP
SAPTXN5622,SAP1622,SAPACC1622,Refund,13183,INR,DOC017,COMP006,PLANT06,MG06,2026-01-12,SAP
SAPTXN5434,SAP1434,SAPACC1434,Payment,33692,INR,DOC018,COMP002,PLANT02,MG02,2026-03-28,SAP
SAPTXN5661,SAP1661,SAPACC1661,Order,35252,INR,DOC020,COMP005,PLANT05,MG05,2026-01-03,SAP
SAPTXN5647,SAP1647,SAPACC1647,Credit,32298,INR,DOC002,COMP007,PLANT07,MG07,2026-01-22,SAP
SAPTXN5720,SAP1720,SAPACC1720,Refund,38076,INR,DOC006,COMP008,PLANT08,MG08,2026-03-14,SAP
SAPTXN5904,SAP1904,SAPACC1904,Refund,33124,INR,DOC013,COMP008,PLANT08,MG08,2026-02-11,SAP
SAPTXN5636,SAP1636,SAPACC1636,Invoice,2530,INR,DOC009,COMP004,PLANT04,MG04,2026-03-14,SAP
SAPTXN5203,SAP1203,SAPACC1203,Payment,10053,INR,DOC006,COMP003,PLANT03,MG03,2026-01-31,SAP
SAPTXN5605,SAP1605,SAPACC1605,Invoice,25243,INR,DOC007,COMP005,PLANT05,MG05,2026-03-30,SAP
SAPTXN5815,SAP1815,SAPACC1815,Invoice,21814,INR,DOC014,COMP007,PLANT07,MG07,2026-02-07,SAP
SAPTXN5827,SAP1827,SAPACC1827,Credit,7144,INR,DOC001,COMP003,PLANT03,MG03,2026-03-04,SAP
SAPTXN5053,SAP1053,SAPACC1053,Payment,33926,INR,DOC015,COMP005,PLANT05,MG05,2026-03-08,SAP
SAPTXN5908,SAP1908,SAPACC1908,Payment,34548,INR,DOC015,COMP004,PLANT04,MG04,2026-03-20,SAP
SAPTXN5452,SAP1452,SAPACC1452,Invoice,18730,INR,DOC013,COMP004,PLANT04,MG04,2026-03-13,SAP
SAPTXN5821,SAP1821,SAPACC1821,Order,23660,INR,DOC011,COMP005,PLANT05,MG05,2026-01-13,SAP
SAPTXN5233,SAP1233,SAPACC1233,Invoice,41976,INR,DOC014,COMP001,PLANT01,MG01,2026-03-25,SAP
SAPTXN5598,SAP1598,SAPACC1598,Order,25861,INR,DOC008,COMP006,PLANT06,MG06,2026-03-12,SAP
SAPTXN5125,SAP1125,SAPACC1125,Payment,43897,INR,DOC008,COMP005,PLANT05,MG05,2026-02-05,SAP
SAPTXN5754,SAP1754,SAPACC1754,Refund,3763,INR,DOC016,COMP002,PLANT02,MG02,2026-03-27,SAP
SAPTXN5517,SAP1517,SAPACC1517,Refund,12781,INR,DOC003,COMP005,PLANT05,MG05,2026-01-29,SAP
SAPTXN5561,SAP1561,SAPACC1561,Payment,16051,INR,DOC018,COMP001,PLANT01,MG01,2026-02-01,SAP
SAPTXN5026,SAP1026,SAPACC1026,Credit,1695,INR,DOC008,COMP002,PLANT02,MG02,2026-02-01,SAP
SAPTXN5614,SAP1614,SAPACC1614,Payment,22804,INR,DOC009,COMP006,PLANT06,MG06,2026-01-19,SAP
SAPTXN5137,SAP1137,SAPACC1137,Order,15850,INR,DOC006,COMP001,PLANT01,MG01,2026-03-05,SAP
SAPTXN5256,SAP1256,SAPACC1256,Credit,39851,INR,DOC008,COMP008,PLANT08,MG08,2026-01-16,SAP
SAPTXN5293,SAP1293,SAPACC1293,Credit,12552,INR,DOC007,COMP005,PLANT05,MG05,2026-01-01,SAP
SAPTXN5447,SAP1447,SAPACC1447,Payment,30547,INR,DOC011,COMP007,PLANT07,MG07,2026-02-28,SAP
SAPTXN5247,SAP1247,SAPACC1247,Order,25621,INR,DOC007,COMP007,PLANT07,MG07,2026-01-04,SAP
SAPTXN5132,SAP1132,SAPACC1132,Payment,25104,INR,DOC012,COMP004,PLANT04,MG04,2026-01-24,SAP
SAPTXN5107,SAP1107,SAPACC1107,Credit,21619,INR,DOC015,COMP003,PLANT03,MG03,2026-03-12,SAP
SAPTXN5831,SAP1831,SAPACC1831,Invoice,20323,INR,DOC013,COMP007,PLANT07,MG07,2026-01-21,SAP
SAPTXN5195,SAP1195,SAPACC1195,Credit,11562,INR,DOC005,COMP003,PLANT03,MG03,2026-01-26,SAP
SAPTXN5710,SAP1710,SAPACC1710,Credit,10642,INR,DOC004,COMP006,PLANT06,MG06,2026-02-20,SAP
SAPTXN5828,SAP1828,SAPACC1828,Invoice,13031,INR,DOC014,COMP004,PLANT04,MG04,2026-03-05,SAP
SAPTXN5786,SAP1786,SAPACC1786,Refund,22131,INR,DOC011,COMP002,PLANT02,MG02,2026-01-06,SAP
SAPTXN5871,SAP1871,SAPACC1871,Order,14863,INR,DOC020,COMP007,PLANT07,MG07,2026-03-24,SAP
SAPTXN5176,SAP1176,SAPACC1176,Payment,10122,INR,DOC019,COMP008,PLANT08,MG08,2026-02-05,SAP
SAPTXN5811,SAP1811,SAPACC1811,Credit,41071,INR,DOC005,COMP003,PLANT03,MG03,2026-01-26,SAP
SAPTXN5902,SAP1902,SAPACC1902,Order,18775,INR,DOC008,COMP006,PLANT06,MG06,2026-03-20,SAP
SAPTXN5403,SAP1403,SAPACC1403,Order,19975,INR,DOC020,COMP003,PLANT03,MG03,2026-01-09,SAP
SAPTXN5246,SAP1246,SAPACC1246,Order,48265,INR,DOC002,COMP006,PLANT06,MG06,2026-01-29,SAP
SAPTXN5800,SAP1800,SAPACC1800,Order,1254,INR,DOC011,COMP008,PLANT08,MG08,2026-03-18,SAP
SAPTXN5050,SAP1050,SAPACC1050,Refund,32559,INR,DOC005,COMP002,PLANT02,MG02,2026-03-01,SAP
SAPTXN5052,SAP1052,SAPACC1052,Invoice,21603,INR,DOC013,COMP004,PLANT04,MG04,2026-01-20,SAP
SAPTXN5758,SAP1758,SAPACC1758,Refund,45776,INR,DOC005,COMP006,PLANT06,MG06,2026-03-11,SAP
SAPTXN5919,SAP1919,SAPACC1919,Order,41956,INR,DOC017,COMP007,PLANT07,MG07,2026-03-02,SAP
SAPTXN5508,SAP1508,SAPACC1508,Credit,15977,INR,DOC018,COMP004,PLANT04,MG04,2026-03-24,SAP
SAPTXN5317,SAP1317,SAPACC1317,Payment,39955,INR,DOC012,COMP005,PLANT05,MG05,2026-01-21,SAP
SAPTXN5252,SAP1252,SAPACC1252,Credit,22809,INR,DOC014,COMP004,PLANT04,MG04,2026-03-17,SAP
SAPTXN5753,SAP1753,SAPACC1753,Refund,10077,INR,DOC007,COMP001,PLANT01,MG01,2026-03-09,SAP
SAPTXN5040,SAP1040,SAPACC1040,Refund,47152,INR,DOC004,COMP008,PLANT08,MG08,2026-02-10,SAP
SAPTXN5670,SAP1670,SAPACC1670,Refund,3865,INR,DOC009,COMP006,PLANT06,MG06,2026-01-01,SAP
SAPTXN5216,SAP1216,SAPACC1216,Credit,1042,INR,DOC007,COMP008,PLANT08,MG08,2026-01-24,SAP
SAPTXN5509,SAP1509,SAPACC1509,Payment,11858,INR,DOC013,COMP005,PLANT05,MG05,2026-02-06,SAP
SAPTXN5197,SAP1197,SAPACC1197,Refund,44447,INR,DOC005,COMP005,PLANT05,MG05,2026-03-16,SAP
SAPTXN5547,SAP1547,SAPACC1547,Invoice,35943,INR,DOC002,COMP003,PLANT03,MG03,2026-02-11,SAP
SAPTXN5774,SAP1774,SAPACC1774,Payment,48347,INR,DOC002,COMP006,PLANT06,MG06,2026-03-23,SAP
SAPTXN5551,SAP1551,SAPACC1551,Payment,16493,INR,DOC009,COMP007,PLANT07,MG07,2026-03-13,SAP
SAPTXN5262,SAP1262,SAPACC1262,Order,10655,INR,DOC008,COMP006,PLANT06,MG06,2026-02-25,SAP
SAPTXN5835,SAP1835,SAPACC1835,Order,30588,INR,DOC001,COMP003,PLANT03,MG03,2026-03-03,SAP
SAPTXN5059,SAP1059,SAPACC1059,Credit,4607,INR,DOC019,COMP003,PLANT03,MG03,2026-02-20,SAP
SAPTXN5806,SAP1806,SAPACC1806,Credit,32810,INR,DOC005,COMP006,PLANT06,MG06,2026-03-08,SAP
SAPTXN5584,SAP1584,SAPACC1584,Refund,15549,INR,DOC003,COMP008,PLANT08,MG08,2026-03-22,SAP
SAPTXN5864,SAP1864,SAPACC1864,Credit,42432,INR,DOC019,COMP008,PLANT08,MG08,2026-01-12,SAP
SAPTXN5267,SAP1267,SAPACC1267,Credit,33327,INR,DOC014,COMP003,PLANT03,MG03,2026-01-12,SAP
SAPTXN5462,SAP1462,SAPACC1462,Order,17578,INR,DOC002,COMP006,PLANT06,MG06,2026-02-04,SAP
SAPTXN5931,SAP1931,SAPACC1931,Credit,43245,INR,DOC007,COMP003,PLANT03,MG03,2026-02-08,SAP
SAPTXN5218,SAP1218,SAPACC1218,Order,27956,INR,DOC006,COMP002,PLANT02,MG02,2026-03-09,SAP
SAPTXN5542,SAP1542,SAPACC1542,Payment,25118,INR,DOC006,COMP006,PLANT06,MG06,2026-02-15,SAP
SAPTXN5153,SAP1153,SAPACC1153,Invoice,20415,INR,DOC005,COMP001,PLANT01,MG01,2026-01-05,SAP
SAPTXN5126,SAP1126,SAPACC1126,Invoice,15710,INR,DOC013,COMP006,PLANT06,MG06,2026-02-19,SAP
SAPTXN5307,SAP1307,SAPACC1307,Refund,5500,INR,DOC013,COMP003,PLANT03,MG03,2026-02-19,SAP
SAPTXN5686,SAP1686,SAPACC1686,Credit,17675,INR,DOC020,COMP006,PLANT06,MG06,2026-01-01,SAP
SAPTXN5829,SAP1829,SAPACC1829,Invoice,47875,INR,DOC008,COMP005,PLANT05,MG05,2026-01-25,SAP
SAPTXN5081,SAP1081,SAPACC1081,Credit,36875,INR,DOC016,COMP001,PLANT01,MG01,2026-01-26,SAP
SAPTXN5025,SAP1025,SAPACC1025,Order,843,INR,DOC006,COMP001,PLANT01,MG01,2026-02-21,SAP
SAPTXN5289,SAP1289,SAPACC1289,Refund,30945,INR,DOC005,COMP001,PLANT01,MG01,2026-03-19,SAP
SAPTXN5565,SAP1565,SAPACC1565,Refund,24274,INR,DOC006,COMP005,PLANT05,MG05,2026-03-30,SAP
SAPTXN5455,SAP1455,SAPACC1455,Invoice,16973,INR,DOC014,COMP007,PLANT07,MG07,2026-03-10,SAP
SAPTXN5044,SAP1044,SAPACC1044,Invoice,6197,INR,DOC011,COMP004,PLANT04,MG04,2026-01-24,SAP
SAPTXN5491,SAP1491,SAPACC1491,Payment,12332,INR,DOC017,COMP003,PLANT03,MG03,2026-03-05,SAP
SAPTXN5303,SAP1303,SAPACC1303,Invoice,25404,INR,DOC009,COMP007,PLANT07,MG07,2026-03-20,SAP
SAPTXN5818,SAP1818,SAPACC1818,Order,45660,INR,DOC014,COMP002,PLANT02,MG02,2026-02-06,SAP
SAPTXN5634,SAP1634,SAPACC1634,Payment,24562,INR,DOC011,COMP002,PLANT02,MG02,2026-02-18,SAP
SAPTXN5168,SAP1168,SAPACC1168,Refund,22944,INR,DOC012,COMP008,PLANT08,MG08,2026-03-10,SAP
SAPTXN5251,SAP1251,SAPACC1251,Payment,44042,INR,DOC011,COMP003,PLANT03,MG03,2026-03-13,SAP
SAPTXN5764,SAP1764,SAPACC1764,Credit,2381,INR,DOC019,COMP004,PLANT04,MG04,2026-01-28,SAP
SAPTXN5756,SAP1756,SAPACC1756,Credit,10783,INR,DOC006,COMP004,PLANT04,MG04,2026-03-28,SAP
SAPTXN5619,SAP1619,SAPACC1619,Order,18374,INR,DOC008,COMP003,PLANT03,MG03,2026-02-02,SAP
SAPTXN5120,SAP1120,SAPACC1120,Credit,4930,INR,DOC009,COMP008,PLANT08,MG08,2026-02-07,SAP
SAPTXN5543,SAP1543,SAPACC1543,Credit,34324,INR,DOC007,COMP007,PLANT07,MG07,2026-03-25,SAP
SAPTXN5410,SAP1410,SAPACC1410,Payment,32564,INR,DOC006,COMP002,PLANT02,MG02,2026-01-10,SAP
SAPTXN5432,SAP1432,SAPACC1432,Order,47543,INR,DOC007,COMP008,PLANT08,MG08,2026-03-19,SAP
SAPTXN5274,SAP1274,SAPACC1274,Order,29983,INR,DOC016,COMP002,PLANT02,MG02,2026-03-31,SAP
SAPTXN5513,SAP1513,SAPACC1513,Refund,24437,INR,DOC006,COMP001,PLANT01,MG01,2026-02-11,SAP
SAPTXN5063,SAP1063,SAPACC1063,Refund,15878,INR,DOC008,COMP007,PLANT07,MG07,2026-03-25,SAP
SAPTXN5694,SAP1694,SAPACC1694,Invoice,33760,INR,DOC004,COMP006,PLANT06,MG06,2026-01-17,SAP
SAPTXN5073,SAP1073,SAPACC1073,Credit,39630,INR,DOC019,COMP001,PLANT01,MG01,2026-03-06,SAP
SAPTXN5890,SAP1890,SAPACC1890,Payment,8508,INR,DOC005,COMP002,PLANT02,MG02,2026-02-10,SAP
SAPTXN5261,SAP1261,SAPACC1261,Payment,45291,INR,DOC001,COMP005,PLANT05,MG05,2026-03-29,SAP
SAPTXN5905,SAP1905,SAPACC1905,Credit,5814,INR,DOC015,COMP001,PLANT01,MG01,2026-03-16,SAP
SAPTXN5819,SAP1819,SAPACC1819,Order,26226,INR,DOC003,COMP003,PLANT03,MG03,2026-01-17,SAP
SAPTXN5696,SAP1696,SAPACC1696,Payment,14657,INR,DOC001,COMP008,PLANT08,MG08,2026-03-22,SAP
SAPTXN5413,SAP1413,SAPACC1413,Payment,44010,INR,DOC015,COMP005,PLANT05,MG05,2026-03-24,SAP
SAPTXN5055,SAP1055,SAPACC1055,Payment,31602,INR,DOC006,COMP007,PLANT07,MG07,2026-02-15,SAP
SAPTXN5242,SAP1242,SAPACC1242,Refund,29779,INR,DOC001,COMP002,PLANT02,MG02,2026-03-04,SAP
SAPTXN5406,SAP1406,SAPACC1406,Invoice,13760,INR,DOC001,COMP006,PLANT06,MG06,2026-03-27,SAP
SAPTXN5454,SAP1454,SAPACC1454,Payment,6222,INR,DOC001,COMP006,PLANT06,MG06,2026-02-03,SAP
SAPTXN5183,SAP1183,SAPACC1183,Credit,8209,INR,DOC006,COMP007,PLANT07,MG07,2026-01-19,SAP
SAPTXN5054,SAP1054,SAPACC1054,Order,39446,INR,DOC020,COMP006,PLANT06,MG06,2026-01-26,SAP
SAPTXN5354,SAP1354,SAPACC1354,Credit,17755,INR,DOC014,COMP002,PLANT02,MG02,2026-01-03,SAP
SAPTXN5244,SAP1244,SAPACC1244,Credit,12493,INR,DOC018,COMP004,PLANT04,MG04,2026-03-04,SAP
SAPTXN5193,SAP1193,SAPACC1193,Payment,935,INR,DOC016,COMP001,PLANT01,MG01,2026-03-08,SAP
SAPTXN5637,SAP1637,SAPACC1637,Order,38827,INR,DOC001,COMP005,PLANT05,MG05,2026-03-21,SAP
SAPTXN5737,SAP1737,SAPACC1737,Payment,40230,INR,DOC010,COMP001,PLANT01,MG01,2026-02-24,SAP
SAPTXN5646,SAP1646,SAPACC1646,Invoice,32440,INR,DOC015,COMP006,PLANT06,MG06,2026-03-26,SAP
SAPTXN5510,SAP1510,SAPACC1510,Order,3018,INR,DOC017,COMP006,PLANT06,MG06,2026-03-08,SAP
SAPTXN5725,SAP1725,SAPACC1725,Refund,31091,INR,DOC005,COMP005,PLANT05,MG05,2026-03-07,SAP
SAPTXN5648,SAP1648,SAPACC1648,Invoice,25342,INR,DOC017,COMP008,PLANT08,MG08,2026-03-25,SAP
SAPTXN5740,SAP1740,SAPACC1740,Credit,34838,INR,DOC011,COMP004,PLANT04,MG04,2026-03-13,SAP
SAPTXN5708,SAP1708,SAPACC1708,Payment,19795,INR,DOC013,COMP004,PLANT04,MG04,2026-02-15,SAP
SAPTXN5301,SAP1301,SAPACC1301,Order,47390,INR,DOC017,COMP005,PLANT05,MG05,2026-01-26,SAP
SAPTXN5256,SAP1256,SAPACC1256,Credit,39851,INR,DOC008,COMP008,PLANT08,MG08,2026-01-16,SAP
SAPTXN5348,SAP1348,SAPACC1348,Credit,41052,INR,DOC013,COMP004,PLANT04,MG04,2026-01-15,SAP
SAPTXN5719,SAP1719,SAPACC1719,Invoice,19813,INR,DOC011,COMP007,PLANT07,MG07,2026-01-12,SAP
SAPTXN5046,SAP1046,SAPACC1046,Credit,15911,INR,DOC012,COMP006,PLANT06,MG06,2026-01-18,SAP
SAPTXN5221,SAP1221,SAPACC1221,Invoice,40446,INR,DOC003,COMP005,PLANT05,MG05,2026-02-04,SAP
SAPTXN5415,SAP1415,SAPACC1415,Payment,40635,INR,DOC001,COMP007,PLANT07,MG07,2026-01-22,SAP
SAPTXN5227,SAP1227,SAPACC1227,Credit,40968,INR,DOC011,COMP003,PLANT03,MG03,2026-01-19,SAP
SAPTXN5709,SAP1709,SAPACC1709,Credit,972,INR,DOC017,COMP005,PLANT05,MG05,2026-02-25,SAP
SAPTXN5114,SAP1114,SAPACC1114,Order,31313,INR,DOC014,COMP002,PLANT02,MG02,2026-02-11,SAP
SAPTXN5848,SAP1848,SAPACC1848,Order,25705,INR,DOC007,COMP008,PLANT08,MG08,2026-03-02,SAP
SAPTXN5629,SAP1629,SAPACC1629,Payment,30671,INR,DOC008,COMP005,PLANT05,MG05,2026-03-12,SAP
SAPTXN5805,SAP1805,SAPACC1805,Order,26361,INR,DOC011,COMP005,PLANT05,MG05,2026-01-04,SAP
SAPTXN5893,SAP1893,SAPACC1893,Refund,11011,INR,DOC017,COMP005,PLANT05,MG05,2026-02-02,SAP
SAPTXN5639,SAP1639,SAPACC1639,Payment,16980,INR,DOC010,COMP007,PLANT07,MG07,2026-01-08,SAP
SAPTXN5295,SAP1295,SAPACC1295,Refund,30186,INR,DOC007,COMP007,PLANT07,MG07,2026-01-26,SAP
SAPTXN5468,SAP1468,SAPACC1468,Invoice,2588,INR,DOC003,COMP004,PLANT04,MG04,2026-02-24,SAP
SAPTXN5100,SAP1100,SAPACC1100,Invoice,16174,INR,DOC011,COMP004,PLANT04,MG04,2026-02-25,SAP
SAPTXN5178,SAP1178,SAPACC1178,Refund,7973,INR,DOC008,COMP002,PLANT02,MG02,2026-03-14,SAP
SAPTXN5189,SAP1189,SAPACC1189,Credit,43243,INR,DOC011,COMP005,PLANT05,MG05,2026-01-14,SAP
SAPTXN5457,SAP1457,SAPACC1457,Refund,1851,INR,DOC001,COMP001,PLANT01,MG01,2026-02-08,SAP
SAPTXN5877,SAP1877,SAPACC1877,Payment,35313,INR,DOC018,COMP005,PLANT05,MG05,2026-03-26,SAP
SAPTXN5305,SAP1305,SAPACC1305,Payment,24686,INR,DOC006,COMP001,PLANT01,MG01,2026-03-31,SAP
SAPTXN5392,SAP1392,SAPACC1392,Credit,42909,INR,DOC015,COMP008,PLANT08,MG08,2026-03-30,SAP
SAPTXN5663,SAP1663,SAPACC1663,Payment,43783,INR,DOC005,COMP007,PLANT07,MG07,2026-01-17,SAP
SAPTXN5511,SAP1511,SAPACC1511,Refund,45351,INR,DOC020,COMP007,PLANT07,MG07,2026-01-11,SAP
SAPTXN5255,SAP1255,SAPACC1255,Credit,27976,INR,DOC004,COMP007,PLANT07,MG07,2026-03-31,SAP
SAPTXN5206,SAP1206,SAPACC1206,Payment,27965,INR,DOC007,COMP006,PLANT06,MG06,2026-02-28,SAP
SAPTXN5667,SAP1667,SAPACC1667,Order,30089,INR,DOC012,COMP003,PLANT03,MG03,2026-01-01,SAP
SAPTXN5721,SAP1721,SAPACC1721,Refund,35535,INR,DOC016,COMP001,PLANT01,MG01,2026-02-26,SAP
SAPTXN5027,SAP1027,SAPACC1027,Order,42105,INR,DOC015,COMP003,PLANT03,MG03,2026-02-18,SAP
SAPTXN5033,SAP1033,SAPACC1033,Invoice,5545,INR,DOC006,COMP001,PLANT01,MG01,2026-03-30,SAP
SAPTXN5742,SAP1742,SAPACC1742,Invoice,34688,INR,DOC004,COMP006,PLANT06,MG06,2026-01-14,SAP
SAPTXN5800,SAP1800,SAPACC1800,Order,1254,INR,DOC011,COMP008,PLANT08,MG08,2026-03-18,SAP
SAPTXN5502,SAP1502,SAPACC1502,Invoice,45409,INR,DOC004,COMP006,PLANT06,MG06,2026-03-19,SAP
SAPTXN5077,SAP1077,SAPACC1077,Invoice,16662,INR,DOC016,COMP005,PLANT05,MG05,2026-01-08,SAP
SAPTXN5051,SAP1051,SAPACC1051,Refund,1438,INR,DOC009,COMP003,PLANT03,MG03,2026-01-11,SAP
SAPTXN5451,SAP1451,SAPACC1451,Refund,24926,INR,DOC014,COMP003,PLANT03,MG03,2026-02-06,SAP
SAPTXN5310,SAP1310,SAPACC1310,Refund,45673,INR,DOC009,COMP006,PLANT06,MG06,2026-02-10,SAP
SAPTXN5352,SAP1352,SAPACC1352,Order,10363,INR,DOC005,COMP008,PLANT08,MG08,2026-03-25,SAP
SAPTXN5497,SAP1497,SAPACC1497,Credit,47406,INR,DOC018,COMP001,PLANT01,MG01,2026-01-04,SAP
SAPTXN5855,SAP1855,SAPACC1855,Invoice,39307,INR,DOC007,COMP007,PLANT07,MG07,2026-03-15,SAP
SAPTXN5732,SAP1732,SAPACC1732,Invoice,9816,INR,DOC010,COMP004,PLANT04,MG04,2026-02-13,SAP
SAPTXN5731,SAP1731,SAPACC1731,Order,37191,INR,DOC017,COMP003,PLANT03,MG03,2026-03-29,SAP
SAPTXN5363,SAP1363,SAPACC1363,Credit,7393,INR,DOC018,COMP003,PLANT03,MG03,2026-03-19,SAP
SAPTXN5356,SAP1356,SAPACC1356,Order,1128,INR,DOC018,COMP004,PLANT04,MG04,2026-02-19,SAP
SAPTXN5359,SAP1359,SAPACC1359,Invoice,33087,INR,DOC020,COMP007,PLANT07,MG07,2026-01-19,SAP
SAPTXN5097,SAP1097,SAPACC1097,Payment,17256,INR,DOC003,COMP001,PLANT01,MG01,2026-01-29,SAP
SAPTXN5885,SAP1885,SAPACC1885,Refund,14863,INR,DOC019,COMP005,PLANT05,MG05,2026-02-18,SAP
SAPTXN5163,SAP1163,SAPACC1163,Order,6000,INR,DOC006,COMP003,PLANT03,MG03,2026-03-04,SAP
SAPTXN5198,SAP1198,SAPACC1198,Invoice,27348,INR,DOC008,COMP006,PLANT06,MG06,2026-01-16,SAP
SAPTXN5947,SAP1947,SAPACC1947,Refund,24566,INR,DOC003,COMP003,PLANT03,MG03,2026-02-08,SAP
SAPTXN5840,SAP1840,SAPACC1840,Refund,42330,INR,DOC013,COMP008,PLANT08,MG08,2026-03-02,SAP
SAPTXN5572,SAP1572,SAPACC1572,Invoice,28075,INR,DOC002,COMP004,PLANT04,MG04,2026-03-07,SAP
SAPTXN5285,SAP1285,SAPACC1285,Refund,29241,INR,DOC016,COMP005,PLANT05,MG05,2026-03-27,SAP
SAPTXN5600,SAP1600,SAPACC1600,Order,40567,INR,DOC014,COMP008,PLANT08,MG08,2026-03-10,SAP
SAPTXN5940,SAP1940,SAPACC1940,Invoice,16594,INR,DOC014,COMP004,PLANT04,MG04,2026-01-26,SAP
SAPTXN5739,SAP1739,SAPACC1739,Invoice,4500,INR,DOC002,COMP003,PLANT03,MG03,2026-02-25,SAP
SAPTXN5032,SAP1032,SAPACC1032,Credit,1729,INR,DOC003,COMP008,PLANT08,MG08,2026-02-03,SAP
SAPTXN5627,SAP1627,SAPACC1627,Payment,23703,INR,DOC016,COMP003,PLANT03,MG03,2026-02-09,SAP
SAPTXN5079,SAP1079,SAPACC1079,Order,2389,INR,DOC009,COMP007,PLANT07,MG07,2026-01-18,SAP
SAPTXN5925,SAP1925,SAPACC1925,Invoice,13353,INR,DOC020,COMP005,PLANT05,MG05,2026-01-26,SAP
SAPTXN5591,SAP1591,SAPACC1591,Payment,13951,INR,DOC012,COMP007,PLANT07,MG07,2026-02-04,SAP
SAPTXN5809,SAP1809,SAPACC1809,Payment,46838,INR,DOC010,COMP001,PLANT01,MG01,2026-03-30,SAP
SAPTXN5891,SAP1891,SAPACC1891,Credit,725,INR,DOC002,COMP003,PLANT03,MG03,2026-03-03,SAP
SAPTXN5669,SAP1669,SAPACC1669,Refund,36340,INR,DOC010,COMP005,PLANT05,MG05,2026-01-19,SAP
SAPTXN5749,SAP1749,SAPACC1749,Refund,11682,INR,DOC011,COMP005,PLANT05,MG05,2026-01-06,SAP
SAPTXN5029,SAP1029,SAPACC1029,Credit,31008,INR,DOC006,COMP005,PLANT05,MG05,2026-01-31,SAP
SAPTXN5599,SAP1599,SAPACC1599,Payment,48713,INR,DOC016,COMP007,PLANT07,MG07,2026-02-01,SAP
SAPTXN5449,SAP1449,SAPACC1449,Order,27841,INR,DOC017,COMP001,PLANT01,MG01,2026-02-18,SAP
SAPTXN5194,SAP1194,SAPACC1194,Invoice,8177,INR,DOC006,COMP002,PLANT02,MG02,2026-02-20,SAP
SAPTXN5412,SAP1412,SAPACC1412,Order,11490,INR,DOC005,COMP004,PLANT04,MG04,2026-03-14,SAP
SAPTXN5577,SAP1577,SAPACC1577,Credit,19368,INR,DOC014,COMP001,PLANT01,MG01,2026-02-25,SAP
SAPTXN5564,SAP1564,SAPACC1564,Order,38242,INR,DOC003,COMP004,PLANT04,MG04,2026-01-03,SAP
SAPTXN5726,SAP1726,SAPACC1726,Refund,19529,INR,DOC001,COMP006,PLANT06,MG06,2026-03-23,SAP
SAPTXN5024,SAP1024,SAPACC1024,Payment,10148,INR,DOC002,COMP008,PLANT08,MG08,2026-02-02,SAP
SAPTXN5021,SAP1021,SAPACC1021,Payment,49814,INR,DOC014,COMP005,PLANT05,MG05,2026-01-17,SAP
SAPTXN5215,SAP1215,SAPACC1215,Order,1674,INR,DOC017,COMP007,PLANT07,MG07,2026-03-02,SAP
SAPTXN5784,SAP1784,SAPACC1784,Payment,1148,INR,DOC011,COMP008,PLANT08,MG08,2026-03-25,SAP
SAPTXN5372,SAP1372,SAPACC1372,Invoice,10468,INR,DOC001,COMP004,PLANT04,MG04,2026-03-21,SAP
SAPTXN5750,SAP1750,SAPACC1750,Refund,15264,INR,DOC019,COMP006,PLANT06,MG06,2026-01-26,SAP
SAPTXN5793,SAP1793,SAPACC1793,Order,12010,INR,DOC003,COMP001,PLANT01,MG01,2026-02-25,SAP
SAPTXN5185,SAP1185,SAPACC1185,Credit,11309,INR,DOC007,COMP001,PLANT01,MG01,2026-01-27,SAP
SAPTXN5092,SAP1092,SAPACC1092,Invoice,36244,INR,DOC009,COMP004,PLANT04,MG04,2026-01-29,SAP
SAPTXN5628,SAP1628,SAPACC1628,Credit,39156,INR,DOC018,COMP004,PLANT04,MG04,2026-03-21,SAP
SAPTXN5562,SAP1562,SAPACC1562,Invoice,47215,INR,DOC003,COMP002,PLANT02,MG02,2026-01-25,SAP
SAPTXN5678,SAP1678,SAPACC1678,Payment,20123,INR,DOC015,COMP006,PLANT06,MG06,2026-01-06,SAP
SAPTXN5490,SAP1490,SAPACC1490,Payment,5213,INR,DOC016,COMP002,PLANT02,MG02,2026-01-01,SAP
SAPTXN5606,SAP1606,SAPACC1606,Payment,46430,INR,DOC007,COMP006,PLANT06,MG06,2026-01-21,SAP
SAPTXN5345,SAP1345,SAPACC1345,Order,20865,INR,DOC013,COMP001,PLANT01,MG01,2026-03-23,SAP
SAPTXN5878,SAP1878,SAPACC1878,Payment,49432,INR,DOC014,COMP006,PLANT06,MG06,2026-02-24,SAP
SAPTXN5377,SAP1377,SAPACC1377,Order,13010,INR,DOC012,COMP001,PLANT01,MG01,2026-01-14,SAP
SAPTXN5067,SAP1067,SAPACC1067,Refund,48944,INR,DOC001,COMP003,PLANT03,MG03,2026-02-21,SAP
SAPTXN5567,SAP1567,SAPACC1567,Invoice,35168,INR,DOC018,COMP007,PLANT07,MG07,2026-02-06,SAP
SAPTXN5892,SAP1892,SAPACC1892,Order,3473,INR,DOC020,COMP004,PLANT04,MG04,2026-03-23,SAP
SAPTXN5388,SAP1388,SAPACC1388,Payment,22782,INR,DOC010,COMP004,PLANT04,MG04,2026-02-15,SAP
SAPTXN5843,SAP1843,SAPACC1843,Credit,24782,INR,DOC005,COMP003,PLANT03,MG03,2026-03-04,SAP
SAPTXN5933,SAP1933,SAPACC1933,Refund,9593,INR,DOC015,COMP005,PLANT05,MG05,2026-01-29,SAP
SAPTXN5214,SAP1214,SAPACC1214,Payment,45836,INR,DOC005,COMP006,PLANT06,MG06,2026-02-27,SAP
SAPTXN5404,SAP1404,SAPACC1404,Order,1920,INR,DOC018,COMP004,PLANT04,MG04,2026-03-19,SAP
SAPTXN5761,SAP1761,SAPACC1761,Payment,16743,INR,DOC012,COMP001,PLANT01,MG01,2026-02-04,SAP
SAPTXN5113,SAP1113,SAPACC1113,Payment,15992,INR,DOC005,COMP001,PLANT01,MG01,2026-03-19,SAP
SAPTXN5777,SAP1777,SAPACC1777,Credit,19096,INR,DOC019,COMP001,PLANT01,MG01,2026-03-13,SAP
SAPTXN5666,SAP1666,SAPACC1666,Credit,3607,INR,DOC006,COMP002,PLANT02,MG02,2026-01-25,SAP
SAPTXN5003,SAP1003,SAPACC1003,Invoice,48547,INR,DOC012,COMP003,PLANT03,MG03,2026-02-27,SAP
SAPTXN5501,SAP1501,SAPACC1501,Invoice,44242,INR,DOC002,COMP005,PLANT05,MG05,2026-01-06,SAP
SAPTXN5302,SAP1302,SAPACC1302,Refund,35838,INR,DOC020,COMP006,PLANT06,MG06,2026-02-13,SAP
SAPTXN5664,SAP1664,SAPACC1664,Order,14859,INR,DOC004,COMP008,PLANT08,MG08,2026-03-31,SAP
SAPTXN5524,SAP1524,SAPACC1524,Payment,12547,INR,DOC014,COMP004,PLANT04,MG04,2026-02-05,SAP
SAPTXN5014,SAP1014,SAPACC1014,Payment,25283,INR,DOC006,COMP006,PLANT06,MG06,2026-02-23,SAP
SAPTXN5442,SAP1442,SAPACC1442,Payment,18997,INR,DOC010,COMP002,PLANT02,MG02,2026-03-16,SAP
SAPTXN5842,SAP1842,SAPACC1842,Refund,21607,INR,DOC008,COMP002,PLANT02,MG02,2026-03-23,SAP
SAPTXN5191,SAP1191,SAPACC1191,Refund,24166,INR,DOC002,COMP007,PLANT07,MG07,2026-02-04,SAP
SAPTXN5382,SAP1382,SAPACC1382,Invoice,45619,INR,DOC004,COMP006,PLANT06,MG06,2026-01-02,SAP
SAPTXN5129,SAP1129,SAPACC1129,Refund,38030,INR,DOC003,COMP001,PLANT01,MG01,2026-01-03,SAP
SAPTXN5835,SAP1835,SAPACC1835,Order,30588,INR,DOC001,COMP003,PLANT03,MG03,2026-03-03,SAP
SAPTXN5582,SAP1582,SAPACC1582,Refund,46797,INR,DOC019,COMP006,PLANT06,MG06,2026-03-02,SAP
SAPTXN5290,SAP1290,SAPACC1290,Refund,38133,INR,DOC004,COMP002,PLANT02,MG02,2026-01-29,SAP
SAPTXN5706,SAP1706,SAPACC1706,Credit,24712,INR,DOC011,COMP002,PLANT02,MG02,2026-01-11,SAP
SAPTXN5249,SAP1249,SAPACC1249,Credit,28212,INR,DOC007,COMP001,PLANT01,MG01,2026-01-06,SAP
SAPTXN5337,SAP1337,SAPACC1337,Order,18110,INR,DOC013,COMP001,PLANT01,MG01,2026-03-01,SAP
SAPTXN5691,SAP1691,SAPACC1691,Invoice,33473,INR,DOC007,COMP003,PLANT03,MG03,2026-01-06,SAP
SAPTXN5321,SAP1321,SAPACC1321,Order,515,INR,DOC008,COMP001,PLANT01,MG01,2026-01-27,SAP
SAPTXN5857,SAP1857,SAPACC1857,Invoice,29876,INR,DOC014,COMP001,PLANT01,MG01,2026-01-06,SAP
SAPTXN5588,SAP1588,SAPACC1588,Credit,21099,INR,DOC018,COMP004,PLANT04,MG04,2026-02-07,SAP
SAPTXN5273,SAP1273,SAPACC1273,Refund,37484,INR,DOC019,COMP001,PLANT01,MG01,2026-01-29,SAP
SAPTXN5684,SAP1684,SAPACC1684,Credit,38774,INR,DOC019,COMP004,PLANT04,MG04,2026-02-09,SAP
SAPTXN5419,SAP1419,SAPACC1419,Payment,45810,INR,DOC017,COMP003,PLANT03,MG03,2026-03-19,SAP
SAPTXN5637,SAP1637,SAPACC1637,Order,38827,INR,DOC001,COMP005,PLANT05,MG05,2026-03-21,SAP
SAPTXN5500,SAP1500,SAPACC1500,Invoice,10240,INR,DOC020,COMP004,PLANT04,MG04,2026-01-21,SAP
SAPTXN5621,SAP1621,SAPACC1621,Credit,6265,INR,DOC007,COMP005,PLANT05,MG05,2026-01-12,SAP
SAPTXN5314,SAP1314,SAPACC1314,Payment,19294,INR,DOC004,COMP002,PLANT02,MG02,2026-02-23,SAP
SAPTXN5880,SAP1880,SAPACC1880,Payment,46767,INR,DOC001,COMP008,PLANT08,MG08,2026-02-13,SAP
SAPTXN5034,SAP1034,SAPACC1034,Invoice,9426,INR,DOC018,COMP002,PLANT02,MG02,2026-03-06,SAP
SAPTXN5155,SAP1155,SAPACC1155,Order,9320,INR,DOC011,COMP003,PLANT03,MG03,2026-02-19,SAP
SAPTXN5275,SAP1275,SAPACC1275,Order,11287,INR,DOC007,COMP003,PLANT03,MG03,2026-01-23,SAP
SAPTXN5035,SAP1035,SAPACC1035,Order,39964,INR,DOC018,COMP003,PLANT03,MG03,2026-01-17,SAP
SAPTXN5272,SAP1272,SAPACC1272,Payment,44983,INR,DOC009,COMP008,PLANT08,MG08,2026-01-16,SAP
SAPTXN5144,SAP1144,SAPACC1144,Order,12869,INR,DOC007,COMP008,PLANT08,MG08,2026-01-26,SAP
SAPTXN5540,SAP1540,SAPACC1540,Invoice,41695,INR,DOC018,COMP004,PLANT04,MG04,2026-03-09,SAP
SAPTXN5623,SAP1623,SAPACC1623,Invoice,36450,INR,DOC018,COMP007,PLANT07,MG07,2026-02-22,SAP
SAPTXN5516,SAP1516,SAPACC1516,Order,13157,INR,DOC003,COMP004,PLANT04,MG04,2026-01-03,SAP
SAPTXN5684,SAP1684,SAPACC1684,Credit,38774,INR,DOC019,COMP004,PLANT04,MG04,2026-02-09,SAP
SAPTXN5424,SAP1424,SAPACC1424,Order,13372,INR,DOC008,COMP008,PLANT08,MG08,2026-01-21,SAP
SAPTXN5039,SAP1039,SAPACC1039,Invoice,39820,INR,DOC017,COMP007,PLANT07,MG07,2026-02-26,SAP
SAPTXN5881,SAP1881,SAPACC1881,Refund,33445,INR,DOC015,COMP001,PLANT01,MG01,2026-02-18,SAP
SAPTXN5801,SAP1801,SAPACC1801,Refund,2189,INR,DOC017,COMP001,PLANT01,MG01,2026-03-09,SAP
SAPTXN5165,SAP1165,SAPACC1165,Credit,27099,INR,DOC015,COMP005,PLANT05,MG05,2026-01-19,SAP
SAPTXN5836,SAP1836,SAPACC1836,Credit,24842,INR,DOC008,COMP004,PLANT04,MG04,2026-02-24,SAP
SAPTXN5381,SAP1381,SAPACC1381,Refund,2289,INR,DOC007,COMP005,PLANT05,MG05,2026-03-01,SAP
SAPTXN5360,SAP1360,SAPACC1360,Payment,9134,INR,DOC017,COMP008,PLANT08,MG08,2026-03-29,SAP
SAPTXN5548,SAP1548,SAPACC1548,Credit,2767,INR,DOC007,COMP004,PLANT04,MG04,2026-02-27,SAP
SAPTXN5674,SAP1674,SAPACC1674,Credit,48139,INR,DOC013,COMP002,PLANT02,MG02,2026-02-08,SAP
SAPTXN5716,SAP1716,SAPACC1716,Order,35742,INR,DOC016,COMP004,PLANT04,MG04,2026-02-26,SAP
SAPTXN5425,SAP1425,SAPACC1425,Credit,10710,INR,DOC020,COMP001,PLANT01,MG01,2026-01-12,SAP
SAPTXN5433,SAP1433,SAPACC1433,Refund,20300,INR,DOC005,COMP001,PLANT01,MG01,2026-02-02,SAP
SAPTXN5574,SAP1574,SAPACC1574,Payment,40417,INR,DOC003,COMP006,PLANT06,MG06,2026-01-22,SAP
SAPTXN5395,SAP1395,SAPACC1395,Invoice,6304,INR,DOC019,COMP003,PLANT03,MG03,2026-03-11,SAP
SAPTXN5109,SAP1109,SAPACC1109,Payment,39047,INR,DOC017,COMP005,PLANT05,MG05,2026-03-07,SAP
SAPTXN5585,SAP1585,SAPACC1585,Refund,32899,INR,DOC001,COMP001,PLANT01,MG01,2026-02-18,SAP
SAPTXN5942,SAP1942,SAPACC1942,Payment,10441,INR,DOC016,COMP006,PLANT06,MG06,2026-01-07,SAP
SAPTXN5094,SAP1094,SAPACC1094,Credit,17687,INR,DOC015,COMP006,PLANT06,MG06,2026-01-15,SAP
SAPTXN5787,SAP1787,SAPACC1787,Credit,16046,INR,DOC009,COMP003,PLANT03,MG03,2026-03-08,SAP
SAPTXN5062,SAP1062,SAPACC1062,Credit,18569,INR,DOC016,COMP006,PLANT06,MG06,2026-03-01,SAP
SAPTXN5525,SAP1525,SAPACC1525,Credit,13503,INR,DOC019,COMP005,PLANT05,MG05,2026-01-08,SAP
SAPTXN5895,SAP1895,SAPACC1895,Invoice,33471,INR,DOC002,COMP007,PLANT07,MG07,2026-02-13,SAP
SAPTXN5498,SAP1498,SAPACC1498,Invoice,43814,INR,DOC005,COMP002,PLANT02,MG02,2026-01-19,SAP
SAPTXN5631,SAP1631,SAPACC1631,Payment,17607,INR,DOC009,COMP007,PLANT07,MG07,2026-01-03,SAP
SAPTXN5243,SAP1243,SAPACC1243,Invoice,15852,INR,DOC001,COMP003,PLANT03,MG03,2026-01-10,SAP
SAPTXN5347,SAP1347,SAPACC1347,Payment,44260,INR,DOC008,COMP003,PLANT03,MG03,2026-01-25,SAP
SAPTXN5083,SAP1083,SAPACC1083,Credit,12162,INR,DOC007,COMP003,PLANT03,MG03,2026-01-04,SAP
SAPTXN5879,SAP1879,SAPACC1879,Order,28450,INR,DOC003,COMP007,PLANT07,MG07,2026-01-21,SAP
SAPTXN5822,SAP1822,SAPACC1822,Refund,48449,INR,DOC016,COMP006,PLANT06,MG06,2026-03-24,SAP
SAPTXN5592,SAP1592,SAPACC1592,Order,4387,INR,DOC014,COMP008,PLANT08,MG08,2026-01-21,SAP
SAPTXN5131,SAP1131,SAPACC1131,Payment,7557,INR,DOC016,COMP003,PLANT03,MG03,2026-03-14,SAP
SAPTXN5157,SAP1157,SAPACC1157,Order,27322,INR,DOC007,COMP005,PLANT05,MG05,2026-03-07,SAP
SAPTXN5389,SAP1389,SAPACC1389,Credit,24198,INR,DOC001,COMP005,PLANT05,MG05,2026-02-07,SAP
SAPTXN5376,SAP1376,SAPACC1376,Refund,46185,INR,DOC004,COMP008,PLANT08,MG08,2026-03-08,SAP
SAPTXN5149,SAP1149,SAPACC1149,Payment,39975,INR,DOC003,COMP005,PLANT05,MG05,2026-02-28,SAP
SAPTXN5936,SAP1936,SAPACC1936,Refund,32402,INR,DOC003,COMP008,PLANT08,MG08,2026-02-03,SAP
SAPTXN5019,SAP1019,SAPACC1019,Invoice,47684,INR,DOC001,COMP003,PLANT03,MG03,2026-01-01,SAP
SAPTXN5146,SAP1146,SAPACC1146,Refund,21330,INR,DOC005,COMP002,PLANT02,MG02,2026-01-28,SAP
SAPTXN5421,SAP1421,SAPACC1421,Refund,17985,INR,DOC012,COMP005,PLANT05,MG05,2026-02-14,SAP
SAPTXN5409,SAP1409,SAPACC1409,Refund,9988,INR,DOC012,COMP001,PLANT01,MG01,2026-03-15,SAP
SAPTXN5715,SAP1715,SAPACC1715,Refund,17546,INR,DOC018,COMP003,PLANT03,MG03,2026-03-31,SAP
SAPTXN5796,SAP1796,SAPACC1796,Credit,45092,INR,DOC017,COMP004,PLANT04,MG04,2026-03-07,SAP
SAPTXN5484,SAP1484,SAPACC1484,Invoice,22856,INR,DOC001,COMP004,PLANT04,MG04,2026-02-26,SAP
SAPTXN5385,SAP1385,SAPACC1385,Refund,32813,INR,DOC016,COMP001,PLANT01,MG01,2026-01-11,SAP
SAPTXN5782,SAP1782,SAPACC1782,Credit,45397,INR,DOC004,COMP006,PLANT06,MG06,2026-03-16,SAP
SAPTXN5770,SAP1770,SAPACC1770,Credit,8714,INR,DOC013,COMP002,PLANT02,MG02,2026-02-10,SAP
SAPTXN5783,SAP1783,SAPACC1783,Credit,26921,INR,DOC006,COMP007,PLANT07,MG07,2026-02-22,SAP
SAPTXN5236,SAP1236,SAPACC1236,Invoice,44023,INR,DOC003,COMP004,PLANT04,MG04,2026-01-02,SAP
SAPTXN5856,SAP1856,SAPACC1856,Payment,8277,INR,DOC010,COMP008,PLANT08,MG08,2026-02-18,SAP
SAPTXN5453,SAP1453,SAPACC1453,Invoice,2514,INR,DOC015,COMP005,PLANT05,MG05,2026-01-21,SAP
SAPTXN5575,SAP1575,SAPACC1575,Credit,48540,INR,DOC006,COMP007,PLANT07,MG07,2026-03-30,SAP
SAPTXN5156,SAP1156,SAPACC1156,Invoice,14750,INR,DOC013,COMP004,PLANT04,MG04,2026-02-09,SAP
SAPTXN5498,SAP1498,SAPACC1498,Invoice,43814,INR,DOC005,COMP002,PLANT02,MG02,2026-01-19,SAP
SAPTXN5060,SAP1060,SAPACC1060,Invoice,28394,INR,DOC007,COMP004,PLANT04,MG04,2026-03-25,SAP
SAPTXN5136,SAP1136,SAPACC1136,Payment,14903,INR,DOC001,COMP008,PLANT08,MG08,2026-02-14,SAP
SAPTXN5677,SAP1677,SAPACC1677,Credit,14235,INR,DOC013,COMP005,PLANT05,MG05,2026-01-29,SAP
SAPTXN5231,SAP1231,SAPACC1231,Order,6524,INR,DOC018,COMP007,PLANT07,MG07,2026-02-27,SAP
SAPTXN5235,SAP1235,SAPACC1235,Order,36937,INR,DOC006,COMP003,PLANT03,MG03,2026-03-09,SAP
SAPTXN5711,SAP1711,SAPACC1711,Order,12924,INR,DOC011,COMP007,PLANT07,MG07,2026-01-21,SAP
SAPTXN5386,SAP1386,SAPACC1386,Invoice,20751,INR,DOC020,COMP002,PLANT02,MG02,2026-01-17,SAP
SAPTXN5483,SAP1483,SAPACC1483,Credit,9130,INR,DOC001,COMP003,PLANT03,MG03,2026-01-19,SAP
SAPTXN5470,SAP1470,SAPACC1470,Credit,46361,INR,DOC011,COMP006,PLANT06,MG06,2026-03-04,SAP
SAPTXN5469,SAP1469,SAPACC1469,Payment,31907,INR,DOC014,COMP005,PLANT05,MG05,2026-01-23,SAP
SAPTXN5427,SAP1427,SAPACC1427,Order,29895,INR,DOC007,COMP003,PLANT03,MG03,2026-01-08,SAP
SAPTXN5357,SAP1357,SAPACC1357,Invoice,34131,INR,DOC014,COMP005,PLANT05,MG05,2026-02-03,SAP
SAPTXN5202,SAP1202,SAPACC1202,Invoice,40639,INR,DOC002,COMP002,PLANT02,MG02,2026-01-07,SAP
SAPTXN5119,SAP1119,SAPACC1119,Payment,4249,INR,DOC013,COMP007,PLANT07,MG07,2026-03-01,SAP
SAPTXN5787,SAP1787,SAPACC1787,Credit,16046,INR,DOC009,COMP003,PLANT03,MG03,2026-03-08,SAP
SAPTXN5234,SAP1234,SAPACC1234,Refund,26610,INR,DOC003,COMP002,PLANT02,MG02,2026-03-11,SAP
SAPTXN5082,SAP1082,SAPACC1082,Invoice,8352,INR,DOC013,COMP002,PLANT02,MG02,2026-01-20,SAP
SAPTXN5939,SAP1939,SAPACC1939,Credit,18631,INR,DOC003,COMP003,PLANT03,MG03,2026-01-11,SAP
SAPTXN5873,SAP1873,SAPACC1873,Credit,14666,INR,DOC019,COMP001,PLANT01,MG01,2026-01-16,SAP
SAPTXN5117,SAP1117,SAPACC1117,Refund,48576,INR,DOC009,COMP005,PLANT05,MG05,2026-03-14,SAP
SAPTXN5485,SAP1485,SAPACC1485,Credit,45665,INR,DOC020,COMP005,PLANT05,MG05,2026-02-12,SAP
SAPTXN5015,SAP1015,SAPACC1015,Order,14610,INR,DOC006,COMP007,PLANT07,MG07,2026-01-20,SAP
SAPTXN5057,SAP1057,SAPACC1057,Order,3374,INR,DOC017,COMP001,PLANT01,MG01,2026-01-20,SAP
SAPTXN5115,SAP1115,SAPACC1115,Credit,9190,INR,DOC009,COMP003,PLANT03,MG03,2026-02-06,SAP
SAPTXN5013,SAP1013,SAPACC1013,Refund,46556,INR,DOC012,COMP005,PLANT05,MG05,2026-03-20,SAP
SAPTXN5098,SAP1098,SAPACC1098,Payment,23477,INR,DOC008,COMP002,PLANT02,MG02,2026-01-05,SAP
SAPTXN5034,SAP1034,SAPACC1034,Invoice,9426,INR,DOC018,COMP002,PLANT02,MG02,2026-03-06,SAP
SAPTXN5111,SAP1111,SAPACC1111,Credit,39716,INR,DOC013,COMP007,PLANT07,MG07,2026-01-09,SAP
SAPTXN5209,SAP1209,SAPACC1209,Payment,47886,INR,DOC002,COMP001,PLANT01,MG01,2026-03-23,SAP
SAPTXN5074,SAP1074,SAPACC1074,Credit,46461,INR,DOC012,COMP002,PLANT02,MG02,2026-03-23,SAP
SAPTXN5361,SAP1361,SAPACC1361,Credit,46258,INR,DOC018,COMP001,PLANT01,MG01,2026-01-14,SAP
SAPTXN5461,SAP1461,SAPACC1461,Order,34227,INR,DOC018,COMP005,PLANT05,MG05,2026-03-30,SAP
SAPTXN5164,SAP1164,SAPACC1164,Refund,29042,INR,DOC004,COMP004,PLANT04,MG04,2026-01-26,SAP
SAPTXN5291,SAP1291,SAPACC1291,Refund,3677,INR,DOC019,COMP003,PLANT03,MG03,2026-02-10,SAP
SAPTXN5799,SAP1799,SAPACC1799,Credit,5625,INR,DOC008,COMP007,PLANT07,MG07,2026-02-02,SAP
SAPTXN5495,SAP1495,SAPACC1495,Invoice,1700,INR,DOC019,COMP007,PLANT07,MG07,2026-02-01,SAP
SAPTXN5253,SAP1253,SAPACC1253,Invoice,18509,INR,DOC009,COMP005,PLANT05,MG05,2026-01-05,SAP
SAPTXN5472,SAP1472,SAPACC1472,Order,43721,INR,DOC008,COMP008,PLANT08,MG08,2026-02-06,SAP
SAPTXN5327,SAP1327,SAPACC1327,Credit,16111,INR,DOC006,COMP007,PLANT07,MG07,2026-02-14,SAP
SAPTXN5311,SAP1311,SAPACC1311,Order,35319,INR,DOC009,COMP007,PLANT07,MG07,2026-03-09,SAP
SAPTXN5303,SAP1303,SAPACC1303,Invoice,25404,INR,DOC009,COMP007,PLANT07,MG07,2026-03-20,SAP
SAPTXN5915,SAP1915,SAPACC1915,Credit,5113,INR,DOC004,COMP003,PLANT03,MG03,2026-02-06,SAP
SAPTXN5071,SAP1071,SAPACC1071,Order,30039,INR,DOC019,COMP007,PLANT07,MG07,2026-03-31,SAP
SAPTXN5932,SAP1932,SAPACC1932,Refund,44138,INR,DOC020,COMP004,PLANT04,MG04,2026-01-14,SAP
SAPTXN5338,SAP1338,SAPACC1338,Credit,16573,INR,DOC006,COMP002,PLANT02,MG02,2026-01-25,SAP
SAPTXN5845,SAP1845,SAPACC1845,Refund,14496,INR,DOC011,COMP005,PLANT05,MG05,2026-01-26,SAP
SAPTXN5601,SAP1601,SAPACC1601,Payment,30631,INR,DOC001,COMP001,PLANT01,MG01,2026-03-12,SAP
SAPTXN5897,SAP1897,SAPACC1897,Invoice,33900,INR,DOC002,COMP001,PLANT01,MG01,2026-01-07,SAP
SAPTXN5429,SAP1429,SAPACC1429,Order,42020,INR,DOC008,COMP005,PLANT05,MG05,2026-03-16,SAP
SAPTXN5569,SAP1569,SAPACC1569,Payment,34973,INR,DOC019,COMP001,PLANT01,MG01,2026-02-21,SAP
SAPTXN5476,SAP1476,SAPACC1476,Invoice,35565,INR,DOC009,COMP004,PLANT04,MG04,2026-02-07,SAP
SAPTXN5187,SAP1187,SAPACC1187,Order,38237,INR,DOC009,COMP003,PLANT03,MG03,2026-02-19,SAP
SAPTXN5723,SAP1723,SAPACC1723,Credit,19823,INR,DOC009,COMP003,PLANT03,MG03,2026-01-25,SAP
SAPTXN5423,SAP1423,SAPACC1423,Payment,44908,INR,DOC007,COMP007,PLANT07,MG07,2026-03-30,SAP
SAPTXN5704,SAP1704,SAPACC1704,Refund,19054,INR,DOC016,COMP008,PLANT08,MG08,2026-03-22,SAP
SAPTXN5566,SAP1566,SAPACC1566,Refund,37176,INR,DOC020,COMP006,PLANT06,MG06,2026-02-20,SAP
SAPTXN5872,SAP1872,SAPACC1872,Payment,39578,INR,DOC006,COMP008,PLANT08,MG08,2026-02-10,SAP
SAPTXN5935,SAP1935,SAPACC1935,Order,10941,INR,DOC001,COMP007,PLANT07,MG07,2026-03-21,SAP
SAPTXN5920,SAP1920,SAPACC1920,Credit,48234,INR,DOC014,COMP008,PLANT08,MG08,2026-03-13,SAP
SAPTXN5173,SAP1173,SAPACC1173,Refund,29449,INR,DOC017,COMP005,PLANT05,MG05,2026-02-26,SAP
SAPTXN5705,SAP1705,SAPACC1705,Payment,11170,INR,DOC016,COMP001,PLANT01,MG01,2026-02-18,SAP
SAPTXN5594,SAP1594,SAPACC1594,Credit,34885,INR,DOC003,COMP002,PLANT02,MG02,2026-03-18,SAP
SAPTXN5928,SAP1928,SAPACC1928,Credit,49763,INR,DOC008,COMP008,PLANT08,MG08,2026-02-25,SAP
SAPTXN5587,SAP1587,SAPACC1587,Payment,38021,INR,DOC002,COMP003,PLANT03,MG03,2026-02-06,SAP
SAPTXN5475,SAP1475,SAPACC1475,Refund,5218,INR,DOC020,COMP003,PLANT03,MG03,2026-01-25,SAP
SAPTXN5147,SAP1147,SAPACC1147,Payment,30251,INR,DOC019,COMP003,PLANT03,MG03,2026-02-19,SAP
SAPTXN5722,SAP1722,SAPACC1722,Invoice,37571,INR,DOC003,COMP002,PLANT02,MG02,2026-03-12,SAP
SAPTXN5281,SAP1281,SAPACC1281,Order,21793,INR,DOC012,COMP001,PLANT01,MG01,2026-03-21,SAP
SAPTXN5499,SAP1499,SAPACC1499,Refund,33880,INR,DOC013,COMP003,PLANT03,MG03,2026-03-14,SAP
SAPTXN5096,SAP1096,SAPACC1096,Payment,40334,INR,DOC016,COMP008,PLANT08,MG08,2026-01-01,SAP
SAPTXN5312,SAP1312,SAPACC1312,Order,15908,INR,DOC005,COMP008,PLANT08,MG08,2026-03-28,SAP
SAPTXN5230,SAP1230,SAPACC1230,Payment,41093,INR,DOC002,COMP006,PLANT06,MG06,2026-03-24,SAP
SAPTXN5581,SAP1581,SAPACC1581,Invoice,36372,INR,DOC018,COMP005,PLANT05,MG05,2026-01-17,SAP
SAPTXN5823,SAP1823,SAPACC1823,Payment,32666,INR,DOC011,COMP007,PLANT07,MG07,2026-01-19,SAP
SAPTXN5448,SAP1448,SAPACC1448,Payment,2187,INR,DOC020,COMP008,PLANT08,MG08,2026-02-25,SAP
SAPTXN5882,SAP1882,SAPACC1882,Order,40723,INR,DOC009,COMP002,PLANT02,MG02,2026-03-02,SAP
SAPTXN5518,SAP1518,SAPACC1518,Order,37687,INR,DOC020,COMP006,PLANT06,MG06,2026-03-23,SAP
SAPTXN5045,SAP1045,SAPACC1045,Payment,1986,INR,DOC019,COMP005,PLANT05,MG05,2026-01-29,SAP
SAPTXN5212,SAP1212,SAPACC1212,Order,6817,INR,DOC013,COMP004,PLANT04,MG04,2026-01-10,SAP
SAPTXN5263,SAP1263,SAPACC1263,Order,28307,INR,DOC013,COMP007,PLANT07,MG07,2026-01-05,SAP
SAPTXN5089,SAP1089,SAPACC1089,Refund,26574,INR,DOC013,COMP001,PLANT01,MG01,2026-01-08,SAP
SAPTXN5349,SAP1349,SAPACC1349,Invoice,15489,INR,DOC004,COMP005,PLANT05,MG05,2026-02-28,SAP
SAPTXN5914,SAP1914,SAPACC1914,Refund,9556,INR,DOC007,COMP002,PLANT02,MG02,2026-03-03,SAP
SAPTXN5530,SAP1530,SAPACC1530,Order,25014,INR,DOC001,COMP002,PLANT02,MG02,2026-03-10,SAP
SAPTXN5339,SAP1339,SAPACC1339,Refund,31434,INR,DOC001,COMP003,PLANT03,MG03,2026-02-17,SAP
SAPTXN5672,SAP1672,SAPACC1672,Refund,23943,INR,DOC008,COMP008,PLANT08,MG08,2026-01-31,SAP
SAPTXN5586,SAP1586,SAPACC1586,Refund,21867,INR,DOC014,COMP002,PLANT02,MG02,2026-01-14,SAP
SAPTXN5341,SAP1341,SAPACC1341,Order,22514,INR,DOC004,COMP005,PLANT05,MG05,2026-03-24,SAP
SAPTXN5812,SAP1812,SAPACC1812,Invoice,22236,INR,DOC007,COMP004,PLANT04,MG04,2026-02-19,SAP
SAPTXN5688,SAP1688,SAPACC1688,Payment,40275,INR,DOC003,COMP008,PLANT08,MG08,2026-03-03,SAP
SAPTXN5884,SAP1884,SAPACC1884,Order,25458,INR,DOC012,COMP004,PLANT04,MG04,2026-02-02,SAP
SAPTXN5833,SAP1833,SAPACC1833,Order,534,INR,DOC002,COMP001,PLANT01,MG01,2026-03-23,SAP
SAPTXN5011,SAP1011,SAPACC1011,Payment,2087,INR,DOC018,COMP003,PLANT03,MG03,2026-02-15,SAP
SAPTXN5604,SAP1604,SAPACC1604,Credit,16184,INR,DOC017,COMP004,PLANT04,MG04,2026-02-16,SAP
SAPTXN5546,SAP1546,SAPACC1546,Invoice,32009,INR,DOC006,COMP002,PLANT02,MG02,2026-02-06,SAP
SAPTXN5015,SAP1015,SAPACC1015,Order,14610,INR,DOC006,COMP007,PLANT07,MG07,2026-01-20,SAP
SAPTXN5810,SAP1810,SAPACC1810,Refund,47632,INR,DOC006,COMP002,PLANT02,MG02,2026-03-18,SAP
SAPTXN5133,SAP1133,SAPACC1133,Invoice,23529,INR,DOC013,COMP005,PLANT05,MG05,2026-02-20,SAP
SAPTXN5331,SAP1331,SAPACC1331,Invoice,33350,INR,DOC005,COMP003,PLANT03,MG03,2026-02-12,SAP
SAPTXN5240,SAP1240,SAPACC1240,Refund,20940,INR,DOC004,COMP008,PLANT08,MG08,2026-01-24,SAP
SAPTXN5514,SAP1514,SAPACC1514,Refund,47652,INR,DOC008,COMP002,PLANT02,MG02,2026-02-20,SAP
SAPTXN5718,SAP1718,SAPACC1718,Credit,5279,INR,DOC017,COMP006,PLANT06,MG06,2026-02-04,SAP
SAPTXN5776,SAP1776,SAPACC1776,Order,22747,INR,DOC001,COMP008,PLANT08,MG08,2026-02-22,SAP
SAPTXN5898,SAP1898,SAPACC1898,Payment,27001,INR,DOC001,COMP002,PLANT02,MG02,2026-03-03,SAP
SAPTXN5579,SAP1579,SAPACC1579,Order,29478,INR,DOC003,COMP003,PLANT03,MG03,2026-03-10,SAP
SAPTXN5373,SAP1373,SAPACC1373,Refund,26574,INR,DOC018,COMP005,PLANT05,MG05,2026-03-13,SAP
SAPTXN5702,SAP1702,SAPACC1702,Payment,12960,INR,DOC016,COMP006,PLANT06,MG06,2026-02-01,SAP
SAPTXN5713,SAP1713,SAPACC1713,Credit,7254,INR,DOC011,COMP001,PLANT01,MG01,2026-03-26,SAP
SAPTXN5778,SAP1778,SAPACC1778,Invoice,46040,INR,DOC004,COMP002,PLANT02,MG02,2026-02-09,SAP
SAPTXN5463,SAP1463,SAPACC1463,Payment,3599,INR,DOC013,COMP007,PLANT07,MG07,2026-03-28,SAP
SAPTXN5038,SAP1038,SAPACC1038,Payment,18633,INR,DOC017,COMP006,PLANT06,MG06,2026-02-20,SAP
SAPTXN5309,SAP1309,SAPACC1309,Invoice,37813,INR,DOC012,COMP005,PLANT05,MG05,2026-01-11,SAP
SAPTXN5306,SAP1306,SAPACC1306,Payment,9227,INR,DOC009,COMP002,PLANT02,MG02,2026-01-10,SAP
SAPTXN5328,SAP1328,SAPACC1328,Payment,4006,INR,DOC004,COMP008,PLANT08,MG08,2026-01-10,SAP
SAPTXN5849,SAP1849,SAPACC1849,Order,42960,INR,DOC008,COMP001,PLANT01,MG01,2026-03-15,SAP
SAPTXN5175,SAP1175,SAPACC1175,Order,2051,INR,DOC015,COMP007,PLANT07,MG07,2026-01-26,SAP
SAPTXN5394,SAP1394,SAPACC1394,Invoice,32980,INR,DOC018,COMP002,PLANT02,MG02,2026-01-28,SAP
SAPTXN5380,SAP1380,SAPACC1380,Credit,44565,INR,DOC019,COMP004,PLANT04,MG04,2026-01-10,SAP
SAPTXN5750,SAP1750,SAPACC1750,Refund,15264,INR,DOC019,COMP006,PLANT06,MG06,2026-01-26,SAP
SAPTXN5022,SAP1022,SAPACC1022,Payment,16512,INR,DOC018,COMP006,PLANT06,MG06,2026-02-05,SAP
SAPTXN5466,SAP1466,SAPACC1466,Order,14195,INR,DOC014,COMP002,PLANT02,MG02,2026-02-19,SAP
SAPTXN5161,SAP1161,SAPACC1161,Order,16740,INR,DOC003,COMP001,PLANT01,MG01,2026-01-06,SAP
SAPTXN5824,SAP1824,SAPACC1824,Payment,7745,INR,DOC011,COMP008,PLANT08,MG08,2026-02-25,SAP
SAPTXN5292,SAP1292,SAPACC1292,Invoice,40620,INR,DOC007,COMP004,PLANT04,MG04,2026-02-04,SAP
SAPTXN5576,SAP1576,SAPACC1576,Invoice,8447,INR,DOC001,COMP008,PLANT08,MG08,2026-02-28,SAP
SAPTXN5408,SAP1408,SAPACC1408,Payment,49301,INR,DOC005,COMP008,PLANT08,MG08,2026-02-27,SAP
SAPTXN5396,SAP1396,SAPACC1396,Order,1886,INR,DOC020,COMP004,PLANT04,MG04,2026-01-29,SAP
SAPTXN5439,SAP1439,SAPACC1439,Invoice,2757,INR,DOC008,COMP007,PLANT07,MG07,2026-03-20,SAP
SAPTXN5362,SAP1362,SAPACC1362,Credit,24814,INR,DOC013,COMP002,PLANT02,MG02,2026-01-07,SAP
SAPTXN5802,SAP1802,SAPACC1802,Order,11722,INR,DOC007,COMP002,PLANT02,MG02,2026-03-23,SAP
SAPTXN5791,SAP1791,SAPACC1791,Invoice,29697,INR,DOC005,COMP007,PLANT07,MG07,2026-03-19,SAP
SAPTXN5903,SAP1903,SAPACC1903,Order,14350,INR,DOC005,COMP007,PLANT07,MG07,2026-02-07,SAP
SAPTXN5087,SAP1087,SAPACC1087,Invoice,8566,INR,DOC020,COMP007,PLANT07,MG07,2026-01-22,SAP
SAPTXN5555,SAP1555,SAPACC1555,Credit,49160,INR,DOC010,COMP003,PLANT03,MG03,2026-03-30,SAP
SAPTXN5820,SAP1820,SAPACC1820,Credit,17095,INR,DOC012,COMP004,PLANT04,MG04,2026-01-15,SAP
SAPTXN5865,SAP1865,SAPACC1865,Refund,35986,INR,DOC014,COMP001,PLANT01,MG01,2026-03-03,SAP
SAPTXN5414,SAP1414,SAPACC1414,Invoice,36183,INR,DOC013,COMP006,PLANT06,MG06,2026-02-12,SAP
SAPTXN5641,SAP1641,SAPACC1641,Payment,5071,INR,DOC020,COMP001,PLANT01,MG01,2026-03-05,SAP
SAPTXN5279,SAP1279,SAPACC1279,Invoice,32183,INR,DOC006,COMP007,PLANT07,MG07,2026-01-19,SAP
SAPTXN5697,SAP1697,SAPACC1697,Credit,34722,INR,DOC006,COMP001,PLANT01,MG01,2026-02-04,SAP
SAPTXN5416,SAP1416,SAPACC1416,Refund,46744,INR,DOC013,COMP008,PLANT08,MG08,2026-02-27,SAP
SAPTXN5866,SAP1866,SAPACC1866,Credit,25395,INR,DOC016,COMP002,PLANT02,MG02,2026-01-12,SAP
SAPTXN5479,SAP1479,SAPACC1479,Credit,15724,INR,DOC003,COMP007,PLANT07,MG07,2026-03-02,SAP
SAPTXN5537,SAP1537,SAPACC1537,Order,27668,INR,DOC012,COMP001,PLANT01,MG01,2026-01-06,SAP
SAPTXN5297,SAP1297,SAPACC1297,Credit,35769,INR,DOC018,COMP001,PLANT01,MG01,2026-02-09,SAP
SAPTXN5350,SAP1350,SAPACC1350,Invoice,22323,INR,DOC007,COMP006,PLANT06,MG06,2026-01-27,SAP
SAPTXN5444,SAP1444,SAPACC1444,Invoice,35539,INR,DOC002,COMP004,PLANT04,MG04,2026-01-28,SAP
SAPTXN5922,SAP1922,SAPACC1922,Credit,23348,INR,DOC008,COMP002,PLANT02,MG02,2026-03-22,SAP
SAPTXN5095,SAP1095,SAPACC1095,Payment,45825,INR,DOC009,COMP007,PLANT07,MG07,2026-01-15,SAP
SAPTXN5909,SAP1909,SAPACC1909,Invoice,47864,INR,DOC011,COMP005,PLANT05,MG05,2026-01-29,SAP
SAPTXN5804,SAP1804,SAPACC1804,Invoice,29977,INR,DOC014,COMP004,PLANT04,MG04,2026-01-09,SAP
SAPTXN5825,SAP1825,SAPACC1825,Payment,41684,INR,DOC014,COMP001,PLANT01,MG01,2026-01-09,SAP
SAPTXN5868,SAP1868,SAPACC1868,Invoice,41379,INR,DOC005,COMP004,PLANT04,MG04,2026-03-30,SAP
SAPTXN5172,SAP1172,SAPACC1172,Payment,46792,INR,DOC008,COMP004,PLANT04,MG04,2026-01-01,SAP
SAPTXN5507,SAP1507,SAPACC1507,Invoice,40996,INR,DOC011,COMP003,PLANT03,MG03,2026-02-01,SAP
SAPTXN5441,SAP1441,SAPACC1441,Refund,43515,INR,DOC015,COMP001,PLANT01,MG01,2026-01-21,SAP
SAPTXN5736,SAP1736,SAPACC1736,Refund,44509,INR,DOC010,COMP008,PLANT08,MG08,2026-03-04,SAP
SAPTXN5748,SAP1748,SAPACC1748,Order,47905,INR,DOC004,COMP004,PLANT04,MG04,2026-02-20,SAP
SAPTXN5116,SAP1116,SAPACC1116,Credit,39319,INR,DOC017,COMP004,PLANT04,MG04,2026-03-04,SAP
SAPTXN5010,SAP1010,SAPACC1010,Invoice,2922,INR,DOC002,COMP002,PLANT02,MG02,2026-02-15,SAP
SAPTXN5817,SAP1817,SAPACC1817,Credit,18660,INR,DOC007,COMP001,PLANT01,MG01,2026-03-03,SAP
SAPTXN5065,SAP1065,SAPACC1065,Invoice,41501,INR,DOC012,COMP001,PLANT01,MG01,2026-03-26,SAP
SAPTXN5860,SAP1860,SAPACC1860,Refund,15925,INR,DOC017,COMP004,PLANT04,MG04,2026-01-09,SAP
SAPTXN5316,SAP1316,SAPACC1316,Credit,10017,INR,DOC013,COMP004,PLANT04,MG04,2026-02-16,SAP
SAPTXN5772,SAP1772,SAPACC1772,Credit,13700,INR,DOC019,COMP004,PLANT04,MG04,2026-03-20,SAP
SAPTXN5523,SAP1523,SAPACC1523,Invoice,32933,INR,DOC016,COMP003,PLANT03,MG03,2026-02-22,SAP
SAPTXN5023,SAP1023,SAPACC1023,Payment,14933,INR,DOC014,COMP007,PLANT07,MG07,2026-02-25,SAP
SAPTXN5355,SAP1355,SAPACC1355,Order,28241,INR,DOC002,COMP003,PLANT03,MG03,2026-01-27,SAP
SAPTXN5376,SAP1376,SAPACC1376,Refund,46185,INR,DOC004,COMP008,PLANT08,MG08,2026-03-08,SAP
SAPTXN5526,SAP1526,SAPACC1526,Refund,4825,INR,DOC008,COMP006,PLANT06,MG06,2026-01-17,SAP
SAPTXN5438,SAP1438,SAPACC1438,Refund,44956,INR,DOC005,COMP006,PLANT06,MG06,2026-01-17,SAP
SAPTXN5162,SAP1162,SAPACC1162,Order,46539,INR,DOC011,COMP002,PLANT02,MG02,2026-01-16,SAP
SAPTXN5712,SAP1712,SAPACC1712,Refund,20690,INR,DOC005,COMP008,PLANT08,MG08,2026-02-15,SAP
SAPTXN5399,SAP1399,SAPACC1399,Invoice,31665,INR,DOC004,COMP007,PLANT07,MG07,2026-01-26,SAP
SAPTXN5773,SAP1773,SAPACC1773,Invoice,49479,INR,DOC001,COMP005,PLANT05,MG05,2026-01-09,SAP
SAPTXN5632,SAP1632,SAPACC1632,Credit,27847,INR,DOC020,COMP008,PLANT08,MG08,2026-03-18,SAP
SAPTXN5428,SAP1428,SAPACC1428,Payment,22873,INR,DOC012,COMP004,PLANT04,MG04,2026-02-08,SAP
SAPTXN5020,SAP1020,SAPACC1020,Invoice,30239,INR,DOC003,COMP004,PLANT04,MG04,2026-01-31,SAP
SAPTXN5031,SAP1031,SAPACC1031,Order,31648,INR,DOC018,COMP007,PLANT07,MG07,2026-03-24,SAP
SAPTXN5042,SAP1042,SAPACC1042,Order,8276,INR,DOC017,COMP002,PLANT02,MG02,2026-01-01,SAP
SAPTXN5460,SAP1460,SAPACC1460,Invoice,42268,INR,DOC008,COMP004,PLANT04,MG04,2026-03-01,SAP
SAPTXN5068,SAP1068,SAPACC1068,Payment,29951,INR,DOC011,COMP004,PLANT04,MG04,2026-01-28,SAP
SAPTXN5342,SAP1342,SAPACC1342,Payment,6588,INR,DOC007,COMP006,PLANT06,MG06,2026-02-03,SAP
SAPTXN5942,SAP1942,SAPACC1942,Payment,10441,INR,DOC016,COMP006,PLANT06,MG06,2026-01-07,SAP
SAPTXN5298,SAP1298,SAPACC1298,Refund,27849,INR,DOC004,COMP002,PLANT02,MG02,2026-01-30,SAP
SAPTXN5763,SAP1763,SAPACC1763,Invoice,26859,INR,DOC006,COMP003,PLANT03,MG03,2026-01-22,SAP
SAPTXN5534,SAP1534,SAPACC1534,Credit,27789,INR,DOC018,COMP006,PLANT06,MG06,2026-02-01,SAP
SAPTXN5431,SAP1431,SAPACC1431,Payment,28391,INR,DOC009,COMP007,PLANT07,MG07,2026-01-22,SAP
SAPTXN5464,SAP1464,SAPACC1464,Refund,15492,INR,DOC014,COMP008,PLANT08,MG08,2026-01-26,SAP
SAPTXN5128,SAP1128,SAPACC1128,Credit,5666,INR,DOC002,COMP008,PLANT08,MG08,2026-03-29,SAP
SAPTXN5294,SAP1294,SAPACC1294,Refund,31453,INR,DOC020,COMP006,PLANT06,MG06,2026-02-07,SAP
SAPTXN5741,SAP1741,SAPACC1741,Credit,47961,INR,DOC015,COMP005,PLANT05,MG05,2026-01-16,SAP
SAPTXN5005,SAP1005,SAPACC1005,Order,9219,INR,DOC005,COMP005,PLANT05,MG05,2026-02-24,SAP
SAPTXN5405,SAP1405,SAPACC1405,Order,19435,INR,DOC012,COMP005,PLANT05,MG05,2026-03-07,SAP
SAPTXN5607,SAP1607,SAPACC1607,Payment,28965,INR,DOC011,COMP007,PLANT07,MG07,2026-03-11,SAP
SAPTXN5104,SAP1104,SAPACC1104,Credit,22301,INR,DOC019,COMP008,PLANT08,MG08,2026-02-19,SAP
SAPTXN5493,SAP1493,SAPACC1493,Refund,36700,INR,DOC006,COMP005,PLANT05,MG05,2026-01-09,SAP
SAPTXN5283,SAP1283,SAPACC1283,Refund,28256,INR,DOC004,COMP003,PLANT03,MG03,2026-01-30,SAP
SAPTXN5145,SAP1145,SAPACC1145,Credit,49754,INR,DOC011,COMP001,PLANT01,MG01,2026-03-18,SAP
SAPTXN5620,SAP1620,SAPACC1620,Refund,18567,INR,DOC013,COMP004,PLANT04,MG04,2026-02-11,SAP
SAPTXN5921,SAP1921,SAPACC1921,Refund,34532,INR,DOC014,COMP001,PLANT01,MG01,2026-03-07,SAP
SAPTXN5707,SAP1707,SAPACC1707,Payment,25438,INR,DOC004,COMP003,PLANT03,MG03,2026-01-20,SAP
SAPTXN5353,SAP1353,SAPACC1353,Invoice,13715,INR,DOC007,COMP001,PLANT01,MG01,2026-02-05,SAP
SAPTXN5602,SAP1602,SAPACC1602,Order,18288,INR,DOC012,COMP002,PLANT02,MG02,2026-01-05,SAP
SAPTXN5319,SAP1319,SAPACC1319,Invoice,11862,INR,DOC001,COMP007,PLANT07,MG07,2026-03-29,SAP
SAPTXN5102,SAP1102,SAPACC1102,Invoice,28409,INR,DOC006,COMP006,PLANT06,MG06,2026-02-15,SAP
SAPTXN5662,SAP1662,SAPACC1662,Refund,18575,INR,DOC016,COMP006,PLANT06,MG06,2026-01-20,SAP
SAPTXN5558,SAP1558,SAPACC1558,Payment,12675,INR,DOC002,COMP006,PLANT06,MG06,2026-01-17,SAP
SAPTXN5608,SAP1608,SAPACC1608,Credit,38352,INR,DOC007,COMP008,PLANT08,MG08,2026-03-28,SAP
SAPTXN5578,SAP1578,SAPACC1578,Credit,41992,INR,DOC011,COMP002,PLANT02,MG02,2026-02-18,SAP
SAPTXN5633,SAP1633,SAPACC1633,Order,40048,INR,DOC016,COMP001,PLANT01,MG01,2026-02-26,SAP
SAPTXN5550,SAP1550,SAPACC1550,Order,32160,INR,DOC017,COMP006,PLANT06,MG06,2026-01-30,SAP
SAPTXN5135,SAP1135,SAPACC1135,Invoice,49949,INR,DOC001,COMP007,PLANT07,MG07,2026-03-30,SAP
SAPTXN5213,SAP1213,SAPACC1213,Refund,17283,INR,DOC004,COMP005,PLANT05,MG05,2026-02-01,SAP
SAPTXN5638,SAP1638,SAPACC1638,Payment,38163,INR,DOC010,COMP006,PLANT06,MG06,2026-03-24,SAP
SAPTXN5779,SAP1779,SAPACC1779,Credit,49296,INR,DOC012,COMP003,PLANT03,MG03,2026-01-16,SAP
SAPTXN5595,SAP1595,SAPACC1595,Order,40548,INR,DOC013,COMP003,PLANT03,MG03,2026-01-04,SAP
SAPTXN5150,SAP1150,SAPACC1150,Order,30768,INR,DOC016,COMP006,PLANT06,MG06,2026-02-15,SAP
SAPTXN5841,SAP1841,SAPACC1841,Payment,3743,INR,DOC011,COMP001,PLANT01,MG01,2026-02-24,SAP
SAPTXN5106,SAP1106,SAPACC1106,Order,33866,INR,DOC003,COMP002,PLANT02,MG02,2026-01-01,SAP
SAPTXN5654,SAP1654,SAPACC1654,Credit,10771,INR,DOC010,COMP006,PLANT06,MG06,2026-01-04,SAP
SAPTXN5147,SAP1147,SAPACC1147,Payment,30251,INR,DOC019,COMP003,PLANT03,MG03,2026-02-19,SAP
SAPTXN5929,SAP1929,SAPACC1929,Credit,49782,INR,DOC006,COMP001,PLANT01,MG01,2026-03-20,SAP
SAPTXN5364,SAP1364,SAPACC1364,Payment,17619,INR,DOC006,COMP004,PLANT04,MG04,2026-01-04,SAP
SAPTXN5182,SAP1182,SAPACC1182,Invoice,41143,INR,DOC017,COMP006,PLANT06,MG06,2026-01-19,SAP
SAPTXN5867,SAP1867,SAPACC1867,Invoice,8716,INR,DOC012,COMP003,PLANT03,MG03,2026-02-21,SAP
SAPTXN5400,SAP1400,SAPACC1400,Invoice,32513,INR,DOC019,COMP008,PLANT08,MG08,2026-01-06,SAP
SAPTXN5091,SAP1091,SAPACC1091,Credit,16902,INR,DOC011,COMP003,PLANT03,MG03,2026-02-01,SAP
SAPTXN5061,SAP1061,SAPACC1061,Invoice,28523,INR,DOC012,COMP005,PLANT05,MG05,2026-01-28,SAP
SAPTXN5683,SAP1683,SAPACC1683,Refund,10809,INR,DOC003,COMP003,PLANT03,MG03,2026-01-24,SAP
SAPTXN5346,SAP1346,SAPACC1346,Credit,3418,INR,DOC014,COMP002,PLANT02,MG02,2026-01-12,SAP
SAPTXN5503,SAP1503,SAPACC1503,Order,1016,INR,DOC006,COMP007,PLANT07,MG07,2026-02-24,SAP
SAPTXN5313,SAP1313,SAPACC1313,Refund,30849,INR,DOC007,COMP001,PLANT01,MG01,2026-01-27,SAP
SAPTXN5886,SAP1886,SAPACC1886,Order,45385,INR,DOC020,COMP006,PLANT06,MG06,2026-03-02,SAP
SAPTXN5484,SAP1484,SAPACC1484,Invoice,22856,INR,DOC001,COMP004,PLANT04,MG04,2026-02-26,SAP
SAPTXN5553,SAP1553,SAPACC1553,Credit,14692,INR,DOC001,COMP001,PLANT01,MG01,2026-01-29,SAP
SAPTXN5210,SAP1210,SAPACC1210,Refund,46268,INR,DOC002,COMP002,PLANT02,MG02,2026-03-10,SAP
SAPTXN5700,SAP1700,SAPACC1700,Refund,39218,INR,DOC001,COMP004,PLANT04,MG04,2026-03-26,SAP
SAPTXN5916,SAP1916,SAPACC1916,Order,45438,INR,DOC004,COMP004,PLANT04,MG04,2026-01-12,SAP
SAPTXN5814,SAP1814,SAPACC1814,Order,3047,INR,DOC008,COMP006,PLANT06,MG06,2026-01-21,SAP
SAPTXN5320,SAP1320,SAPACC1320,Invoice,4961,INR,DOC008,COMP008,PLANT08,MG08,2026-01-30,SAP
SAPTXN5277,SAP1277,SAPACC1277,Order,38128,INR,DOC005,COMP005,PLANT05,MG05,2026-02-04,SAP
SAPTXN5264,SAP1264,SAPACC1264,Invoice,14932,INR,DOC008,COMP008,PLANT08,MG08,2026-03-14,SAP
SAPTXN5085,SAP1085,SAPACC1085,Payment,24643,INR,DOC020,COMP005,PLANT05,MG05,2026-03-12,SAP
SAPTXN5192,SAP1192,SAPACC1192,Order,7604,INR,DOC020,COMP008,PLANT08,MG08,2026-01-02,SAP
SAPTXN5727,SAP1727,SAPACC1727,Credit,14432,INR,DOC005,COMP007,PLANT07,MG07,2026-01-21,SAP
SAPTXN5139,SAP1139,SAPACC1139,Payment,44857,INR,DOC010,COMP003,PLANT03,MG03,2026-02-21,SAP
SAPTXN5912,SAP1912,SAPACC1912,Credit,37079,INR,DOC015,COMP008,PLANT08,MG08,2026-02-04,SAP
SAPTXN5480,SAP1480,SAPACC1480,Payment,36237,INR,DOC006,COMP008,PLANT08,MG08,2026-03-05,SAP
SAPTXN5506,SAP1506,SAPACC1506,Order,25591,INR,DOC009,COMP002,PLANT02,MG02,2026-03-03,SAP
SAPTXN5180,SAP1180,SAPACC1180,Order,33478,INR,DOC012,COMP004,PLANT04,MG04,2026-03-06,SAP
SAPTXN5656,SAP1656,SAPACC1656,Payment,44610,INR,DOC007,COMP008,PLANT08,MG08,2026-03-12,SAP
SAPTXN5687,SAP1687,SAPACC1687,Invoice,48775,INR,DOC020,COMP007,PLANT07,MG07,2026-02-21,SAP
SAPTXN5830,SAP1830,SAPACC1830,Credit,5484,INR,DOC005,COMP006,PLANT06,MG06,2026-01-23,SAP
SAPTXN5266,SAP1266,SAPACC1266,Order,46319,INR,DOC011,COMP002,PLANT02,MG02,2026-03-28,SAP
SAPTXN5851,SAP1851,SAPACC1851,Invoice,42040,INR,DOC010,COMP003,PLANT03,MG03,2026-03-15,SAP
SAPTXN5351,SAP1351,SAPACC1351,Credit,33107,INR,DOC004,COMP007,PLANT07,MG07,2026-03-14,SAP
SAPTXN5299,SAP1299,SAPACC1299,Invoice,48879,INR,DOC019,COMP003,PLANT03,MG03,2026-01-18,SAP
SAPTXN5852,SAP1852,SAPACC1852,Invoice,13956,INR,DOC014,COMP004,PLANT04,MG04,2026-02-27,SAP
SAPTXN5529,SAP1529,SAPACC1529,Refund,14272,INR,DOC013,COMP001,PLANT01,MG01,2026-01-16,SAP
SAPTXN5440,SAP1440,SAPACC1440,Order,43936,INR,DOC017,COMP008,PLANT08,MG08,2026-03-01,SAP
SAPTXN5655,SAP1655,SAPACC1655,Refund,32777,INR,DOC018,COMP007,PLANT07,MG07,2026-02-24,SAP
SAPTXN5422,SAP1422,SAPACC1422,Order,33803,INR,DOC017,COMP006,PLANT06,MG06,2026-01-09,SAP
SAPTXN5474,SAP1474,SAPACC1474,Refund,8469,INR,DOC014,COMP002,PLANT02,MG02,2026-02-14,SAP
SAPTXN5592,SAP1592,SAPACC1592,Order,4387,INR,DOC014,COMP008,PLANT08,MG08,2026-01-21,SAP
SAPTXN5913,SAP1913,SAPACC1913,Credit,24114,INR,DOC017,COMP001,PLANT01,MG01,2026-02-19,SAP
SAPTXN5459,SAP1459,SAPACC1459,Credit,36951,INR,DOC014,COMP003,PLANT03,MG03,2026-01-12,SAP
SAPTXN5288,SAP1288,SAPACC1288,Credit,11216,INR,DOC016,COMP008,PLANT08,MG08,2026-01-13,SAP
SAPTXN5808,SAP1808,SAPACC1808,Invoice,39219,INR,DOC020,COMP008,PLANT08,MG08,2026-01-25,SAP
SAPTXN5938,SAP1938,SAPACC1938,Invoice,44208,INR,DOC014,COMP002,PLANT02,MG02,2026-01-14,SAP
SAPTXN5110,SAP1110,SAPACC1110,Credit,13553,INR,DOC009,COMP006,PLANT06,MG06,2026-01-11,SAP
SAPTXN5108,SAP1108,SAPACC1108,Credit,3736,INR,DOC001,COMP004,PLANT04,MG04,2026-02-09,SAP
SAPTXN5797,SAP1797,SAPACC1797,Payment,770,INR,DOC013,COMP005,PLANT05,MG05,2026-03-15,SAP
SAPTXN5775,SAP1775,SAPACC1775,Payment,5890,INR,DOC005,COMP007,PLANT07,MG07,2026-03-30,SAP
SAPTXN5910,SAP1910,SAPACC1910,Order,20858,INR,DOC003,COMP006,PLANT06,MG06,2026-03-29,SAP
SAPTXN5839,SAP1839,SAPACC1839,Refund,30908,INR,DOC016,COMP007,PLANT07,MG07,2026-03-19,SAP
SAPTXN5477,SAP1477,SAPACC1477,Invoice,36319,INR,DOC005,COMP005,PLANT05,MG05,2026-02-27,SAP
SAPTXN5630,SAP1630,SAPACC1630,Credit,4441,INR,DOC006,COMP006,PLANT06,MG06,2026-02-15,SAP
SAPTXN5225,SAP1225,SAPACC1225,Refund,9259,INR,DOC006,COMP001,PLANT01,MG01,2026-01-27,SAP
SAPTXN5937,SAP1937,SAPACC1937,Payment,9094,INR,DOC015,COMP001,PLANT01,MG01,2026-01-30,SAP
SAPTXN5650,SAP1650,SAPACC1650,Refund,31394,INR,DOC005,COMP002,PLANT02,MG02,2026-01-30,SAP
SAPTXN5803,SAP1803,SAPACC1803,Refund,12649,INR,DOC010,COMP003,PLANT03,MG03,2026-02-16,SAP
SAPTXN5593,SAP1593,SAPACC1593,Order,42275,INR,DOC016,COMP001,PLANT01,MG01,2026-02-05,SAP
SAPTXN5061,SAP1061,SAPACC1061,Invoice,28523,INR,DOC012,COMP005,PLANT05,MG05,2026-01-28,SAP
SAPTXN5358,SAP1358,SAPACC1358,Credit,41977,INR,DOC020,COMP006,PLANT06,MG06,2026-03-16,SAP
SAPTXN5254,SAP1254,SAPACC1254,Refund,33511,INR,DOC018,COMP006,PLANT06,MG06,2026-02-11,SAP
SAPTXN5781,SAP1781,SAPACC1781,Invoice,10730,INR,DOC014,COMP005,PLANT05,MG05,2026-02-23,SAP
SAPTXN5609,SAP1609,SAPACC1609,Order,29296,INR,DOC007,COMP001,PLANT01,MG01,2026-01-05,SAP
SAPTXN5521,SAP1521,SAPACC1521,Payment,32089,INR,DOC001,COMP001,PLANT01,MG01,2026-01-16,SAP
SAPTXN5948,SAP1948,SAPACC1948,Refund,12573,INR,DOC004,COMP004,PLANT04,MG04,2026-01-29,SAP
SAPTXN5365,SAP1365,SAPACC1365,Refund,37794,INR,DOC005,COMP005,PLANT05,MG05,2026-03-23,SAP
SAPTXN5668,SAP1668,SAPACC1668,Payment,45738,INR,DOC020,COMP004,PLANT04,MG04,2026-01-15,SAP
SAPTXN5927,SAP1927,SAPACC1927,Refund,27872,INR,DOC001,COMP007,PLANT07,MG07,2026-02-27,SAP
SAPTXN5004,SAP1004,SAPACC1004,Payment,1346,INR,DOC001,COMP004,PLANT04,MG04,2026-03-23,SAP
SAPTXN5383,SAP1383,SAPACC1383,Invoice,24851,INR,DOC004,COMP007,PLANT07,MG07,2026-01-11,SAP
SAPTXN5075,SAP1075,SAPACC1075,Payment,3134,INR,DOC012,COMP003,PLANT03,MG03,2026-03-16,SAP
SAPTXN5340,SAP1340,SAPACC1340,Invoice,27806,INR,DOC004,COMP004,PLANT04,MG04,2026-03-30,SAP
SAPTXN5417,SAP1417,SAPACC1417,Order,49111,INR,DOC014,COMP001,PLANT01,MG01,2026-03-06,SAP
SAPTXN5858,SAP1858,SAPACC1858,Invoice,36711,INR,DOC001,COMP002,PLANT02,MG02,2026-03-29,SAP
SAPTXN5649,SAP1649,SAPACC1649,Payment,18718,INR,DOC002,COMP001,PLANT01,MG01,2026-01-17,SAP
SAPTXN5695,SAP1695,SAPACC1695,Refund,30775,INR,DOC012,COMP007,PLANT07,MG07,2026-03-10,SAP
SAPTXN5181,SAP1181,SAPACC1181,Invoice,49486,INR,DOC012,COMP005,PLANT05,MG05,2026-03-15,SAP
SAPTXN5570,SAP1570,SAPACC1570,Credit,23490,INR,DOC020,COMP002,PLANT02,MG02,2026-02-02,SAP
SAPTXN5505,SAP1505,SAPACC1505,Payment,25468,INR,DOC016,COMP001,PLANT01,MG01,2026-02-24,SAP
