contact_id,customer_id,contact_type,contact_value,created_ts,source_system
CONT5878,CRM1878,mobile,9200459123,2024-07-22 00:00:00,CRM
CONT5807,CRM1807,email,arjun.patel38@crm.com,2025-01-12 00:00:00,CRM
CONT5491,CRM1491,work_email,arvind.mishra53@crm.com,2024-09-30 00:00:00,CRM
CONT5204,CRM1204,work_email,meena.patel76@crm.com,2026-01-26 00:00:00,CRM
CONT5465,CRM1465,work_email,harish.kaur83@crm.com,2024-11-15 00:00:00,CRM
CONT5278,CRM1278,phone,9442415269,2024-09-01 00:00:00,CRM
CONT5198,CRM1198,mobile,9675705787,2025-04-29 00:00:00,CRM
CONT5458,CRM1458,mobile,9420246255,2024-09-26 00:00:00,CRM
CONT5130,CRM1130,email,alok.chopra99@crm.com,2025-03-27 00:00:00,CRM
CONT5431,CRM1431,phone,9312017904,2025-03-14 00:00:00,CRM
CONT5551,CRM1551,phone,9790385760,2025-09-03 00:00:00,CRM
CONT5037,CRM1037,phone,9441578219,2024-11-06 00:00:00,CRM
CONT5946,CRM1946,phone,9075145733,2024-07-16 00:00:00,CRM
CONT5050,CRM1050,mobile,9652759821,2026-01-22 00:00:00,CRM
CONT5257,CRM1257,email,ravi.shah93@crm.com,2024-02-13 00:00:00,CRM
CONT5244,CRM1244,phone,9433698014,2026-01-15 00:00:00,CRM
CONT5350,CRM1350,work_email,neha.desai91@crm.com,2025-12-10 00:00:00,CRM
CONT5336,CRM1336,work_email,amit.srivastava37@crm.com,2024-03-19 00:00:00,CRM
CONT5813,CRM1813,landline,ravi.dubey73@crm.com,2024-12-09 00:00:00,CRM
CONT5277,CRM1277,work_email,lakshmi.patil27@crm.com,2024-05-26 00:00:00,CRM
CONT5078,CRM1078,landline,rohit.mishra27@crm.com,2024-02-20 00:00:00,CRM
CONT5937,CRM1937,email,jane.agarwal26@crm.com,2024-06-04 00:00:00,CRM
CONT5382,CRM1382,phone,9241076755,2024-01-28 00:00:00,CRM
CONT5718,CRM1718,work_email,vikas.reddy97@crm.com,2025-05-02 00:00:00,CRM
CONT5623,CRM1623,email,amit.shah2@crm.com,2024-04-15 00:00:00,CRM
CONT5183,CRM1183,work_email,rahul.sharma24@crm.com,2025-03-10 00:00:00,CRM
CONT5925,CRM1925,email,sunil.kumar84@crm.com,2025-09-30 00:00:00,CRM
CONT5928,CRM1928,landline,anita.yadav22@crm.com,2024-09-14 00:00:00,CRM
CONT5556,CRM1556,phone,9720762108,2025-01-14 00:00:00,CRM
CONT5506,CRM1506,landline,priya.kaur16@crm.com,2026-03-02 00:00:00,CRM
CONT5160,CRM1160,email,sanjay.desai52@crm.com,2024-03-12 00:00:00,CRM
CONT5688,CRM1688,work_email,karan.tiwari47@crm.com,2025-04-10 00:00:00,CRM
CONT5921,CRM1921,work_email,pooja.patel70@crm.com,2025-02-08 00:00:00,CRM
CONT5461,CRM1461,mobile,9137651619,2025-01-10 00:00:00,CRM
CONT5805,CRM1805,email,manish.reddy40@crm.com,2025-08-20 00:00:00,CRM
CONT5451,CRM1451,mobile,9462145358,2024-05-01 00:00:00,CRM
CONT5243,CRM1243,mobile,9553388287,2025-12-25 00:00:00,CRM
CONT5071,CRM1071,work_email,sanjay.joshi16@crm.com,2024-05-14 00:00:00,CRM
CONT5313,CRM1313,landline,harish.kumar97@crm.com,2024-01-13 00:00:00,CRM
CONT5038,CRM1038,email,sanjay.guptha20@crm.com,2026-03-08 00:00:00,CRM
CONT5726,CRM1726,work_email,sachin.chopra37@crm.com,2024-05-27 00:00:00,CRM
CONT5853,CRM1853,mobile,9843825024,2024-10-10 00:00:00,CRM
CONT5542,CRM1542,phone,9127251665,2024-08-17 00:00:00,CRM
CONT5172,CRM1172,mobile,9252588284,2025-03-18 00:00:00,CRM
CONT5610,CRM1610,landline,sachin.banerjee3@crm.com,2024-01-06 00:00:00,CRM
CONT5354,CRM1354,email,vinay.malhotra45@crm.com,2024-05-31 00:00:00,CRM
CONT5728,CRM1728,work_email,sunita.malhotra8@crm.com,2025-09-21 00:00:00,CRM
CONT5884,CRM1884,work_email,arvind.nair17@crm.com,2024-07-29 00:00:00,CRM
CONT5579,CRM1579,mobile,9087040987,2025-04-16 00:00:00,CRM
CONT5519,CRM1519,work_email,arjun.kumar39@crm.com,2024-08-03 00:00:00,CRM
CONT5947,CRM1947,work_email,shreya.mishra27@crm.com,2024-05-08 00:00:00,CRM
CONT5881,CRM1881,landline,shreya.sharma2@crm.com,2024-06-24 00:00:00,CRM
CONT5669,CRM1669,email,meera.bajaj2@crm.com,2024-10-13 00:00:00,CRM
CONT5656,CRM1656,mobile,9263406114,2025-04-30 00:00:00,CRM
CONT5421,CRM1421,landline,neha.desai1@crm.com,2026-01-12 00:00:00,CRM
CONT5943,CRM1943,mobile,9973488755,2025-11-11 00:00:00,CRM
CONT5644,CRM1644,work_email,meena.patel16@crm.com,2025-07-29 00:00:00,CRM
CONT5256,CRM1256,phone,9017629000,2024-02-07 00:00:00,CRM
CONT5454,CRM1454,work_email,arjun.srivastava63@crm.com,2025-03-17 00:00:00,CRM
CONT5794,CRM1794,landline,amit.rao97@crm.com,2025-02-24 00:00:00,CRM
CONT5584,CRM1584,mobile,9587504515,2025-09-08 00:00:00,CRM
CONT5559,CRM1559,phone,9141647522,2024-04-01 00:00:00,CRM
CONT5489,CRM1489,work_email,jane.kapoor31@crm.com,2024-06-03 00:00:00,CRM
CONT5155,CRM1155,landline,ramesh.pandey56@crm.com,2026-03-14 00:00:00,CRM
CONT5383,CRM1383,email,rajiv.mehta39@crm.com,2025-10-17 00:00:00,CRM
CONT5344,CRM1344,landline,meera.agarwal86@crm.com,2025-12-14 00:00:00,CRM
CONT5583,CRM1583,email,shreya.yadav42@crm.com,2026-03-28 00:00:00,CRM
CONT5666,CRM1666,landline,kavita.srivastava8@crm.com,2025-10-08 00:00:00,CRM
CONT5375,CRM1375,work_email,vinod.kumar27@crm.com,2024-11-06 00:00:00,CRM
CONT5792,CRM1792,phone,9070641753,2024-04-14 00:00:00,CRM
CONT5355,CRM1355,landline,jane.kapoor21@crm.com,2025-06-30 00:00:00,CRM
CONT5509,CRM1509,work_email,sachin.desai36@crm.com,2025-03-26 00:00:00,CRM
CONT5373,CRM1373,phone,9309918418,2024-06-16 00:00:00,CRM
CONT5314,CRM1314,work_email,sunita.iyer46@crm.com,2024-10-29 00:00:00,CRM
CONT5788,CRM1788,phone,9820444599,2024-04-07 00:00:00,CRM
CONT5502,CRM1502,mobile,9426162812,2026-01-11 00:00:00,CRM
CONT5176,CRM1176,email,rahul.pandey54@crm.com,2024-06-06 00:00:00,CRM
CONT5233,CRM1233,mobile,9411027302,2025-02-01 00:00:00,CRM
CONT5300,CRM1300,mobile,9743255395,2025-08-05 00:00:00,CRM
CONT5117,CRM1117,email,jane.kapoor28@crm.com,2025-06-21 00:00:00,CRM
CONT5572,CRM1572,email,priya.iyer24@crm.com,2024-06-21 00:00:00,CRM
CONT5343,CRM1343,email,sunita.tiwari84@crm.com,2025-10-23 00:00:00,CRM
CONT5870,CRM1870,email,anita.joshi76@crm.com,2024-01-24 00:00:00,CRM
CONT5062,CRM1062,phone,9026749178,2024-07-02 00:00:00,CRM
CONT5413,CRM1413,mobile,9323889716,2025-11-14 00:00:00,CRM
CONT5368,CRM1368,email,pooja.agarwal78@crm.com,2025-09-11 00:00:00,CRM
CONT5156,CRM1156,email,manish.tiwari70@crm.com,2025-12-11 00:00:00,CRM
CONT5107,CRM1107,phone,9957840329,2025-07-03 00:00:00,CRM
CONT5713,CRM1713,phone,9790180346,2024-10-11 00:00:00,CRM
CONT5592,CRM1592,email,rahul.agarwal73@crm.com,2025-09-06 00:00:00,CRM
CONT5774,CRM1774,email,anita.patel88@crm.com,2025-07-27 00:00:00,CRM
CONT5053,CRM1053,mobile,9484912105,2025-04-12 00:00:00,CRM
CONT5364,CRM1364,email,john.kumar8@crm.com,2025-09-14 00:00:00,CRM
CONT5893,CRM1893,landline,harish.desai94@crm.com,2025-03-18 00:00:00,CRM
CONT5781,CRM1781,landline,ravi.kumar4@crm.com,2026-01-25 00:00:00,CRM
CONT5124,CRM1124,mobile,9493243074,2025-01-31 00:00:00,CRM
CONT5911,CRM1911,work_email,john.desai92@crm.com,2024-02-05 00:00:00,CRM
CONT5144,CRM1144,phone,9505244785,2024-08-25 00:00:00,CRM
CONT5363,CRM1363,landline,anjali.nair29@crm.com,2025-04-01 00:00:00,CRM
CONT5756,CRM1756,landline,rekha.banerjee90@crm.com,2025-12-21 00:00:00,CRM
CONT5525,CRM1525,landline,vinod.guptha95@crm.com,2024-11-30 00:00:00,CRM
CONT5875,CRM1875,phone,9116649547,2024-12-02 00:00:00,CRM
CONT5694,CRM1694,phone,9785675101,2025-03-02 00:00:00,CRM
CONT5052,CRM1052,landline,vikas.patel68@crm.com,2025-10-18 00:00:00,CRM
CONT5017,CRM1017,phone,9248215410,2025-01-24 00:00:00,CRM
CONT5016,CRM1016,email,alok.malhotra14@crm.com,2024-01-20 00:00:00,CRM
CONT5653,CRM1653,email,jane.desai91@crm.com,2025-03-28 00:00:00,CRM
CONT5020,CRM1020,landline,rekha.iyer59@crm.com,2025-07-28 00:00:00,CRM
CONT5846,CRM1846,mobile,9316805398,2025-03-31 00:00:00,CRM
CONT5081,CRM1081,email,vinod.joshi12@crm.com,2024-02-20 00:00:00,CRM
CONT5076,CRM1076,phone,9085260383,2025-09-07 00:00:00,CRM
CONT5432,CRM1432,mobile,9960735483,2025-05-02 00:00:00,CRM
CONT5769,CRM1769,landline,pooja.malhotra87@crm.com,2025-11-29 00:00:00,CRM
CONT5481,CRM1481,email,divya.yadav56@crm.com,2025-11-10 00:00:00,CRM
CONT5294,CRM1294,work_email,meena.gupta13@crm.com,2024-08-30 00:00:00,CRM
CONT5202,CRM1202,work_email,alok.verma79@crm.com,2024-10-14 00:00:00,CRM
CONT5650,CRM1650,landline,meena.rao79@crm.com,2026-03-11 00:00:00,CRM
CONT5478,CRM1478,email,sachin.tiwari35@crm.com,2024-03-09 00:00:00,CRM
CONT5742,CRM1742,phone,9978707870,2025-07-22 00:00:00,CRM
CONT5831,CRM1831,landline,pooja.iyer49@crm.com,2025-12-12 00:00:00,CRM
CONT5721,CRM1721,landline,ramesh.kaur57@crm.com,2024-03-27 00:00:00,CRM
CONT5222,CRM1222,mobile,9893019801,2024-03-10 00:00:00,CRM
CONT5148,CRM1148,phone,9908134613,2024-06-23 00:00:00,CRM
CONT5789,CRM1789,mobile,9091842179,2024-03-03 00:00:00,CRM
CONT5630,CRM1630,phone,9125564160,2025-05-21 00:00:00,CRM
CONT5560,CRM1560,landline,meera.patil56@crm.com,2024-05-25 00:00:00,CRM
CONT5086,CRM1086,email,arjun.gupta49@crm.com,2024-03-10 00:00:00,CRM
CONT5211,CRM1211,email,john.shah97@crm.com,2024-04-28 00:00:00,CRM
CONT5362,CRM1362,landline,vinay.mehta15@crm.com,2024-11-11 00:00:00,CRM
CONT5444,CRM1444,mobile,9534868281,2025-11-25 00:00:00,CRM
CONT5473,CRM1473,email,divya.yadav22@crm.com,2025-09-21 00:00:00,CRM
CONT5910,CRM1910,email,rajiv.malhotra20@crm.com,2025-03-27 00:00:00,CRM
CONT5624,CRM1624,phone,9791431808,2025-08-15 00:00:00,CRM
CONT5450,CRM1450,email,shalini.chopra70@crm.com,2025-07-13 00:00:00,CRM
CONT5575,CRM1575,phone,9988286147,2024-03-19 00:00:00,CRM
CONT5824,CRM1824,work_email,shalini.guptha44@crm.com,2025-07-21 00:00:00,CRM
CONT5361,CRM1361,mobile,9785593029,2025-05-05 00:00:00,CRM
CONT5516,CRM1516,email,rahul.joshi88@crm.com,2024-05-04 00:00:00,CRM
CONT5606,CRM1606,email,priya.banerjee41@crm.com,2025-08-24 00:00:00,CRM
CONT5178,CRM1178,mobile,9154614401,2026-01-08 00:00:00,CRM
CONT5381,CRM1381,email,prakash.shah75@crm.com,2024-11-07 00:00:00,CRM
CONT5471,CRM1471,email,vikas.nair74@crm.com,2024-04-10 00:00:00,CRM
CONT5443,CRM1443,work_email,prakash.kaur4@crm.com,2024-04-11 00:00:00,CRM
CONT5326,CRM1326,work_email,jane.sharma83@crm.com,2025-07-26 00:00:00,CRM
CONT5480,CRM1480,mobile,9699582326,2024-11-05 00:00:00,CRM
CONT5265,CRM1265,landline,meena.agarwal79@crm.com,2024-08-13 00:00:00,CRM
CONT5399,CRM1399,email,karan.joshi63@crm.com,2025-02-25 00:00:00,CRM
CONT5819,CRM1819,mobile,9389571951,2024-01-11 00:00:00,CRM
CONT5286,CRM1286,work_email,prakash.desai86@crm.com,2024-02-14 00:00:00,CRM
CONT5236,CRM1236,work_email,rohit.nair83@crm.com,2025-05-18 00:00:00,CRM
CONT5089,CRM1089,phone,9563334583,2024-08-02 00:00:00,CRM
CONT5430,CRM1430,email,vinod.guptha88@crm.com,2025-03-30 00:00:00,CRM
CONT5367,CRM1367,mobile,9549527664,2025-02-07 00:00:00,CRM
CONT5859,CRM1859,email,arjun.joshi52@crm.com,2025-02-19 00:00:00,CRM
CONT5411,CRM1411,work_email,manish.shah14@crm.com,2024-02-03 00:00:00,CRM
CONT5180,CRM1180,phone,9923581992,2025-04-11 00:00:00,CRM
CONT5905,CRM1905,phone,9073269109,2024-03-25 00:00:00,CRM
CONT5950,CRM1950,work_email,deepak.joshi93@crm.com,2024-07-21 00:00:00,CRM
CONT5527,CRM1527,phone,9849350526,2025-10-18 00:00:00,CRM
CONT5318,CRM1318,phone,9198583968,2026-03-19 00:00:00,CRM
CONT5723,CRM1723,mobile,9365025573,2025-03-23 00:00:00,CRM
CONT5733,CRM1733,work_email,vinod.tiwari64@crm.com,2025-06-04 00:00:00,CRM
CONT5397,CRM1397,email,arjun.verma13@crm.com,2025-07-01 00:00:00,CRM
CONT5379,CRM1379,landline,sneha.kapoor97@crm.com,2024-05-20 00:00:00,CRM
CONT5327,CRM1327,work_email,arvind.chopra18@crm.com,2024-12-08 00:00:00,CRM
CONT5555,CRM1555,email,vinay.menon65@crm.com,2025-09-26 00:00:00,CRM
CONT5838,CRM1838,work_email,rohit.kumar66@crm.com,2025-02-01 00:00:00,CRM
CONT5665,CRM1665,mobile,9708858764,2025-10-18 00:00:00,CRM
CONT5611,CRM1611,mobile,9184399429,2025-11-02 00:00:00,CRM
CONT5799,CRM1799,work_email,ravi.tiwari14@crm.com,2024-04-15 00:00:00,CRM
CONT5625,CRM1625,landline,vinod.guptha38@crm.com,2024-02-07 00:00:00,CRM
CONT5009,CRM1009,landline,ravi.iyer28@crm.com,2024-07-27 00:00:00,CRM
CONT5474,CRM1474,phone,9216636672,2025-05-23 00:00:00,CRM
CONT5866,CRM1866,landline,sanjay.dubey4@crm.com,2025-01-18 00:00:00,CRM
CONT5609,CRM1609,landline,priya.guptha34@crm.com,2025-11-20 00:00:00,CRM
CONT5558,CRM1558,work_email,rekha.verma65@crm.com,2025-05-19 00:00:00,CRM
CONT5011,CRM1011,work_email,rohit.guptha89@crm.com,2025-12-16 00:00:00,CRM
CONT5585,CRM1585,phone,9273980159,2024-07-01 00:00:00,CRM
CONT5787,CRM1787,work_email,ravi.reddy10@crm.com,2026-03-05 00:00:00,CRM
CONT5420,CRM1420,work_email,rajiv.reddy92@crm.com,2024-07-15 00:00:00,CRM
CONT5214,CRM1214,email,rahul.agarwal19@crm.com,2025-06-27 00:00:00,CRM
CONT5232,CRM1232,email,manish.patil33@crm.com,2024-06-14 00:00:00,CRM
CONT5861,CRM1861,work_email,divya.singh51@crm.com,2024-08-21 00:00:00,CRM
CONT5849,CRM1849,phone,9439109702,2025-01-11 00:00:00,CRM
CONT5219,CRM1219,landline,shalini.mishra51@crm.com,2025-04-17 00:00:00,CRM
CONT5633,CRM1633,email,pooja.agarwal57@crm.com,2024-08-25 00:00:00,CRM
CONT5042,CRM1042,mobile,9738886075,2026-03-09 00:00:00,CRM
CONT5764,CRM1764,email,rohit.mishra92@crm.com,2024-08-14 00:00:00,CRM
CONT5871,CRM1871,mobile,9990144787,2024-05-22 00:00:00,CRM
CONT5867,CRM1867,work_email,ajay.tiwari40@crm.com,2026-01-25 00:00:00,CRM
CONT5643,CRM1643,mobile,9362639932,2025-03-16 00:00:00,CRM
CONT5272,CRM1272,landline,sanjay.kaur6@crm.com,2024-05-16 00:00:00,CRM
CONT5417,CRM1417,email,alok.tiwari46@crm.com,2024-06-13 00:00:00,CRM
CONT5657,CRM1657,landline,ravi.joshi22@crm.com,2024-03-28 00:00:00,CRM
CONT5648,CRM1648,mobile,9758496505,2024-02-21 00:00:00,CRM
CONT5883,CRM1883,landline,meena.mehta54@crm.com,2025-05-04 00:00:00,CRM
CONT5227,CRM1227,mobile,9760289849,2024-05-02 00:00:00,CRM
CONT5096,CRM1096,email,rohit.kaur25@crm.com,2024-01-02 00:00:00,CRM
CONT5526,CRM1526,mobile,9818164904,2024-02-23 00:00:00,CRM
CONT5629,CRM1629,mobile,9287600528,2025-10-25 00:00:00,CRM
CONT5459,CRM1459,phone,9662433935,2025-11-23 00:00:00,CRM
CONT5476,CRM1476,email,shalini.shah74@crm.com,2025-02-15 00:00:00,CRM
CONT5702,CRM1702,work_email,prakash.menon19@crm.com,2026-03-13 00:00:00,CRM
CONT5855,CRM1855,work_email,vinay.chopra43@crm.com,2024-07-20 00:00:00,CRM
CONT5210,CRM1210,work_email,sanjay.guptha27@crm.com,2025-08-14 00:00:00,CRM
CONT5389,CRM1389,landline,jane.reddy3@crm.com,2024-09-22 00:00:00,CRM
CONT5429,CRM1429,phone,9304525471,2025-04-12 00:00:00,CRM
CONT5032,CRM1032,work_email,seema.chopra18@crm.com,2024-11-12 00:00:00,CRM
CONT5503,CRM1503,mobile,9613077996,2026-01-22 00:00:00,CRM
CONT5308,CRM1308,email,harish.kaur56@crm.com,2025-08-16 00:00:00,CRM
CONT5242,CRM1242,work_email,rahul.verma90@crm.com,2024-12-03 00:00:00,CRM
CONT5136,CRM1136,email,rohit.srivastava70@crm.com,2025-03-30 00:00:00,CRM
CONT5280,CRM1280,mobile,9673441905,2026-03-12 00:00:00,CRM
CONT5415,CRM1415,landline,vinod.iyer26@crm.com,2024-07-08 00:00:00,CRM
CONT5753,CRM1753,work_email,meera.gupta59@crm.com,2025-09-05 00:00:00,CRM
CONT5529,CRM1529,landline,arjun.gupta11@crm.com,2024-04-23 00:00:00,CRM
CONT5026,CRM1026,work_email,sneha.verma20@crm.com,2024-12-15 00:00:00,CRM
CONT5003,CRM1003,landline,suresh.sharma57@crm.com,2025-09-30 00:00:00,CRM
CONT5069,CRM1069,work_email,kavita.desai23@crm.com,2026-02-26 00:00:00,CRM
CONT5744,CRM1744,work_email,rohit.joshi1@crm.com,2024-03-02 00:00:00,CRM
CONT5564,CRM1564,email,shalini.reddy56@crm.com,2024-06-17 00:00:00,CRM
CONT5922,CRM1922,work_email,manish.rao28@crm.com,2024-04-18 00:00:00,CRM
CONT5914,CRM1914,mobile,9642318110,2024-01-05 00:00:00,CRM
CONT5537,CRM1537,work_email,rohit.mishra12@crm.com,2025-04-18 00:00:00,CRM
CONT5896,CRM1896,landline,alok.srivastava38@crm.com,2025-11-13 00:00:00,CRM
CONT5091,CRM1091,phone,9777468683,2025-12-06 00:00:00,CRM
CONT5077,CRM1077,work_email,vinod.menon71@crm.com,2024-10-11 00:00:00,CRM
CONT5426,CRM1426,phone,9118451078,2025-06-16 00:00:00,CRM
CONT5894,CRM1894,work_email,deepak.nair90@crm.com,2025-08-05 00:00:00,CRM
CONT5158,CRM1158,phone,9122753236,2025-08-29 00:00:00,CRM
CONT5663,CRM1663,mobile,9363250759,2024-11-18 00:00:00,CRM
CONT5550,CRM1550,phone,9737502201,2024-08-05 00:00:00,CRM
CONT5015,CRM1015,mobile,9071508836,2025-02-01 00:00:00,CRM
CONT5540,CRM1540,work_email,priya.sharma73@crm.com,2024-04-30 00:00:00,CRM
CONT5511,CRM1511,mobile,9339828493,2025-07-12 00:00:00,CRM
CONT5159,CRM1159,email,vinod.kapoor72@crm.com,2024-04-09 00:00:00,CRM
CONT5322,CRM1322,landline,alok.patil70@crm.com,2025-08-12 00:00:00,CRM
CONT5685,CRM1685,email,john.joshi86@crm.com,2026-03-14 00:00:00,CRM
CONT5578,CRM1578,email,meena.nair76@crm.com,2024-04-18 00:00:00,CRM
CONT5731,CRM1731,email,sunita.srivastava34@crm.com,2025-01-19 00:00:00,CRM
CONT5212,CRM1212,phone,9428148969,2025-05-02 00:00:00,CRM
CONT5818,CRM1818,phone,9220456760,2025-02-13 00:00:00,CRM
CONT5710,CRM1710,email,kavita.dubey12@crm.com,2026-03-30 00:00:00,CRM
CONT5681,CRM1681,mobile,9051252777,2026-02-13 00:00:00,CRM
CONT5238,CRM1238,mobile,9979906691,2025-03-28 00:00:00,CRM
CONT5403,CRM1403,mobile,9448122132,2025-04-16 00:00:00,CRM
CONT5237,CRM1237,landline,sachin.mehta99@crm.com,2025-03-17 00:00:00,CRM
CONT5692,CRM1692,landline,karan.nair72@crm.com,2025-06-15 00:00:00,CRM
CONT5101,CRM1101,mobile,9330468261,2024-11-03 00:00:00,CRM
CONT5146,CRM1146,email,amit.desai42@crm.com,2025-04-09 00:00:00,CRM
CONT5672,CRM1672,phone,9748903745,2024-12-19 00:00:00,CRM
CONT5189,CRM1189,email,karan.dubey60@crm.com,2025-06-13 00:00:00,CRM
CONT5568,CRM1568,work_email,lakshmi.verma91@crm.com,2025-04-23 00:00:00,CRM
CONT5055,CRM1055,mobile,9598826833,2025-01-31 00:00:00,CRM
CONT5068,CRM1068,work_email,rahul.shah43@crm.com,2025-08-02 00:00:00,CRM
CONT5477,CRM1477,mobile,9770631850,2025-08-15 00:00:00,CRM
CONT5248,CRM1248,landline,priya.sharma44@crm.com,2024-03-23 00:00:00,CRM
CONT5852,CRM1852,mobile,9316236101,2025-05-28 00:00:00,CRM
CONT5582,CRM1582,landline,sanjay.gupta17@crm.com,2024-08-04 00:00:00,CRM
CONT5259,CRM1259,landline,karan.kapoor20@crm.com,2026-01-28 00:00:00,CRM
CONT5329,CRM1329,work_email,seema.dubey97@crm.com,2026-02-01 00:00:00,CRM
CONT5174,CRM1174,phone,9585316847,2024-08-04 00:00:00,CRM
CONT5571,CRM1571,work_email,prakash.rao16@crm.com,2024-12-23 00:00:00,CRM
CONT5192,CRM1192,landline,anita.yadav40@crm.com,2025-09-19 00:00:00,CRM
CONT5355,CRM1355,landline,jane.kapoor21@crm.com,2025-06-30 00:00:00,CRM
CONT5400,CRM1400,work_email,ravi.bajaj14@crm.com,2024-08-11 00:00:00,CRM
CONT5168,CRM1168,email,manish.patil12@crm.com,2025-08-19 00:00:00,CRM
CONT5573,CRM1573,email,divya.pandey73@crm.com,2025-11-10 00:00:00,CRM
CONT5784,CRM1784,phone,9463801642,2024-01-25 00:00:00,CRM
CONT5466,CRM1466,mobile,9933017180,2024-11-08 00:00:00,CRM
CONT5292,CRM1292,landline,sanjay.tiwari42@crm.com,2025-03-05 00:00:00,CRM
CONT5700,CRM1700,landline,neha.shah20@crm.com,2024-04-30 00:00:00,CRM
CONT5858,CRM1858,email,anita.bajaj2@crm.com,2026-02-27 00:00:00,CRM
CONT5437,CRM1437,work_email,pooja.gupta77@crm.com,2025-02-17 00:00:00,CRM
CONT5577,CRM1577,email,ravi.menon88@crm.com,2025-11-27 00:00:00,CRM
CONT5804,CRM1804,work_email,vinay.shah40@crm.com,2025-08-21 00:00:00,CRM
CONT5269,CRM1269,work_email,vinay.tiwari43@crm.com,2024-03-05 00:00:00,CRM
CONT5087,CRM1087,landline,manish.pandey9@crm.com,2024-10-26 00:00:00,CRM
CONT5481,CRM1481,email,divya.yadav56@crm.com,2025-11-10 00:00:00,CRM
CONT5022,CRM1022,phone,9799283454,2024-06-09 00:00:00,CRM
CONT5569,CRM1569,phone,9043799764,2025-03-28 00:00:00,CRM
CONT5466,CRM1466,mobile,9933017180,2024-11-08 00:00:00,CRM
CONT5686,CRM1686,work_email,vikas.malhotra92@crm.com,2025-01-21 00:00:00,CRM
CONT5659,CRM1659,landline,harish.mehta54@crm.com,2026-03-17 00:00:00,CRM
CONT5297,CRM1297,work_email,manish.mehta79@crm.com,2025-04-10 00:00:00,CRM
CONT5766,CRM1766,landline,prakash.srivastava27@crm.com,2024-01-08 00:00:00,CRM
CONT5098,CRM1098,work_email,meena.guptha79@crm.com,2025-02-28 00:00:00,CRM
CONT5904,CRM1904,work_email,meena.patil42@crm.com,2025-11-17 00:00:00,CRM
CONT5208,CRM1208,work_email,kavita.patel64@crm.com,2026-02-09 00:00:00,CRM
CONT5372,CRM1372,work_email,sneha.kumar94@crm.com,2025-03-30 00:00:00,CRM
CONT5673,CRM1673,work_email,amit.singh39@crm.com,2024-03-27 00:00:00,CRM
CONT5705,CRM1705,landline,rajiv.rao45@crm.com,2024-03-10 00:00:00,CRM
CONT5777,CRM1777,landline,alok.rao60@crm.com,2025-05-22 00:00:00,CRM
CONT5800,CRM1800,mobile,9636607029,2026-03-19 00:00:00,CRM
CONT5070,CRM1070,email,shreya.banerjee40@crm.com,2026-01-17 00:00:00,CRM
CONT5237,CRM1237,landline,sachin.mehta99@crm.com,2025-03-17 00:00:00,CRM
CONT5425,CRM1425,work_email,ramesh.reddy53@crm.com,2024-04-25 00:00:00,CRM
CONT5823,CRM1823,email,pooja.iyer23@crm.com,2024-08-12 00:00:00,CRM
CONT5876,CRM1876,email,vikas.kapoor12@crm.com,2024-06-24 00:00:00,CRM
CONT5841,CRM1841,phone,9508693948,2024-10-01 00:00:00,CRM
CONT5320,CRM1320,mobile,9413260967,2025-12-08 00:00:00,CRM
CONT5722,CRM1722,email,anita.patel52@crm.com,2025-08-26 00:00:00,CRM
CONT5711,CRM1711,landline,rohit.malhotra53@crm.com,2025-01-31 00:00:00,CRM
CONT5696,CRM1696,landline,deepak.mehta68@crm.com,2024-04-30 00:00:00,CRM
CONT5599,CRM1599,email,ajay.malhotra32@crm.com,2025-06-19 00:00:00,CRM
CONT5048,CRM1048,phone,9931072676,2025-09-23 00:00:00,CRM
CONT5543,CRM1543,email,ramesh.iyer37@crm.com,2026-02-03 00:00:00,CRM
CONT5396,CRM1396,email,suresh.chopra41@crm.com,2025-12-02 00:00:00,CRM
CONT5041,CRM1041,landline,rohit.kaur30@crm.com,2024-08-24 00:00:00,CRM
CONT5760,CRM1760,phone,9190252696,2026-02-25 00:00:00,CRM
CONT5795,CRM1795,landline,sunil.dubey85@crm.com,2025-09-30 00:00:00,CRM
CONT5389,CRM1389,landline,jane.reddy3@crm.com,2024-09-22 00:00:00,CRM
CONT5315,CRM1315,mobile,9017104881,2025-05-06 00:00:00,CRM
CONT5613,CRM1613,phone,9325129005,2025-09-25 00:00:00,CRM
CONT5761,CRM1761,phone,9397800553,2024-07-16 00:00:00,CRM
CONT5118,CRM1118,mobile,9401811039,2026-03-14 00:00:00,CRM
CONT5267,CRM1267,mobile,9734534311,2025-08-12 00:00:00,CRM
CONT5220,CRM1220,landline,harish.guptha99@crm.com,2024-07-18 00:00:00,CRM
CONT5142,CRM1142,phone,9609659120,2024-05-14 00:00:00,CRM
CONT5738,CRM1738,landline,sachin.kaur84@crm.com,2026-03-15 00:00:00,CRM
CONT5258,CRM1258,work_email,amit.rao84@crm.com,2025-11-14 00:00:00,CRM
CONT5755,CRM1755,mobile,9967919194,2024-01-10 00:00:00,CRM
CONT5182,CRM1182,phone,9592759204,2025-04-05 00:00:00,CRM
CONT5927,CRM1927,landline,sunita.joshi64@crm.com,2024-04-14 00:00:00,CRM
CONT5094,CRM1094,work_email,john.bajaj79@crm.com,2025-07-30 00:00:00,CRM
CONT5235,CRM1235,phone,9997061945,2024-07-24 00:00:00,CRM
CONT5520,CRM1520,phone,9677909802,2024-11-20 00:00:00,CRM
CONT5358,CRM1358,email,anita.reddy83@crm.com,2025-12-23 00:00:00,CRM
CONT5483,CRM1483,landline,shalini.patel59@crm.com,2025-11-18 00:00:00,CRM
CONT5523,CRM1523,mobile,9885193689,2024-06-13 00:00:00,CRM
CONT5530,CRM1530,landline,suresh.kaur92@crm.com,2026-02-25 00:00:00,CRM
CONT5028,CRM1028,landline,rahul.reddy81@crm.com,2025-12-03 00:00:00,CRM
CONT5137,CRM1137,mobile,9505448473,2025-11-22 00:00:00,CRM
CONT5635,CRM1635,phone,9140830436,2024-10-27 00:00:00,CRM
CONT5806,CRM1806,work_email,anita.singh19@crm.com,2025-04-25 00:00:00,CRM
CONT5423,CRM1423,landline,lakshmi.sharma24@crm.com,2025-03-26 00:00:00,CRM
CONT5065,CRM1065,mobile,9758305156,2025-04-05 00:00:00,CRM
CONT5797,CRM1797,landline,manish.srivastava80@crm.com,2024-04-13 00:00:00,CRM
CONT5080,CRM1080,mobile,9716182084,2025-08-14 00:00:00,CRM
CONT5263,CRM1263,email,shreya.srivastava13@crm.com,2025-04-12 00:00:00,CRM
CONT5005,CRM1005,email,pooja.malhotra20@crm.com,2026-02-14 00:00:00,CRM
CONT5133,CRM1133,landline,sachin.iyer45@crm.com,2025-07-16 00:00:00,CRM
CONT5441,CRM1441,landline,amit.agarwal36@crm.com,2024-05-30 00:00:00,CRM
CONT5641,CRM1641,mobile,9385244337,2024-09-24 00:00:00,CRM
CONT5245,CRM1245,work_email,arvind.chopra1@crm.com,2025-01-28 00:00:00,CRM
CONT5207,CRM1207,mobile,9368130224,2024-03-27 00:00:00,CRM
CONT5305,CRM1305,phone,9920168573,2025-06-18 00:00:00,CRM
CONT5360,CRM1360,landline,kavita.yadav94@crm.com,2025-03-28 00:00:00,CRM
CONT5708,CRM1708,work_email,vinod.mehta65@crm.com,2025-10-13 00:00:00,CRM
CONT5348,CRM1348,email,shreya.mehta37@crm.com,2025-04-11 00:00:00,CRM
CONT5645,CRM1645,email,sunil.agarwal44@crm.com,2026-03-14 00:00:00,CRM
CONT5757,CRM1757,phone,9577814249,2024-03-24 00:00:00,CRM
CONT5596,CRM1596,work_email,sunil.mishra64@crm.com,2025-06-23 00:00:00,CRM
CONT5163,CRM1163,landline,ajay.srivastava97@crm.com,2025-10-13 00:00:00,CRM
CONT5773,CRM1773,mobile,9744087852,2025-11-25 00:00:00,CRM
CONT5025,CRM1025,phone,9956061953,2024-01-31 00:00:00,CRM
CONT5545,CRM1545,email,vinod.iyer94@crm.com,2025-11-24 00:00:00,CRM
CONT5589,CRM1589,phone,9790155099,2024-11-13 00:00:00,CRM
CONT5786,CRM1786,work_email,sachin.agarwal44@crm.com,2024-02-25 00:00:00,CRM
CONT5712,CRM1712,phone,9363996201,2025-07-07 00:00:00,CRM
CONT5145,CRM1145,landline,sunil.mehta34@crm.com,2025-01-07 00:00:00,CRM
CONT5293,CRM1293,email,pooja.guptha30@crm.com,2026-03-08 00:00:00,CRM
CONT5359,CRM1359,email,neha.agarwal97@crm.com,2025-08-10 00:00:00,CRM
CONT5179,CRM1179,phone,9145788098,2024-03-27 00:00:00,CRM
CONT5271,CRM1271,email,suresh.patil71@crm.com,2024-06-17 00:00:00,CRM
CONT5049,CRM1049,email,prakash.patil59@crm.com,2024-09-09 00:00:00,CRM
CONT5559,CRM1559,phone,9141647522,2024-04-01 00:00:00,CRM
CONT5302,CRM1302,work_email,deepak.banerjee98@crm.com,2024-12-17 00:00:00,CRM
CONT5815,CRM1815,mobile,9532501508,2024-08-12 00:00:00,CRM
CONT5270,CRM1270,work_email,meena.verma97@crm.com,2025-03-01 00:00:00,CRM
CONT5160,CRM1160,email,sanjay.desai52@crm.com,2024-03-12 00:00:00,CRM
CONT5933,CRM1933,work_email,divya.mishra65@crm.com,2025-08-24 00:00:00,CRM
CONT5566,CRM1566,phone,9057146895,2024-07-12 00:00:00,CRM
CONT5418,CRM1418,landline,divya.singh31@crm.com,2025-06-01 00:00:00,CRM
CONT5114,CRM1114,landline,rahul.desai15@crm.com,2026-03-12 00:00:00,CRM
CONT5931,CRM1931,phone,9072492053,2024-12-09 00:00:00,CRM
CONT5460,CRM1460,email,john.singh42@crm.com,2024-03-03 00:00:00,CRM
CONT5639,CRM1639,landline,pooja.desai63@crm.com,2024-04-13 00:00:00,CRM
CONT5736,CRM1736,phone,9680259788,2024-08-27 00:00:00,CRM
CONT5116,CRM1116,mobile,9533708134,2024-08-31 00:00:00,CRM
CONT5075,CRM1075,landline,harish.iyer85@crm.com,2025-05-02 00:00:00,CRM
CONT5803,CRM1803,work_email,rohit.kapoor32@crm.com,2024-05-20 00:00:00,CRM
CONT5847,CRM1847,work_email,karan.sharma75@crm.com,2024-02-12 00:00:00,CRM
CONT5514,CRM1514,landline,arjun.menon5@crm.com,2026-01-27 00:00:00,CRM
CONT5046,CRM1046,mobile,9993678354,2024-10-03 00:00:00,CRM
CONT5631,CRM1631,email,rohit.mishra58@crm.com,2025-12-15 00:00:00,CRM
CONT5169,CRM1169,landline,rajiv.patel52@crm.com,2024-05-10 00:00:00,CRM
CONT5034,CRM1034,landline,kavita.mishra21@crm.com,2024-11-21 00:00:00,CRM
CONT5209,CRM1209,phone,9255494114,2025-11-07 00:00:00,CRM
CONT5534,CRM1534,email,meera.yadav26@crm.com,2024-03-27 00:00:00,CRM
CONT5839,CRM1839,phone,9557156434,2025-04-20 00:00:00,CRM
CONT5057,CRM1057,email,sanjay.nair37@crm.com,2025-04-17 00:00:00,CRM
CONT5812,CRM1812,phone,9643989866,2025-12-10 00:00:00,CRM
CONT5493,CRM1493,phone,9256069631,2024-04-26 00:00:00,CRM
CONT5139,CRM1139,work_email,manish.nair91@crm.com,2025-09-02 00:00:00,CRM
CONT5040,CRM1040,email,rohit.patel78@crm.com,2025-08-03 00:00:00,CRM
CONT5879,CRM1879,phone,9304746849,2024-07-29 00:00:00,CRM
CONT5406,CRM1406,email,vinod.reddy23@crm.com,2025-12-27 00:00:00,CRM
CONT5014,CRM1014,landline,pooja.yadav35@crm.com,2024-02-24 00:00:00,CRM
CONT5684,CRM1684,landline,seema.tiwari77@crm.com,2024-08-27 00:00:00,CRM
CONT5223,CRM1223,mobile,9563998215,2024-04-16 00:00:00,CRM
CONT5162,CRM1162,mobile,9097209076,2024-08-10 00:00:00,CRM
CONT5079,CRM1079,mobile,9701450705,2024-12-23 00:00:00,CRM
CONT5865,CRM1865,phone,9225039914,2025-03-25 00:00:00,CRM
CONT5431,CRM1431,phone,9312017904,2025-03-14 00:00:00,CRM
CONT5553,CRM1553,work_email,shreya.gupta61@crm.com,2024-12-28 00:00:00,CRM
CONT5775,CRM1775,phone,9688232308,2025-11-20 00:00:00,CRM
CONT5664,CRM1664,work_email,amit.singh56@crm.com,2024-03-03 00:00:00,CRM
CONT5604,CRM1604,landline,seema.kumar3@crm.com,2024-04-26 00:00:00,CRM
CONT5289,CRM1289,mobile,9795016576,2024-02-23 00:00:00,CRM
CONT5948,CRM1948,landline,priya.desai71@crm.com,2026-03-25 00:00:00,CRM
CONT5366,CRM1366,mobile,9089753594,2025-07-05 00:00:00,CRM
CONT5570,CRM1570,landline,john.patil63@crm.com,2025-04-13 00:00:00,CRM
CONT5331,CRM1331,mobile,9068042141,2025-01-16 00:00:00,CRM
CONT5603,CRM1603,email,vikas.pandey46@crm.com,2024-09-17 00:00:00,CRM
CONT5325,CRM1325,phone,9664789481,2024-02-11 00:00:00,CRM
CONT5872,CRM1872,landline,kavita.gupta81@crm.com,2026-03-29 00:00:00,CRM
CONT5376,CRM1376,landline,lakshmi.dubey43@crm.com,2024-03-08 00:00:00,CRM
CONT5801,CRM1801,landline,pooja.srivastava17@crm.com,2025-10-14 00:00:00,CRM
CONT5037,CRM1037,phone,9441578219,2024-11-06 00:00:00,CRM
CONT5683,CRM1683,email,rajiv.kapoor31@crm.com,2026-02-02 00:00:00,CRM
CONT5275,CRM1275,mobile,9758857635,2025-10-29 00:00:00,CRM
CONT5837,CRM1837,mobile,9842527868,2025-04-26 00:00:00,CRM
CONT5470,CRM1470,mobile,9339854673,2025-01-21 00:00:00,CRM
CONT5863,CRM1863,landline,karan.tiwari97@crm.com,2025-04-24 00:00:00,CRM
CONT5563,CRM1563,email,manish.joshi79@crm.com,2026-02-18 00:00:00,CRM
CONT5146,CRM1146,email,amit.desai42@crm.com,2025-04-09 00:00:00,CRM
CONT5822,CRM1822,email,seema.bajaj6@crm.com,2024-01-31 00:00:00,CRM
CONT5234,CRM1234,email,ravi.shah34@crm.com,2024-07-01 00:00:00,CRM
CONT5205,CRM1205,phone,9397034107,2024-06-28 00:00:00,CRM
CONT5750,CRM1750,phone,9226398655,2025-09-17 00:00:00,CRM
CONT5333,CRM1333,landline,meena.agarwal87@crm.com,2025-06-29 00:00:00,CRM
CONT5196,CRM1196,work_email,neha.joshi5@crm.com,2025-12-12 00:00:00,CRM
CONT5134,CRM1134,work_email,meera.verma91@crm.com,2024-10-17 00:00:00,CRM
CONT5441,CRM1441,landline,amit.agarwal36@crm.com,2024-05-30 00:00:00,CRM
CONT5547,CRM1547,email,kavita.menon34@crm.com,2024-08-29 00:00:00,CRM
CONT5039,CRM1039,work_email,pooja.rao24@crm.com,2024-01-27 00:00:00,CRM
CONT5913,CRM1913,mobile,9419423299,2025-12-07 00:00:00,CRM
CONT5662,CRM1662,work_email,anjali.kapoor99@crm.com,2024-01-11 00:00:00,CRM
CONT5765,CRM1765,email,sunil.agarwal5@crm.com,2024-10-14 00:00:00,CRM
CONT5505,CRM1505,landline,seema.singh33@crm.com,2025-05-23 00:00:00,CRM
CONT5785,CRM1785,email,seema.yadav33@crm.com,2024-09-10 00:00:00,CRM
CONT5567,CRM1567,work_email,kavita.shah24@crm.com,2024-02-06 00:00:00,CRM
CONT5303,CRM1303,email,sunil.srivastava78@crm.com,2024-06-09 00:00:00,CRM
CONT5449,CRM1449,phone,9526402312,2025-05-31 00:00:00,CRM
CONT5283,CRM1283,landline,rohit.sharma65@crm.com,2024-08-12 00:00:00,CRM
CONT5941,CRM1941,email,sunita.mishra97@crm.com,2024-01-25 00:00:00,CRM
CONT5069,CRM1069,work_email,kavita.desai23@crm.com,2026-02-26 00:00:00,CRM
CONT5111,CRM1111,email,vikas.malhotra46@crm.com,2024-03-08 00:00:00,CRM
CONT5882,CRM1882,phone,9419946090,2024-06-09 00:00:00,CRM
CONT5748,CRM1748,email,vikas.kumar12@crm.com,2025-02-08 00:00:00,CRM
CONT5482,CRM1482,work_email,anita.gupta54@crm.com,2025-02-15 00:00:00,CRM
CONT5073,CRM1073,phone,9918490625,2025-05-25 00:00:00,CRM
CONT5848,CRM1848,landline,deepak.reddy44@crm.com,2025-03-12 00:00:00,CRM
CONT5019,CRM1019,landline,prakash.dubey69@crm.com,2024-03-31 00:00:00,CRM
CONT5557,CRM1557,landline,ajay.srivastava6@crm.com,2025-08-17 00:00:00,CRM
CONT5609,CRM1609,landline,priya.guptha34@crm.com,2025-11-20 00:00:00,CRM
CONT5420,CRM1420,work_email,rajiv.reddy92@crm.com,2024-07-15 00:00:00,CRM
CONT5340,CRM1340,email,ajay.agarwal54@crm.com,2025-03-30 00:00:00,CRM
CONT5051,CRM1051,email,rahul.guptha51@crm.com,2025-09-18 00:00:00,CRM
CONT5903,CRM1903,mobile,9011529159,2024-09-13 00:00:00,CRM
CONT5108,CRM1108,phone,9996206898,2026-01-30 00:00:00,CRM
CONT5894,CRM1894,work_email,deepak.nair90@crm.com,2025-08-05 00:00:00,CRM
CONT5900,CRM1900,work_email,suresh.verma65@crm.com,2024-02-15 00:00:00,CRM
CONT5311,CRM1311,phone,9570287614,2025-02-07 00:00:00,CRM
CONT5876,CRM1876,email,vikas.kapoor12@crm.com,2024-06-24 00:00:00,CRM
CONT5638,CRM1638,phone,9138616374,2024-06-26 00:00:00,CRM
CONT5743,CRM1743,mobile,9872569546,2025-04-20 00:00:00,CRM
CONT5508,CRM1508,phone,9234084722,2024-05-27 00:00:00,CRM
CONT5356,CRM1356,mobile,9434395495,2025-05-26 00:00:00,CRM
CONT5252,CRM1252,mobile,9950491458,2025-10-09 00:00:00,CRM
CONT5880,CRM1880,landline,sunil.joshi9@crm.com,2025-04-10 00:00:00,CRM
CONT5887,CRM1887,work_email,deepak.verma1@crm.com,2024-05-26 00:00:00,CRM
CONT5697,CRM1697,phone,9035011913,2026-02-03 00:00:00,CRM
CONT5274,CRM1274,phone,9086675240,2024-01-07 00:00:00,CRM
CONT5338,CRM1338,work_email,kavita.agarwal27@crm.com,2025-06-17 00:00:00,CRM
CONT5637,CRM1637,work_email,suresh.patel37@crm.com,2025-12-08 00:00:00,CRM
CONT5917,CRM1917,mobile,9015633640,2024-12-11 00:00:00,CRM
CONT5464,CRM1464,email,john.banerjee8@crm.com,2025-11-08 00:00:00,CRM
CONT5873,CRM1873,landline,vinod.bajaj74@crm.com,2025-02-04 00:00:00,CRM
CONT5536,CRM1536,mobile,9024663947,2025-07-25 00:00:00,CRM
CONT5154,CRM1154,phone,9070931315,2024-12-14 00:00:00,CRM
CONT5735,CRM1735,landline,meera.kapoor53@crm.com,2024-03-08 00:00:00,CRM
CONT5001,CRM1001,email,manish.sharma25@crm.com,2024-11-24 00:00:00,CRM
CONT5337,CRM1337,email,sachin.desai15@crm.com,2025-12-14 00:00:00,CRM
CONT5484,CRM1484,mobile,9674142288,2025-12-21 00:00:00,CRM
CONT5745,CRM1745,landline,lakshmi.verma33@crm.com,2025-11-27 00:00:00,CRM
CONT5844,CRM1844,email,amit.iyer55@crm.com,2025-01-21 00:00:00,CRM
CONT5279,CRM1279,mobile,9640242156,2024-07-03 00:00:00,CRM
CONT5869,CRM1869,phone,9819094911,2026-03-08 00:00:00,CRM
CONT5561,CRM1561,email,shalini.rao6@crm.com,2024-05-10 00:00:00,CRM
CONT5260,CRM1260,mobile,9039597095,2026-01-23 00:00:00,CRM
CONT5924,CRM1924,phone,9228457837,2025-04-14 00:00:00,CRM
CONT5044,CRM1044,phone,9527685695,2025-04-30 00:00:00,CRM
CONT5763,CRM1763,email,alok.malhotra25@crm.com,2024-04-02 00:00:00,CRM
CONT5574,CRM1574,landline,seema.iyer1@crm.com,2025-06-22 00:00:00,CRM
CONT5436,CRM1436,work_email,seema.rao9@crm.com,2025-01-07 00:00:00,CRM
CONT5132,CRM1132,landline,meena.menon72@crm.com,2025-06-10 00:00:00,CRM
CONT5707,CRM1707,email,vikas.kapoor49@crm.com,2025-05-01 00:00:00,CRM
CONT5045,CRM1045,work_email,ajay.desai29@crm.com,2024-02-03 00:00:00,CRM
CONT5934,CRM1934,mobile,9661799351,2026-02-16 00:00:00,CRM
CONT5924,CRM1924,phone,9228457837,2025-04-14 00:00:00,CRM
CONT5106,CRM1106,mobile,9693263796,2024-05-19 00:00:00,CRM
CONT5295,CRM1295,work_email,sunita.dubey49@crm.com,2024-08-13 00:00:00,CRM
CONT5518,CRM1518,phone,9995903482,2024-09-18 00:00:00,CRM
CONT5521,CRM1521,mobile,9294244475,2024-03-23 00:00:00,CRM
CONT5857,CRM1857,landline,alok.iyer18@crm.com,2026-02-09 00:00:00,CRM
CONT5161,CRM1161,landline,vinod.rao99@crm.com,2025-01-23 00:00:00,CRM
CONT5915,CRM1915,phone,9823682643,2024-07-25 00:00:00,CRM
CONT5680,CRM1680,email,shreya.pandey34@crm.com,2025-10-04 00:00:00,CRM
CONT5285,CRM1285,work_email,pooja.rao88@crm.com,2025-04-30 00:00:00,CRM
CONT5006,CRM1006,mobile,9260971128,2025-09-27 00:00:00,CRM
CONT5185,CRM1185,landline,harish.patil35@crm.com,2025-02-24 00:00:00,CRM
CONT5532,CRM1532,phone,9937919753,2026-01-22 00:00:00,CRM
CONT5565,CRM1565,phone,9819990226,2024-06-03 00:00:00,CRM
CONT5213,CRM1213,landline,arjun.agarwal30@crm.com,2025-01-23 00:00:00,CRM
CONT5842,CRM1842,landline,seema.nair84@crm.com,2024-02-07 00:00:00,CRM
CONT5524,CRM1524,mobile,9377802873,2025-03-06 00:00:00,CRM
CONT5539,CRM1539,landline,rohit.banerjee34@crm.com,2024-06-01 00:00:00,CRM
CONT5594,CRM1594,phone,9677194209,2025-03-12 00:00:00,CRM
CONT5021,CRM1021,work_email,anjali.shah68@crm.com,2024-11-08 00:00:00,CRM
CONT5416,CRM1416,mobile,9156290615,2026-02-03 00:00:00,CRM
CONT5190,CRM1190,landline,priya.reddy12@crm.com,2024-09-08 00:00:00,CRM
CONT5840,CRM1840,email,rekha.gupta68@crm.com,2025-12-12 00:00:00,CRM
CONT5758,CRM1758,mobile,9958392095,2025-11-18 00:00:00,CRM
CONT5102,CRM1102,email,divya.chopra99@crm.com,2024-01-07 00:00:00,CRM
CONT5129,CRM1129,work_email,ramesh.gupta25@crm.com,2024-10-20 00:00:00,CRM
CONT5306,CRM1306,work_email,prakash.dubey76@crm.com,2025-04-29 00:00:00,CRM
CONT5595,CRM1595,landline,priya.shah44@crm.com,2025-04-19 00:00:00,CRM
CONT5496,CRM1496,mobile,9216885657,2024-06-12 00:00:00,CRM
CONT5940,CRM1940,mobile,9559282971,2026-03-21 00:00:00,CRM
CONT5186,CRM1186,email,anita.tiwari5@crm.com,2024-02-08 00:00:00,CRM
CONT5097,CRM1097,phone,9671583357,2026-03-26 00:00:00,CRM
CONT5627,CRM1627,phone,9249006937,2026-01-01 00:00:00,CRM
CONT5492,CRM1492,work_email,neha.mishra33@crm.com,2025-12-04 00:00:00,CRM
CONT5024,CRM1024,landline,arjun.kaur36@crm.com,2024-03-04 00:00:00,CRM
CONT5636,CRM1636,email,rahul.banerjee61@crm.com,2026-03-29 00:00:00,CRM
CONT5181,CRM1181,phone,9669207967,2024-07-03 00:00:00,CRM
CONT5720,CRM1720,mobile,9295238760,2026-03-16 00:00:00,CRM
CONT5125,CRM1125,mobile,9333913647,2024-02-15 00:00:00,CRM
CONT5085,CRM1085,mobile,9099993584,2026-02-25 00:00:00,CRM
CONT5945,CRM1945,work_email,karan.gupta57@crm.com,2025-10-06 00:00:00,CRM
CONT5123,CRM1123,landline,sachin.pandey87@crm.com,2024-05-15 00:00:00,CRM
CONT5012,CRM1012,landline,anjali.nair85@crm.com,2025-06-23 00:00:00,CRM
CONT5668,CRM1668,email,sneha.dubey93@crm.com,2026-01-30 00:00:00,CRM
CONT5456,CRM1456,phone,9708753985,2025-07-21 00:00:00,CRM
CONT5282,CRM1282,mobile,9569296859,2024-04-07 00:00:00,CRM
CONT5918,CRM1918,mobile,9236832921,2024-04-08 00:00:00,CRM
CONT5475,CRM1475,landline,arvind.pandey28@crm.com,2024-10-21 00:00:00,CRM
CONT5674,CRM1674,email,vinay.chopra50@crm.com,2026-01-12 00:00:00,CRM
CONT5816,CRM1816,work_email,rajiv.mishra89@crm.com,2024-08-23 00:00:00,CRM
CONT5177,CRM1177,work_email,neha.dubey18@crm.com,2024-01-12 00:00:00,CRM
CONT5935,CRM1935,work_email,meena.joshi95@crm.com,2025-03-14 00:00:00,CRM
CONT5446,CRM1446,email,meera.mehta80@crm.com,2025-09-30 00:00:00,CRM
CONT5407,CRM1407,mobile,9238754922,2024-05-11 00:00:00,CRM
CONT5719,CRM1719,mobile,9129153072,2025-11-05 00:00:00,CRM
CONT5122,CRM1122,email,karan.joshi19@crm.com,2026-02-26 00:00:00,CRM
CONT5035,CRM1035,landline,arvind.chopra93@crm.com,2024-05-01 00:00:00,CRM
CONT5251,CRM1251,phone,9962567348,2024-04-19 00:00:00,CRM
CONT5414,CRM1414,mobile,9840064269,2024-05-06 00:00:00,CRM
CONT5153,CRM1153,landline,sunita.kaur32@crm.com,2025-07-15 00:00:00,CRM
CONT5445,CRM1445,phone,9649167041,2025-11-26 00:00:00,CRM
CONT5347,CRM1347,phone,9399327067,2024-10-22 00:00:00,CRM
CONT5856,CRM1856,email,ravi.verma96@crm.com,2026-02-25 00:00:00,CRM
CONT5121,CRM1121,email,kavita.iyer62@crm.com,2026-01-20 00:00:00,CRM
CONT5615,CRM1615,work_email,priya.mehta2@crm.com,2024-07-14 00:00:00,CRM
CONT5632,CRM1632,work_email,manish.menon37@crm.com,2026-01-13 00:00:00,CRM
CONT5486,CRM1486,phone,9287694035,2025-10-15 00:00:00,CRM
CONT5886,CRM1886,landline,vikas.joshi26@crm.com,2025-05-29 00:00:00,CRM
CONT5099,CRM1099,email,sunita.shah45@crm.com,2025-07-27 00:00:00,CRM
CONT5058,CRM1058,email,suresh.banerjee79@crm.com,2024-02-25 00:00:00,CRM
CONT5725,CRM1725,email,meera.nair12@crm.com,2024-04-27 00:00:00,CRM
CONT5926,CRM1926,mobile,9950755490,2024-08-11 00:00:00,CRM
CONT5621,CRM1621,phone,9021075163,2025-04-05 00:00:00,CRM
CONT5077,CRM1077,work_email,vinod.menon71@crm.com,2024-10-11 00:00:00,CRM
CONT5105,CRM1105,email,pooja.gupta87@crm.com,2025-05-05 00:00:00,CRM
CONT5779,CRM1779,email,sunil.shah54@crm.com,2025-06-29 00:00:00,CRM
CONT5646,CRM1646,mobile,9826883089,2025-07-24 00:00:00,CRM
CONT5201,CRM1201,work_email,prakash.kumar65@crm.com,2024-03-19 00:00:00,CRM
CONT5224,CRM1224,work_email,sanjay.sharma93@crm.com,2024-10-17 00:00:00,CRM
CONT5912,CRM1912,phone,9748121420,2024-02-18 00:00:00,CRM
CONT5851,CRM1851,work_email,rekha.kapoor34@crm.com,2025-10-22 00:00:00,CRM
CONT5741,CRM1741,landline,kavita.sharma22@crm.com,2026-03-11 00:00:00,CRM
CONT5495,CRM1495,phone,9601107527,2025-03-22 00:00:00,CRM
CONT5453,CRM1453,mobile,9189911827,2025-07-24 00:00:00,CRM
CONT5141,CRM1141,work_email,arjun.gupta92@crm.com,2026-02-15 00:00:00,CRM
CONT5168,CRM1168,email,manish.patil12@crm.com,2025-08-19 00:00:00,CRM
CONT5469,CRM1469,phone,9286279849,2024-01-21 00:00:00,CRM
CONT5312,CRM1312,mobile,9485805219,2025-05-22 00:00:00,CRM
CONT5056,CRM1056,mobile,9203850254,2024-10-25 00:00:00,CRM
CONT5332,CRM1332,phone,9538427940,2025-06-23 00:00:00,CRM
CONT5135,CRM1135,work_email,vikas.kaur10@crm.com,2024-11-14 00:00:00,CRM
CONT5821,CRM1821,phone,9208739111,2025-10-08 00:00:00,CRM
CONT5404,CRM1404,work_email,arvind.rao3@crm.com,2025-05-06 00:00:00,CRM
CONT5608,CRM1608,work_email,ravi.bajaj28@crm.com,2024-07-08 00:00:00,CRM
CONT5476,CRM1476,email,shalini.shah74@crm.com,2025-02-15 00:00:00,CRM
CONT5598,CRM1598,phone,9322544807,2024-06-01 00:00:00,CRM
CONT5290,CRM1290,work_email,anita.desai4@crm.com,2025-05-11 00:00:00,CRM
CONT5541,CRM1541,landline,rajiv.patil56@crm.com,2026-03-02 00:00:00,CRM
CONT5074,CRM1074,mobile,9652817769,2025-05-20 00:00:00,CRM
CONT5602,CRM1602,phone,9101451808,2025-04-20 00:00:00,CRM
CONT5401,CRM1401,work_email,kavita.reddy25@crm.com,2026-03-25 00:00:00,CRM
CONT5749,CRM1749,work_email,meena.pandey93@crm.com,2025-07-23 00:00:00,CRM
CONT5810,CRM1810,email,shreya.banerjee26@crm.com,2024-07-24 00:00:00,CRM
CONT5433,CRM1433,mobile,9723872620,2025-05-18 00:00:00,CRM
CONT5808,CRM1808,landline,rajiv.reddy85@crm.com,2025-11-25 00:00:00,CRM
CONT5612,CRM1612,phone,9932845979,2025-11-04 00:00:00,CRM
CONT5147,CRM1147,mobile,9510386386,2024-04-25 00:00:00,CRM
CONT5023,CRM1023,email,anjali.sharma46@crm.com,2025-10-02 00:00:00,CRM
CONT5164,CRM1164,work_email,rajiv.singh85@crm.com,2024-06-01 00:00:00,CRM
CONT5307,CRM1307,mobile,9783850598,2025-03-14 00:00:00,CRM
CONT5402,CRM1402,landline,sneha.patel69@crm.com,2025-12-30 00:00:00,CRM
CONT5500,CRM1500,mobile,9337052680,2025-09-08 00:00:00,CRM
CONT5184,CRM1184,landline,vinod.menon64@crm.com,2026-01-18 00:00:00,CRM
CONT5054,CRM1054,work_email,vinay.srivastava67@crm.com,2025-07-04 00:00:00,CRM
CONT5231,CRM1231,phone,9990736631,2024-10-10 00:00:00,CRM
CONT5216,CRM1216,mobile,9104544138,2025-06-28 00:00:00,CRM
CONT5157,CRM1157,mobile,9793889313,2025-12-29 00:00:00,CRM
CONT5342,CRM1342,landline,sunil.pandey83@crm.com,2024-12-09 00:00:00,CRM
CONT5860,CRM1860,mobile,9506810427,2025-10-31 00:00:00,CRM
CONT5386,CRM1386,mobile,9643054662,2026-02-02 00:00:00,CRM
CONT5299,CRM1299,email,pooja.mishra35@crm.com,2024-07-26 00:00:00,CRM
CONT5507,CRM1507,landline,meera.gupta95@crm.com,2025-02-03 00:00:00,CRM
CONT5221,CRM1221,work_email,karan.gupta41@crm.com,2025-07-14 00:00:00,CRM
CONT5835,CRM1835,work_email,kavita.gupta7@crm.com,2025-10-06 00:00:00,CRM
CONT5588,CRM1588,work_email,neha.mishra16@crm.com,2024-11-01 00:00:00,CRM
CONT5281,CRM1281,phone,9004907047,2025-07-25 00:00:00,CRM
CONT5701,CRM1701,email,jane.joshi39@crm.com,2024-10-28 00:00:00,CRM
CONT5868,CRM1868,email,rajiv.agarwal44@crm.com,2024-08-18 00:00:00,CRM
CONT5317,CRM1317,phone,9497959196,2026-03-01 00:00:00,CRM
CONT5655,CRM1655,work_email,jane.gupta16@crm.com,2024-07-25 00:00:00,CRM
CONT5614,CRM1614,phone,9863976413,2024-11-05 00:00:00,CRM
CONT5363,CRM1363,landline,anjali.nair29@crm.com,2025-04-01 00:00:00,CRM
CONT5150,CRM1150,mobile,9435602000,2026-01-01 00:00:00,CRM
CONT5291,CRM1291,mobile,9961083946,2024-08-28 00:00:00,CRM
CONT5691,CRM1691,phone,9083829919,2025-01-13 00:00:00,CRM
CONT5272,CRM1272,landline,sanjay.kaur6@crm.com,2024-05-16 00:00:00,CRM
CONT5604,CRM1604,landline,seema.kumar3@crm.com,2024-04-26 00:00:00,CRM
CONT5512,CRM1512,work_email,manish.agarwal36@crm.com,2026-03-14 00:00:00,CRM
CONT5225,CRM1225,mobile,9025448191,2025-09-26 00:00:00,CRM
CONT5304,CRM1304,work_email,rohit.srivastava74@crm.com,2025-07-20 00:00:00,CRM
CONT5149,CRM1149,email,neha.singh78@crm.com,2025-08-11 00:00:00,CRM
CONT5324,CRM1324,email,shreya.reddy7@crm.com,2024-04-23 00:00:00,CRM
CONT5472,CRM1472,work_email,prakash.rao44@crm.com,2025-05-23 00:00:00,CRM
CONT5552,CRM1552,mobile,9598074168,2024-03-01 00:00:00,CRM
CONT5830,CRM1830,work_email,arvind.rao17@crm.com,2026-03-24 00:00:00,CRM
CONT5405,CRM1405,email,john.joshi18@crm.com,2025-03-28 00:00:00,CRM
CONT5110,CRM1110,landline,meera.chopra3@crm.com,2024-08-01 00:00:00,CRM
CONT5228,CRM1228,landline,priya.dubey17@crm.com,2025-01-19 00:00:00,CRM
CONT5754,CRM1754,work_email,ravi.menon83@crm.com,2024-01-03 00:00:00,CRM
CONT5783,CRM1783,email,pooja.desai40@crm.com,2024-03-05 00:00:00,CRM
CONT5737,CRM1737,landline,anjali.verma76@crm.com,2025-11-22 00:00:00,CRM
CONT5130,CRM1130,email,alok.chopra99@crm.com,2025-03-27 00:00:00,CRM
CONT5374,CRM1374,phone,9149859658,2025-08-24 00:00:00,CRM
CONT5328,CRM1328,mobile,9696899673,2025-05-04 00:00:00,CRM
CONT5929,CRM1929,email,sachin.patel81@crm.com,2025-12-14 00:00:00,CRM
CONT5398,CRM1398,work_email,seema.sharma2@crm.com,2024-05-20 00:00:00,CRM
CONT5195,CRM1195,email,vikas.guptha54@crm.com,2024-12-27 00:00:00,CRM
CONT5549,CRM1549,mobile,9503457793,2024-05-16 00:00:00,CRM
CONT5605,CRM1605,work_email,deepak.desai51@crm.com,2024-02-16 00:00:00,CRM
CONT5064,CRM1064,work_email,shalini.gupta92@crm.com,2026-01-20 00:00:00,CRM
CONT5319,CRM1319,phone,9755809082,2025-10-10 00:00:00,CRM
CONT5889,CRM1889,landline,karan.gupta63@crm.com,2025-04-16 00:00:00,CRM
CONT5591,CRM1591,work_email,jane.reddy63@crm.com,2025-04-01 00:00:00,CRM
CONT5390,CRM1390,mobile,9156913540,2024-11-23 00:00:00,CRM
CONT5321,CRM1321,mobile,9318461071,2025-03-12 00:00:00,CRM
CONT5732,CRM1732,work_email,meena.shah31@crm.com,2026-02-09 00:00:00,CRM
CONT5377,CRM1377,phone,9094970622,2024-01-07 00:00:00,CRM
CONT5906,CRM1906,work_email,sneha.malhotra92@crm.com,2025-03-24 00:00:00,CRM
CONT5678,CRM1678,email,anita.tiwari31@crm.com,2026-03-03 00:00:00,CRM
CONT5897,CRM1897,work_email,arvind.patil64@crm.com,2025-02-25 00:00:00,CRM
CONT5607,CRM1607,phone,9669811308,2024-09-28 00:00:00,CRM
CONT5349,CRM1349,work_email,suresh.patel92@crm.com,2025-07-02 00:00:00,CRM
CONT5885,CRM1885,phone,9170490067,2025-09-10 00:00:00,CRM
CONT5115,CRM1115,email,arjun.patil91@crm.com,2024-02-02 00:00:00,CRM
CONT5739,CRM1739,landline,ajay.joshi53@crm.com,2025-04-01 00:00:00,CRM
CONT5298,CRM1298,email,rekha.nair18@crm.com,2025-04-13 00:00:00,CRM
CONT5723,CRM1723,mobile,9365025573,2025-03-23 00:00:00,CRM
CONT5854,CRM1854,mobile,9076610062,2025-01-03 00:00:00,CRM
CONT5229,CRM1229,work_email,vikas.yadav15@crm.com,2025-12-13 00:00:00,CRM
CONT5239,CRM1239,mobile,9078296722,2024-03-13 00:00:00,CRM
CONT5448,CRM1448,phone,9851188873,2025-04-22 00:00:00,CRM
CONT5576,CRM1576,phone,9726824988,2024-04-06 00:00:00,CRM
CONT5658,CRM1658,phone,9387237904,2025-10-06 00:00:00,CRM
CONT5670,CRM1670,work_email,karan.patel90@crm.com,2025-02-17 00:00:00,CRM
CONT5391,CRM1391,work_email,deepak.srivastava46@crm.com,2024-06-16 00:00:00,CRM
CONT5843,CRM1843,work_email,ramesh.kaur58@crm.com,2024-08-28 00:00:00,CRM
CONT5802,CRM1802,email,divya.verma54@crm.com,2025-05-07 00:00:00,CRM
CONT5942,CRM1942,email,sunil.dubey44@crm.com,2024-09-05 00:00:00,CRM
CONT5067,CRM1067,work_email,divya.patel49@crm.com,2025-07-17 00:00:00,CRM
CONT5616,CRM1616,mobile,9747359140,2024-07-11 00:00:00,CRM
CONT5590,CRM1590,email,vinod.mehta86@crm.com,2024-04-08 00:00:00,CRM
CONT5230,CRM1230,email,rekha.verma60@crm.com,2025-11-07 00:00:00,CRM
CONT5341,CRM1341,work_email,anjali.joshi9@crm.com,2024-01-23 00:00:00,CRM
CONT5093,CRM1093,landline,meera.verma74@crm.com,2025-09-30 00:00:00,CRM
CONT5890,CRM1890,mobile,9791659872,2024-04-03 00:00:00,CRM
CONT5762,CRM1762,work_email,sanjay.menon96@crm.com,2024-01-21 00:00:00,CRM
CONT5548,CRM1548,work_email,rohit.kapoor48@crm.com,2025-08-19 00:00:00,CRM
CONT5140,CRM1140,phone,9661763552,2024-12-30 00:00:00,CRM
CONT5704,CRM1704,work_email,neha.iyer95@crm.com,2025-05-15 00:00:00,CRM
CONT5127,CRM1127,landline,vinay.rao99@crm.com,2025-11-05 00:00:00,CRM
CONT5687,CRM1687,work_email,karan.guptha14@crm.com,2024-12-01 00:00:00,CRM
CONT5747,CRM1747,work_email,neha.shah95@crm.com,2025-06-30 00:00:00,CRM
CONT5798,CRM1798,mobile,9487561211,2025-06-13 00:00:00,CRM
CONT5264,CRM1264,landline,rohit.desai9@crm.com,2024-04-18 00:00:00,CRM
CONT5226,CRM1226,landline,priya.shah85@crm.com,2024-08-10 00:00:00,CRM
CONT5288,CRM1288,email,manish.verma79@crm.com,2026-02-15 00:00:00,CRM
CONT5393,CRM1393,email,john.shah38@crm.com,2025-06-26 00:00:00,CRM
CONT5335,CRM1335,phone,9093747059,2024-03-23 00:00:00,CRM
CONT5165,CRM1165,email,sanjay.chopra50@crm.com,2025-09-22 00:00:00,CRM
CONT5030,CRM1030,landline,manish.joshi43@crm.com,2025-04-04 00:00:00,CRM
CONT5446,CRM1446,email,meera.mehta80@crm.com,2025-09-30 00:00:00,CRM
CONT5109,CRM1109,landline,shreya.pandey39@crm.com,2025-08-01 00:00:00,CRM
CONT5909,CRM1909,phone,9180875434,2024-03-20 00:00:00,CRM
CONT5676,CRM1676,landline,priya.reddy40@crm.com,2025-06-17 00:00:00,CRM
CONT5877,CRM1877,landline,sachin.malhotra23@crm.com,2024-02-02 00:00:00,CRM
CONT5820,CRM1820,mobile,9595595576,2024-04-27 00:00:00,CRM
CONT5250,CRM1250,mobile,9412492602,2025-11-07 00:00:00,CRM
CONT5247,CRM1247,email,ravi.malhotra52@crm.com,2024-02-26 00:00:00,CRM
CONT5554,CRM1554,landline,vinod.malhotra91@crm.com,2026-02-05 00:00:00,CRM
CONT5691,CRM1691,phone,9083829919,2025-01-13 00:00:00,CRM
CONT5494,CRM1494,mobile,9263696611,2026-03-27 00:00:00,CRM
CONT5119,CRM1119,work_email,vinay.singh12@crm.com,2025-03-30 00:00:00,CRM
CONT5457,CRM1457,phone,9511005607,2025-07-29 00:00:00,CRM
CONT5892,CRM1892,landline,arjun.nair23@crm.com,2025-03-01 00:00:00,CRM
CONT5479,CRM1479,landline,vikas.yadav61@crm.com,2025-03-13 00:00:00,CRM
CONT5562,CRM1562,email,prakash.dubey96@crm.com,2025-01-04 00:00:00,CRM
CONT5690,CRM1690,mobile,9456218652,2024-05-13 00:00:00,CRM
CONT5309,CRM1309,landline,sunil.srivastava20@crm.com,2025-08-10 00:00:00,CRM
CONT5090,CRM1090,mobile,9117362383,2025-08-08 00:00:00,CRM
CONT5510,CRM1510,landline,sunita.verma8@crm.com,2025-05-17 00:00:00,CRM
CONT5131,CRM1131,work_email,meena.verma21@crm.com,2024-10-07 00:00:00,CRM
CONT5033,CRM1033,work_email,karan.bajaj56@crm.com,2026-02-27 00:00:00,CRM
CONT5517,CRM1517,work_email,anita.dubey57@crm.com,2025-02-01 00:00:00,CRM
CONT5734,CRM1734,mobile,9289145285,2024-03-03 00:00:00,CRM
CONT5586,CRM1586,phone,9095765217,2024-01-22 00:00:00,CRM
CONT5814,CRM1814,phone,9352852019,2024-06-15 00:00:00,CRM
CONT5901,CRM1901,mobile,9685977815,2025-12-12 00:00:00,CRM
CONT5730,CRM1730,mobile,9343641906,2024-05-25 00:00:00,CRM
CONT5200,CRM1200,landline,neha.yadav4@crm.com,2024-10-20 00:00:00,CRM
CONT5759,CRM1759,mobile,9379025201,2025-01-20 00:00:00,CRM
CONT5845,CRM1845,email,vikas.desai33@crm.com,2025-07-17 00:00:00,CRM
CONT5245,CRM1245,work_email,arvind.chopra1@crm.com,2025-01-28 00:00:00,CRM
CONT5791,CRM1791,phone,9058829061,2024-11-04 00:00:00,CRM
CONT5832,CRM1832,landline,jane.gupta55@crm.com,2025-10-13 00:00:00,CRM
CONT5772,CRM1772,work_email,vikas.dubey67@crm.com,2026-01-16 00:00:00,CRM
CONT5488,CRM1488,mobile,9560782698,2024-07-24 00:00:00,CRM
CONT5439,CRM1439,landline,alok.singh76@crm.com,2024-10-06 00:00:00,CRM
CONT5013,CRM1013,work_email,vinay.verma8@crm.com,2024-10-17 00:00:00,CRM
CONT5084,CRM1084,phone,9804592121,2025-08-15 00:00:00,CRM
CONT5628,CRM1628,mobile,9453123931,2025-08-13 00:00:00,CRM
CONT5410,CRM1410,mobile,9831819535,2025-05-10 00:00:00,CRM
CONT5864,CRM1864,mobile,9336161542,2024-07-11 00:00:00,CRM
CONT5622,CRM1622,work_email,seema.kaur38@crm.com,2025-08-06 00:00:00,CRM
CONT5240,CRM1240,email,vikas.guptha58@crm.com,2024-01-20 00:00:00,CRM
CONT5455,CRM1455,phone,9523400737,2026-02-21 00:00:00,CRM
CONT5695,CRM1695,landline,suresh.mehta17@crm.com,2025-05-11 00:00:00,CRM
CONT5334,CRM1334,landline,neha.kapoor48@crm.com,2026-03-30 00:00:00,CRM
CONT5566,CRM1566,phone,9057146895,2024-07-12 00:00:00,CRM
CONT5047,CRM1047,work_email,sunita.kaur97@crm.com,2024-07-28 00:00:00,CRM
CONT5369,CRM1369,email,divya.shah51@crm.com,2024-05-31 00:00:00,CRM
CONT5649,CRM1649,phone,9903657871,2026-02-12 00:00:00,CRM
CONT5018,CRM1018,mobile,9970525233,2024-11-19 00:00:00,CRM
CONT5330,CRM1330,email,sunil.gupta35@crm.com,2025-05-30 00:00:00,CRM
CONT5654,CRM1654,mobile,9165673777,2025-10-24 00:00:00,CRM
CONT5019,CRM1019,landline,prakash.dubey69@crm.com,2024-03-31 00:00:00,CRM
CONT5193,CRM1193,email,shreya.srivastava69@crm.com,2026-03-08 00:00:00,CRM
CONT5677,CRM1677,work_email,ravi.singh3@crm.com,2024-01-29 00:00:00,CRM
CONT5424,CRM1424,email,sachin.desai49@crm.com,2025-03-10 00:00:00,CRM
CONT5528,CRM1528,phone,9214829236,2025-10-05 00:00:00,CRM
CONT5487,CRM1487,landline,anita.yadav99@crm.com,2025-03-20 00:00:00,CRM
CONT5920,CRM1920,email,divya.rao42@crm.com,2025-07-29 00:00:00,CRM
CONT5703,CRM1703,mobile,9960196773,2024-11-08 00:00:00,CRM
CONT5634,CRM1634,landline,divya.kaur88@crm.com,2024-12-13 00:00:00,CRM
CONT5463,CRM1463,mobile,9459720620,2024-12-19 00:00:00,CRM
CONT5922,CRM1922,work_email,manish.rao28@crm.com,2024-04-18 00:00:00,CRM
CONT5255,CRM1255,landline,rahul.kumar83@crm.com,2024-11-11 00:00:00,CRM
CONT5827,CRM1827,mobile,9363336272,2024-08-03 00:00:00,CRM
CONT5717,CRM1717,landline,rohit.chopra97@crm.com,2024-02-24 00:00:00,CRM
CONT5287,CRM1287,email,shreya.mishra37@crm.com,2024-08-02 00:00:00,CRM
CONT5544,CRM1544,work_email,prakash.nair56@crm.com,2024-07-30 00:00:00,CRM
CONT5126,CRM1126,mobile,9357867151,2025-04-23 00:00:00,CRM
CONT5233,CRM1233,mobile,9411027302,2025-02-01 00:00:00,CRM
CONT5027,CRM1027,work_email,amit.malhotra12@crm.com,2026-01-17 00:00:00,CRM
CONT5143,CRM1143,phone,9104435349,2025-04-11 00:00:00,CRM
CONT5743,CRM1743,mobile,9872569546,2025-04-20 00:00:00,CRM
CONT5412,CRM1412,mobile,9503673335,2024-05-01 00:00:00,CRM
CONT5895,CRM1895,mobile,9257370819,2024-06-10 00:00:00,CRM
CONT5468,CRM1468,phone,9706272779,2025-03-08 00:00:00,CRM
CONT5004,CRM1004,mobile,9992366368,2024-08-27 00:00:00,CRM
CONT5103,CRM1103,email,meena.malhotra44@crm.com,2025-02-09 00:00:00,CRM
CONT5339,CRM1339,phone,9732725044,2025-07-08 00:00:00,CRM
CONT5365,CRM1365,landline,pooja.tiwari29@crm.com,2026-03-11 00:00:00,CRM
CONT5059,CRM1059,work_email,karan.srivastava60@crm.com,2025-10-23 00:00:00,CRM
CONT5626,CRM1626,phone,9551211504,2025-08-28 00:00:00,CRM
CONT5388,CRM1388,phone,9745439994,2024-05-02 00:00:00,CRM
CONT5409,CRM1409,mobile,9456130975,2025-12-08 00:00:00,CRM
CONT5825,CRM1825,work_email,harish.desai3@crm.com,2024-06-29 00:00:00,CRM
CONT5370,CRM1370,phone,9400324401,2024-01-13 00:00:00,CRM
CONT5246,CRM1246,landline,lakshmi.rao69@crm.com,2025-01-02 00:00:00,CRM
CONT5323,CRM1323,mobile,9666208705,2024-12-09 00:00:00,CRM
CONT5352,CRM1352,work_email,meera.tiwari57@crm.com,2024-09-23 00:00:00,CRM
CONT5699,CRM1699,mobile,9396839906,2025-08-08 00:00:00,CRM
CONT5380,CRM1380,phone,9310808710,2025-07-21 00:00:00,CRM
CONT5345,CRM1345,landline,karan.pandey57@crm.com,2025-04-13 00:00:00,CRM
CONT5440,CRM1440,phone,9715838988,2025-09-09 00:00:00,CRM
CONT5619,CRM1619,phone,9159091651,2025-04-30 00:00:00,CRM
CONT5346,CRM1346,work_email,arjun.tiwari40@crm.com,2024-06-24 00:00:00,CRM
CONT5776,CRM1776,email,shreya.dubey56@crm.com,2025-02-20 00:00:00,CRM
CONT5485,CRM1485,work_email,karan.dubey74@crm.com,2025-05-26 00:00:00,CRM
CONT5498,CRM1498,landline,alok.malhotra23@crm.com,2025-10-21 00:00:00,CRM
CONT5828,CRM1828,work_email,arjun.kapoor48@crm.com,2025-01-16 00:00:00,CRM
CONT5780,CRM1780,mobile,9420755279,2024-07-18 00:00:00,CRM
CONT5533,CRM1533,work_email,ajay.verma88@crm.com,2025-08-30 00:00:00,CRM
CONT5618,CRM1618,landline,harish.banerjee25@crm.com,2024-03-29 00:00:00,CRM
CONT5385,CRM1385,work_email,prakash.bajaj4@crm.com,2024-05-02 00:00:00,CRM
CONT5826,CRM1826,mobile,9022541876,2025-11-24 00:00:00,CRM
CONT5811,CRM1811,mobile,9366738585,2024-07-12 00:00:00,CRM
CONT5535,CRM1535,work_email,sunita.sharma51@crm.com,2025-01-21 00:00:00,CRM
CONT5217,CRM1217,phone,9655503884,2025-10-29 00:00:00,CRM
CONT5888,CRM1888,phone,9649451237,2024-09-09 00:00:00,CRM
CONT5043,CRM1043,landline,lakshmi.mehta78@crm.com,2025-04-25 00:00:00,CRM
CONT5809,CRM1809,work_email,kavita.shah65@crm.com,2025-07-26 00:00:00,CRM
CONT5597,CRM1597,email,karan.kumar60@crm.com,2025-03-23 00:00:00,CRM
CONT5379,CRM1379,landline,sneha.kapoor97@crm.com,2024-05-20 00:00:00,CRM
CONT5008,CRM1008,phone,9505936741,2024-01-24 00:00:00,CRM
CONT5690,CRM1690,mobile,9456218652,2024-05-13 00:00:00,CRM
CONT5273,CRM1273,landline,sachin.yadav49@crm.com,2026-03-07 00:00:00,CRM
CONT5063,CRM1063,work_email,deepak.tiwari59@crm.com,2024-04-02 00:00:00,CRM
CONT5010,CRM1010,email,anita.reddy71@crm.com,2025-05-09 00:00:00,CRM
CONT5104,CRM1104,mobile,9893399121,2024-06-28 00:00:00,CRM
CONT5779,CRM1779,email,sunil.shah54@crm.com,2025-06-29 00:00:00,CRM
CONT5689,CRM1689,phone,9889528128,2025-02-25 00:00:00,CRM
CONT5497,CRM1497,mobile,9277451497,2026-03-19 00:00:00,CRM
CONT5812,CRM1812,phone,9643989866,2025-12-10 00:00:00,CRM
CONT5241,CRM1241,mobile,9040625696,2025-11-11 00:00:00,CRM
CONT5600,CRM1600,landline,manish.joshi7@crm.com,2025-07-18 00:00:00,CRM
CONT5031,CRM1031,work_email,anita.mehta84@crm.com,2024-05-21 00:00:00,CRM
CONT5351,CRM1351,work_email,kavita.desai15@crm.com,2024-02-12 00:00:00,CRM
CONT5066,CRM1066,landline,jane.kumar91@crm.com,2025-01-28 00:00:00,CRM
CONT5284,CRM1284,work_email,deepak.singh36@crm.com,2024-02-24 00:00:00,CRM
CONT5128,CRM1128,landline,arjun.menon98@crm.com,2024-11-15 00:00:00,CRM
CONT5387,CRM1387,phone,9607281088,2025-03-22 00:00:00,CRM
CONT5088,CRM1088,mobile,9745841941,2024-10-08 00:00:00,CRM
CONT5301,CRM1301,work_email,shreya.verma15@crm.com,2025-04-21 00:00:00,CRM
CONT5082,CRM1082,work_email,sachin.banerjee21@crm.com,2025-11-19 00:00:00,CRM
CONT5171,CRM1171,landline,rajiv.patil46@crm.com,2024-04-22 00:00:00,CRM
CONT5907,CRM1907,email,ajay.agarwal21@crm.com,2024-06-23 00:00:00,CRM
CONT5919,CRM1919,work_email,suresh.guptha6@crm.com,2025-03-01 00:00:00,CRM
CONT5640,CRM1640,email,sunita.agarwal31@crm.com,2024-08-02 00:00:00,CRM
CONT5642,CRM1642,work_email,john.malhotra23@crm.com,2025-05-30 00:00:00,CRM
CONT5452,CRM1452,email,rahul.kapoor49@crm.com,2025-03-29 00:00:00,CRM
CONT5419,CRM1419,mobile,9880024307,2025-08-15 00:00:00,CRM
CONT5266,CRM1266,work_email,arvind.yadav55@crm.com,2024-12-11 00:00:00,CRM
CONT5197,CRM1197,email,vinod.guptha94@crm.com,2026-03-14 00:00:00,CRM
CONT5778,CRM1778,mobile,9948975640,2026-01-08 00:00:00,CRM
CONT5829,CRM1829,landline,suresh.reddy56@crm.com,2025-12-29 00:00:00,CRM
CONT5188,CRM1188,mobile,9152565264,2026-01-17 00:00:00,CRM
CONT5768,CRM1768,phone,9183048386,2025-07-19 00:00:00,CRM
CONT5061,CRM1061,landline,seema.srivastava18@crm.com,2025-02-06 00:00:00,CRM
CONT5206,CRM1206,work_email,shalini.yadav63@crm.com,2024-07-04 00:00:00,CRM
CONT5874,CRM1874,phone,9068407281,2025-07-01 00:00:00,CRM
CONT5218,CRM1218,email,alok.gupta35@crm.com,2024-04-10 00:00:00,CRM
CONT5902,CRM1902,email,deepak.nair96@crm.com,2025-02-12 00:00:00,CRM
CONT5581,CRM1581,mobile,9704560130,2025-09-29 00:00:00,CRM
CONT5462,CRM1462,landline,john.yadav4@crm.com,2026-02-22 00:00:00,CRM
CONT5113,CRM1113,work_email,anita.pandey74@crm.com,2025-09-12 00:00:00,CRM
CONT5515,CRM1515,work_email,shreya.patil33@crm.com,2025-07-19 00:00:00,CRM
CONT5187,CRM1187,email,vikas.agarwal15@crm.com,2025-08-17 00:00:00,CRM
CONT5499,CRM1499,phone,9839917094,2024-01-21 00:00:00,CRM
CONT5203,CRM1203,email,alok.dubey2@crm.com,2026-01-29 00:00:00,CRM
CONT5138,CRM1138,phone,9057767179,2024-03-29 00:00:00,CRM
CONT5721,CRM1721,landline,ramesh.kaur57@crm.com,2024-03-27 00:00:00,CRM
CONT5191,CRM1191,mobile,9734518883,2025-10-10 00:00:00,CRM
CONT5384,CRM1384,email,lakshmi.rao54@crm.com,2024-07-02 00:00:00,CRM
CONT5181,CRM1181,phone,9669207967,2024-07-03 00:00:00,CRM
CONT5175,CRM1175,work_email,rekha.agarwal25@crm.com,2025-07-22 00:00:00,CRM
CONT5442,CRM1442,mobile,9269176186,2025-05-16 00:00:00,CRM
CONT5751,CRM1751,email,divya.yadav88@crm.com,2024-12-16 00:00:00,CRM
CONT5296,CRM1296,landline,arvind.agarwal63@crm.com,2024-02-25 00:00:00,CRM
CONT5671,CRM1671,work_email,sanjay.mishra70@crm.com,2025-10-01 00:00:00,CRM
CONT5427,CRM1427,email,ajay.agarwal91@crm.com,2024-10-22 00:00:00,CRM
CONT5538,CRM1538,work_email,pooja.verma7@crm.com,2025-02-14 00:00:00,CRM
CONT5428,CRM1428,mobile,9088313058,2024-12-01 00:00:00,CRM
CONT5357,CRM1357,email,kavita.kapoor20@crm.com,2024-01-05 00:00:00,CRM
CONT5793,CRM1793,mobile,9316664467,2025-01-25 00:00:00,CRM
CONT5072,CRM1072,landline,pooja.menon98@crm.com,2024-09-16 00:00:00,CRM
CONT5100,CRM1100,work_email,ramesh.menon89@crm.com,2024-10-15 00:00:00,CRM
CONT5002,CRM1002,mobile,9826438998,2024-11-08 00:00:00,CRM
CONT5504,CRM1504,mobile,9560447662,2025-11-11 00:00:00,CRM
CONT5836,CRM1836,work_email,alok.dubey66@crm.com,2025-08-21 00:00:00,CRM
CONT5173,CRM1173,email,seema.nair92@crm.com,2025-01-26 00:00:00,CRM
CONT5007,CRM1007,email,kavita.dubey2@crm.com,2024-12-17 00:00:00,CRM
CONT5916,CRM1916,work_email,harish.sharma26@crm.com,2024-04-03 00:00:00,CRM
CONT5716,CRM1716,landline,meena.mishra11@crm.com,2024-07-16 00:00:00,CRM
CONT5938,CRM1938,mobile,9255619239,2026-01-12 00:00:00,CRM
CONT5899,CRM1899,email,sachin.reddy53@crm.com,2025-04-06 00:00:00,CRM
CONT5215,CRM1215,email,manish.menon58@crm.com,2025-01-26 00:00:00,CRM
CONT5767,CRM1767,phone,9119127926,2024-10-11 00:00:00,CRM
CONT5276,CRM1276,email,seema.srivastava54@crm.com,2025-12-11 00:00:00,CRM
CONT5147,CRM1147,mobile,9510386386,2024-04-25 00:00:00,CRM
CONT5834,CRM1834,landline,seema.iyer38@crm.com,2026-03-19 00:00:00,CRM
CONT5353,CRM1353,work_email,jane.desai72@crm.com,2025-12-25 00:00:00,CRM
CONT5817,CRM1817,work_email,deepak.patel31@crm.com,2025-05-07 00:00:00,CRM
CONT5796,CRM1796,phone,9498440715,2026-03-25 00:00:00,CRM
CONT5587,CRM1587,phone,9836973744,2025-02-16 00:00:00,CRM
CONT5652,CRM1652,mobile,9935088982,2024-07-29 00:00:00,CRM
CONT5112,CRM1112,mobile,9364162131,2025-01-19 00:00:00,CRM
CONT5092,CRM1092,email,vinod.bajaj55@crm.com,2025-09-15 00:00:00,CRM
CONT5891,CRM1891,phone,9372354161,2025-12-18 00:00:00,CRM
CONT5746,CRM1746,work_email,rahul.sharma75@crm.com,2025-06-06 00:00:00,CRM
CONT5930,CRM1930,work_email,rahul.malhotra43@crm.com,2024-06-28 00:00:00,CRM
CONT5771,CRM1771,mobile,9136827900,2024-09-22 00:00:00,CRM
CONT5422,CRM1422,work_email,sachin.bajaj65@crm.com,2025-12-25 00:00:00,CRM
CONT5752,CRM1752,phone,9293145630,2024-09-08 00:00:00,CRM
CONT5316,CRM1316,phone,9921186855,2025-08-07 00:00:00,CRM
CONT5467,CRM1467,work_email,meena.gupta3@crm.com,2025-07-05 00:00:00,CRM
CONT5392,CRM1392,email,shreya.verma54@crm.com,2025-10-13 00:00:00,CRM
CONT5908,CRM1908,mobile,9190306358,2024-10-28 00:00:00,CRM
CONT5675,CRM1675,landline,ajay.reddy37@crm.com,2024-08-06 00:00:00,CRM
CONT5546,CRM1546,work_email,pooja.banerjee53@crm.com,2026-03-22 00:00:00,CRM
CONT5513,CRM1513,phone,9768446134,2025-01-11 00:00:00,CRM
CONT5310,CRM1310,mobile,9043012678,2025-04-26 00:00:00,CRM
CONT5709,CRM1709,phone,9716422822,2025-04-04 00:00:00,CRM
CONT5259,CRM1259,landline,karan.kapoor20@crm.com,2026-01-28 00:00:00,CRM
CONT5438,CRM1438,phone,9778678109,2025-05-26 00:00:00,CRM
CONT5850,CRM1850,email,prakash.gupta49@crm.com,2024-01-26 00:00:00,CRM
CONT5170,CRM1170,email,neha.shah71@crm.com,2024-02-24 00:00:00,CRM
CONT5434,CRM1434,phone,9561204449,2025-11-05 00:00:00,CRM
CONT5898,CRM1898,email,sneha.rao10@crm.com,2026-02-12 00:00:00,CRM
CONT5194,CRM1194,phone,9550467819,2025-04-25 00:00:00,CRM
CONT5932,CRM1932,landline,anjali.patel58@crm.com,2025-01-26 00:00:00,CRM
CONT5531,CRM1531,landline,ajay.dubey88@crm.com,2025-02-24 00:00:00,CRM
CONT5083,CRM1083,landline,neha.patel74@crm.com,2026-03-17 00:00:00,CRM
CONT5923,CRM1923,work_email,john.gupta2@crm.com,2025-02-15 00:00:00,CRM
CONT5601,CRM1601,mobile,9551274642,2024-04-20 00:00:00,CRM
CONT5699,CRM1699,mobile,9396839906,2025-08-08 00:00:00,CRM
CONT5408,CRM1408,work_email,kavita.patil40@crm.com,2024-05-08 00:00:00,CRM
CONT5394,CRM1394,work_email,arvind.reddy99@crm.com,2025-10-05 00:00:00,CRM
CONT5939,CRM1939,email,vinod.kapoor18@crm.com,2024-10-11 00:00:00,CRM
CONT5729,CRM1729,mobile,9765900715,2024-02-29 00:00:00,CRM
CONT5660,CRM1660,phone,9443894981,2025-02-23 00:00:00,CRM
CONT5095,CRM1095,phone,9528822629,2024-07-03 00:00:00,CRM
CONT5880,CRM1880,landline,sunil.joshi9@crm.com,2025-04-10 00:00:00,CRM
CONT5120,CRM1120,phone,9971688893,2025-05-27 00:00:00,CRM
CONT5013,CRM1013,work_email,vinay.verma8@crm.com,2024-10-17 00:00:00,CRM
CONT5166,CRM1166,work_email,vikas.kapoor27@crm.com,2025-11-28 00:00:00,CRM
CONT5862,CRM1862,work_email,sunil.guptha61@crm.com,2024-08-27 00:00:00,CRM
CONT5679,CRM1679,phone,9542534457,2024-04-23 00:00:00,CRM
CONT5593,CRM1593,phone,9870798567,2025-01-12 00:00:00,CRM
CONT5617,CRM1617,phone,9696453883,2024-05-28 00:00:00,CRM
CONT5254,CRM1254,landline,pooja.menon31@crm.com,2025-05-15 00:00:00,CRM
CONT5261,CRM1261,mobile,9505968226,2025-09-25 00:00:00,CRM
CONT5151,CRM1151,landline,sachin.gupta84@crm.com,2024-03-13 00:00:00,CRM
CONT5698,CRM1698,email,suresh.chopra16@crm.com,2025-09-08 00:00:00,CRM
CONT5467,CRM1467,work_email,meena.gupta3@crm.com,2025-07-05 00:00:00,CRM
CONT5620,CRM1620,mobile,9178354412,2024-06-05 00:00:00,CRM
CONT5268,CRM1268,email,anita.mehta28@crm.com,2026-02-21 00:00:00,CRM
CONT5152,CRM1152,phone,9430373413,2025-08-27 00:00:00,CRM
CONT5661,CRM1661,landline,deepak.dubey88@crm.com,2025-01-05 00:00:00,CRM
CONT5682,CRM1682,email,meena.kapoor74@crm.com,2026-01-24 00:00:00,CRM
CONT5715,CRM1715,email,vikas.mishra72@crm.com,2025-10-22 00:00:00,CRM
CONT5029,CRM1029,work_email,sunil.banerjee74@crm.com,2024-06-05 00:00:00,CRM
CONT5693,CRM1693,email,amit.dubey75@crm.com,2025-05-25 00:00:00,CRM
CONT5724,CRM1724,mobile,9923040452,2025-06-24 00:00:00,CRM
CONT5647,CRM1647,work_email,alok.srivastava89@crm.com,2025-06-11 00:00:00,CRM
CONT5371,CRM1371,email,neha.sharma40@crm.com,2025-04-01 00:00:00,CRM
CONT5833,CRM1833,mobile,9819353456,2025-09-22 00:00:00,CRM
CONT5944,CRM1944,work_email,harish.yadav78@crm.com,2025-01-25 00:00:00,CRM
CONT5036,CRM1036,work_email,rekha.gupta94@crm.com,2024-01-31 00:00:00,CRM
CONT5490,CRM1490,phone,9440513606,2024-11-22 00:00:00,CRM
CONT5249,CRM1249,email,deepak.singh83@crm.com,2024-07-26 00:00:00,CRM
CONT5253,CRM1253,work_email,sanjay.guptha18@crm.com,2024-02-06 00:00:00,CRM
CONT5754,CRM1754,work_email,ravi.menon83@crm.com,2024-01-03 00:00:00,CRM
CONT5435,CRM1435,work_email,priya.rao51@crm.com,2025-02-14 00:00:00,CRM
CONT5949,CRM1949,landline,ramesh.kaur11@crm.com,2025-03-12 00:00:00,CRM
CONT5876,CRM1876,email,vikas.kapoor12@crm.com,2024-06-24 00:00:00,CRM
CONT5667,CRM1667,phone,9431647235,2025-11-28 00:00:00,CRM
CONT5060,CRM1060,landline,sanjay.kumar15@crm.com,2024-07-03 00:00:00,CRM
CONT5714,CRM1714,work_email,priya.dubey91@crm.com,2024-01-26 00:00:00,CRM
CONT5378,CRM1378,email,sunita.mishra54@crm.com,2024-06-28 00:00:00,CRM
CONT5706,CRM1706,phone,9615317515,2024-11-13 00:00:00,CRM
CONT5651,CRM1651,landline,sachin.pandey6@crm.com,2025-06-03 00:00:00,CRM
CONT5501,CRM1501,mobile,9966984914,2025-02-20 00:00:00,CRM
CONT5727,CRM1727,mobile,9165600378,2024-11-10 00:00:00,CRM
CONT5522,CRM1522,phone,9994818810,2024-12-06 00:00:00,CRM
CONT5357,CRM1357,email,kavita.kapoor20@crm.com,2024-01-05 00:00:00,CRM
CONT5740,CRM1740,landline,priya.dubey27@crm.com,2026-03-12 00:00:00,CRM
CONT5770,CRM1770,work_email,vinod.tiwari9@crm.com,2025-08-25 00:00:00,CRM
CONT5936,CRM1936,mobile,9064341850,2024-05-20 00:00:00,CRM
CONT5790,CRM1790,email,vinay.nair89@crm.com,2024-03-07 00:00:00,CRM
CONT5262,CRM1262,work_email,vinay.kaur2@crm.com,2024-06-25 00:00:00,CRM
CONT5576,CRM1576,phone,9726824988,2024-04-06 00:00:00,CRM
CONT5447,CRM1447,mobile,9709829892,2026-02-08 00:00:00,CRM
CONT5782,CRM1782,phone,9079929734,2024-09-12 00:00:00,CRM
CONT5199,CRM1199,landline,seema.desai7@crm.com,2025-11-03 00:00:00,CRM
CONT5167,CRM1167,landline,meera.joshi87@crm.com,2024-11-07 00:00:00,CRM
CONT5580,CRM1580,email,lakshmi.kapoor77@crm.com,2025-11-04 00:00:00,CRM
CONT5426,CRM1426,phone,9118451078,2025-06-16 00:00:00,CRM
CONT5395,CRM1395,mobile,9642916320,2026-02-09 00:00:00,CRM
