account_id,account_name,industry,account_owner,account_code,tax_id,region_code,created_ts,source_system
EACC5781,Tiwari Technologies,Financial Services,Alok Malhotra,AC781,TAX781,West,2025-10-15 00:00:00,ERP
EACC5370,Malhotra Consulting,Financial Services,Vinay Singh,AC370,TAX370,West,2024-06-13 00:00:00,ERP
EACC5071,Joshi Consulting,Financial Services,Sachin Nair,AC071,TAX071,Central,2024-01-29 00:00:00,ERP
EACC5404,Iyer Foods,Technology,Seema Menon,AC404,TAX404,South,2024-01-31 00:00:00,ERP
EACC5292,Pandey Consulting,Healthcare,Meera Kaur,AC292,TAX292,East,2024-11-15 00:00:00,ERP
EACC5919,Shah Services,Manufacturing,Rohit Singh,AC919,TAX919,North,2026-02-15 00:00:00,ERP
EACC5744,Yadav Solutions,Technology,Vinod Patil,AC744,TAX744,South,2025-03-02 00:00:00,ERP
EACC5028,Dubey Enterprises,Manufacturing,Vikas Singh,AC028,TAX028,North,2025-04-27 00:00:00,ERP
EACC5104,Bajaj Services,Manufacturing,Rekha Kumar,AC104,TAX104,West,2024-08-30 00:00:00,ERP
EACC5691,Mishra Traders,Transportation,Sanjay Dubey,AC691,TAX691,West,2024-01-17 00:00:00,ERP
EACC5931,Nair Logistics,Retail,Rekha Nair,AC931,TAX931,Central,2024-03-08 00:00:00,ERP
EACC5350,Patil Industries,Technology,Manish Patel,AC350,TAX350,Central,2025-01-08 00:00:00,ERP
EACC5406,Malhotra Textiles,Retail,Alok Desai,AC406,TAX406,West,2024-03-20 00:00:00,ERP
EACC5552,Shah Enterprises,Technology,Harish Yadav,AC552,TAX552,North,2025-04-22 00:00:00,ERP
EACC5579,Nair Logistics,Technology,Neha Kaur,AC579,TAX579,East,2024-02-13 00:00:00,ERP
EACC5020,Tiwari Retail,Transportation,Rahul Desai,AC020,TAX020,West,2025-10-15 00:00:00,ERP
EACC5345,Dubey Finance,Technology,Shalini Malhotra,AC345,TAX345,South,2024-08-06 00:00:00,ERP
EACC5410,Iyer Healthcare,Technology,Neha Tiwari,AC410,TAX410,West,2025-04-14 00:00:00,ERP
EACC5178,Nair Consulting,Retail,Karan Kumar,AC178,TAX178,East,2024-03-11 00:00:00,ERP
EACC5609,Patel Enterprises,Healthcare,Rajiv Gupta,AC609,TAX609,South,2024-02-26 00:00:00,ERP
EACC5202,Shah Enterprises,Healthcare,Priya Patel,AC202,TAX202,East,2025-04-06 00:00:00,ERP
EACC5933,Mishra Retail,Manufacturing,Harish Dubey,AC933,TAX933,Central,2025-03-02 00:00:00,ERP
EACC5164,Reddy Enterprises,Manufacturing,Sachin Dubey,AC164,TAX164,North,2024-10-17 00:00:00,ERP
EACC5187,Agarwal Textiles,Retail,Vinay Banerjee,AC187,TAX187,Central,2025-10-03 00:00:00,ERP
EACC5930,Kaur Logistics,Transportation,Lakshmi Pandey,AC930,TAX930,North,2024-12-08 00:00:00,ERP
EACC5059,Kapoor Healthcare,Retail,Ajay Gupta,AC059,TAX059,Central,2025-06-03 00:00:00,ERP
EACC5546,Kumar Solutions,Technology,Harish Srivastava,AC546,TAX546,East,2024-11-05 00:00:00,ERP
EACC5469,Tiwari Consulting,Technology,Ajay Malhotra,AC469,TAX469,East,2024-11-08 00:00:00,ERP
EACC5706,Singh Traders,Technology,Deepak Shah,AC706,TAX706,West,2025-04-30 00:00:00,ERP
EACC5058,Desai Foods,Retail,Rahul Singh,AC058,TAX058,Central,2024-04-06 00:00:00,ERP
EACC5118,Reddy Retail,Manufacturing,Sunil Agarwal,AC118,TAX118,South,2024-07-18 00:00:00,ERP
EACC5218,Menon Logistics,Transportation,Seema Menon,AC218,TAX218,West,2025-09-11 00:00:00,ERP
EACC5450,Kapoor Consulting,Technology,Manish Rao,AC450,TAX450,North,2024-01-05 00:00:00,ERP
EACC5632,Singh Logistics,Manufacturing,Sneha Dubey,AC632,TAX632,West,2025-12-12 00:00:00,ERP
EACC5642,Desai Industries,Financial Services,Anita Mehta,AC642,TAX642,North,2025-11-28 00:00:00,ERP
EACC5396,Pandey Consulting,Financial Services,Anjali Kaur,AC396,TAX396,East,2024-05-30 00:00:00,ERP
EACC5934,Rao Finance,Transportation,Sunita Joshi,AC934,TAX934,East,2024-08-12 00:00:00,ERP
EACC5907,Bajaj Consulting,Healthcare,Pooja Kaur,AC907,TAX907,North,2025-01-16 00:00:00,ERP
EACC5330,Patil Foods,Manufacturing,John Malhotra,AC330,TAX330,Central,2024-09-21 00:00:00,ERP
EACC5526,Agarwal Solutions,Transportation,Anjali Nair,AC526,TAX526,South,2024-01-23 00:00:00,ERP
EACC5423,Menon Pharmaceuticals,Healthcare,Seema Sharma,AC423,TAX423,North,2025-06-01 00:00:00,ERP
EACC5924,Joshi Traders,Financial Services,Ajay Iyer,AC924,TAX924,West,2024-11-01 00:00:00,ERP
EACC5486,Nair Finance,Transportation,Vinay Gupta,AC486,TAX486,North,2025-12-02 00:00:00,ERP
EACC5347,Nair Foods,Healthcare,Vinay Yadav,AC347,TAX347,West,2025-07-18 00:00:00,ERP
EACC5096,Desai Traders,Technology,Manish Singh,AC096,TAX096,North,2025-09-15 00:00:00,ERP
EACC5816,Tiwari Industries,Retail,Arvind Sharma,AC816,TAX816,West,2025-09-08 00:00:00,ERP
EACC5935,Dubey Foods,Healthcare,Harish Nair,AC935,TAX935,East,2024-06-12 00:00:00,ERP
EACC5259,Tiwari Consulting,Healthcare,Priya Nair,AC259,TAX259,South,2024-08-28 00:00:00,ERP
EACC5319,Desai Industries,Technology,Sachin Shah,AC319,TAX319,East,2024-11-14 00:00:00,ERP
EACC5383,Mishra Textiles,Healthcare,Rajiv Kapoor,AC383,TAX383,South,2024-05-27 00:00:00,ERP
EACC5491,Dubey Healthcare,Transportation,Meena Iyer,AC491,TAX491,North,2024-01-13 00:00:00,ERP
EACC5504,Iyer Retail,Transportation,Ravi Yadav,AC504,TAX504,Central,2024-09-18 00:00:00,ERP
EACC5241,Banerjee Consulting,Financial Services,Lakshmi Chopra,AC241,TAX241,West,2024-05-09 00:00:00,ERP
EACC5813,Agarwal Logistics,Retail,Sanjay Banerjee,AC813,TAX813,South,2025-08-30 00:00:00,ERP
EACC5225,Banerjee Consulting,Manufacturing,Alok Guptha,AC225,TAX225,West,2024-04-23 00:00:00,ERP
EACC5010,Reddy Technologies,Healthcare,Shalini Patel,AC010,TAX010,Central,2024-12-13 00:00:00,ERP
EACC5777,Yadav Finance,Technology,Rohit Joshi,AC777,TAX777,South,2025-06-08 00:00:00,ERP
EACC5878,Verma Finance,Manufacturing,Amit Rao,AC878,TAX878,Central,2024-06-17 00:00:00,ERP
EACC5599,Reddy Enterprises,Technology,Pooja Patel,AC599,TAX599,Central,2024-03-27 00:00:00,ERP
EACC5717,Banerjee Foods,Technology,Rajiv Kumar,AC717,TAX717,South,2026-02-18 00:00:00,ERP
EACC5870,Chopra Healthcare,Transportation,Rekha Rao,AC870,TAX870,West,2025-04-08 00:00:00,ERP
EACC5427,Desai Traders,Manufacturing,Vinod Shah,AC427,TAX427,East,2026-03-06 00:00:00,ERP
EACC5844,Chopra Technologies,Technology,Rohit Kapoor,AC844,TAX844,South,2025-10-16 00:00:00,ERP
EACC5634,Sharma Textiles,Technology,Priya Verma,AC634,TAX634,East,2024-02-07 00:00:00,ERP
EACC5806,Joshi Textiles,Financial Services,Ravi Tiwari,AC806,TAX806,Central,2025-08-30 00:00:00,ERP
EACC5277,Kapoor Foods,Retail,Sunil Reddy,AC277,TAX277,North,2024-06-01 00:00:00,ERP
EACC5944,Banerjee Consulting,Manufacturing,Vikas Menon,AC944,TAX944,West,2026-01-18 00:00:00,ERP
EACC5684,Mishra Retail,Manufacturing,Sneha Menon,AC684,TAX684,Central,2025-09-01 00:00:00,ERP
EACC5438,Kaur Industries,Technology,Anita Mishra,AC438,TAX438,East,2026-02-09 00:00:00,ERP
EACC5530,Reddy Textiles,Retail,Divya Mishra,AC530,TAX530,South,2025-05-29 00:00:00,ERP
EACC5812,Tiwari Logistics,Healthcare,Deepak Kapoor,AC812,TAX812,East,2024-03-13 00:00:00,ERP
EACC5489,Gupta Healthcare,Transportation,Rajiv Tiwari,AC489,TAX489,South,2024-07-23 00:00:00,ERP
EACC5745,Iyer Traders,Technology,Manish Joshi,AC745,TAX745,South,2025-08-27 00:00:00,ERP
EACC5134,Shah Retail,Financial Services,Vinay Rao,AC134,TAX134,Central,2024-12-14 00:00:00,ERP
EACC5217,Tiwari Logistics,Technology,Ajay Kumar,AC217,TAX217,West,2025-07-10 00:00:00,ERP
EACC5242,Nair Technologies,Manufacturing,Ramesh Kapoor,AC242,TAX242,Central,2025-06-22 00:00:00,ERP
EACC5288,Kapoor Industries,Manufacturing,Karan Mehta,AC288,TAX288,North,2026-01-10 00:00:00,ERP
EACC5220,Tiwari Technologies,Manufacturing,Ravi Yadav,AC220,TAX220,West,2024-08-09 00:00:00,ERP
EACC5254,Shah Technologies,Manufacturing,Ramesh Menon,AC254,TAX254,Central,2025-06-15 00:00:00,ERP
EACC5339,Patel Consulting,Financial Services,Pooja Malhotra,AC339,TAX339,West,2024-09-14 00:00:00,ERP
EACC5922,Rao Consulting,Technology,Karan Nair,AC922,TAX922,South,2024-09-06 00:00:00,ERP
EACC5775,Gupta Services,Transportation,Sunil Pandey,AC775,TAX775,North,2026-01-17 00:00:00,ERP
EACC5066,Joshi Solutions,Healthcare,Vinod Kapoor,AC066,TAX066,West,2024-09-18 00:00:00,ERP
EACC5312,Pandey Industries,Manufacturing,Neha Mishra,AC312,TAX312,North,2025-11-17 00:00:00,ERP
EACC5358,Menon Logistics,Technology,Arvind Pandey,AC358,TAX358,North,2024-05-30 00:00:00,ERP
EACC5949,Menon Healthcare,Manufacturing,Deepak Kumar,AC949,TAX949,West,2024-08-01 00:00:00,ERP
EACC5767,Verma Pharmaceuticals,Transportation,Sachin Desai,AC767,TAX767,East,2024-01-06 00:00:00,ERP
EACC5261,Tiwari Enterprises,Transportation,Anita Singh,AC261,TAX261,Central,2024-02-15 00:00:00,ERP
EACC5079,Pandey Retail,Financial Services,Arjun Malhotra,AC079,TAX079,South,2025-09-25 00:00:00,ERP
EACC5848,Banerjee Healthcare,Technology,Anjali Kumar,AC848,TAX848,Central,2024-11-22 00:00:00,ERP
EACC5668,Sharma Pharmaceuticals,Financial Services,Anjali Mehta,AC668,TAX668,West,2024-01-07 00:00:00,ERP
EACC5479,Pandey Technologies,Financial Services,Ravi Pandey,AC479,TAX479,East,2025-03-16 00:00:00,ERP
EACC5286,Desai Healthcare,Manufacturing,Deepak Patel,AC286,TAX286,East,2025-03-12 00:00:00,ERP
EACC5619,Kaur Industries,Healthcare,Suresh Gupta,AC619,TAX619,South,2025-05-08 00:00:00,ERP
EACC5237,Rao Textiles,Manufacturing,Anita Sharma,AC237,TAX237,South,2024-04-18 00:00:00,ERP
EACC5188,Desai Traders,Financial Services,Rajiv Tiwari,AC188,TAX188,Central,2026-02-20 00:00:00,ERP
EACC5863,Tiwari Retail,Manufacturing,Sachin Nair,AC863,TAX863,East,2024-04-11 00:00:00,ERP
EACC5355,Chopra Services,Technology,Meena Patel,AC355,TAX355,Central,2024-05-20 00:00:00,ERP
EACC5284,Mishra Logistics,Retail,Rekha Yadav,AC284,TAX284,Central,2024-01-19 00:00:00,ERP
EACC5348,Kapoor Finance,Transportation,John Dubey,AC348,TAX348,West,2024-01-21 00:00:00,ERP
EACC5334,Agarwal Traders,Financial Services,Meena Menon,AC334,TAX334,Central,2025-11-23 00:00:00,ERP
EACC5153,Bajaj Services,Healthcare,Rohit Malhotra,AC153,TAX153,Central,2025-10-07 00:00:00,ERP
EACC5758,Guptha Foods,Financial Services,Arjun Kapoor,AC758,TAX758,Central,2024-10-04 00:00:00,ERP
EACC5104,Bajaj Services,Manufacturing,Rekha Kumar,AC104,TAX104,West,2024-08-30 00:00:00,ERP
EACC5683,Gupta Healthcare,Financial Services,Neha Bajaj,AC683,TAX683,North,2024-05-07 00:00:00,ERP
EACC5938,Singh Solutions,Financial Services,Sunita Mehta,AC938,TAX938,Central,2024-12-13 00:00:00,ERP
EACC5942,Kaur Logistics,Retail,Sneha Bajaj,AC942,TAX942,South,2025-11-06 00:00:00,ERP
EACC5845,Singh Solutions,Retail,Arjun Yadav,AC845,TAX845,East,2025-03-12 00:00:00,ERP
EACC5210,Sharma Industries,Transportation,Rekha Desai,AC210,TAX210,East,2026-03-23 00:00:00,ERP
EACC5763,Mehta Textiles,Manufacturing,Vikas Srivastava,AC763,TAX763,West,2025-02-14 00:00:00,ERP
EACC5321,Patil Textiles,Manufacturing,Anjali Rao,AC321,TAX321,East,2025-09-17 00:00:00,ERP
EACC5733,Menon Solutions,Healthcare,Prakash Verma,AC733,TAX733,West,2025-04-29 00:00:00,ERP
EACC5800,Guptha Solutions,Retail,Manish Menon,AC800,TAX800,Central,2025-01-20 00:00:00,ERP
EACC5470,Singh Solutions,Retail,Ramesh Dubey,AC470,TAX470,East,2024-03-23 00:00:00,ERP
EACC5453,Sharma Enterprises,Technology,Sachin Kumar,AC453,TAX453,East,2024-12-29 00:00:00,ERP
EACC5021,Kaur Services,Retail,Karan Agarwal,AC021,TAX021,Central,2024-12-01 00:00:00,ERP
EACC5243,Kapoor Finance,Manufacturing,Alok Joshi,AC243,TAX243,Central,2026-02-06 00:00:00,ERP
EACC5652,Patel Traders,Manufacturing,Lakshmi Shah,AC652,TAX652,North,2025-09-05 00:00:00,ERP
EACC5385,Chopra Textiles,Transportation,Ramesh Guptha,AC385,TAX385,West,2025-12-09 00:00:00,ERP
EACC5882,Mehta Textiles,Technology,Prakash Singh,AC882,TAX882,North,2025-08-04 00:00:00,ERP
EACC5324,Desai Technologies,Healthcare,Shreya Iyer,AC324,TAX324,South,2024-04-17 00:00:00,ERP
EACC5402,Joshi Finance,Financial Services,Jane Rao,AC402,TAX402,West,2025-08-13 00:00:00,ERP
EACC5531,Patel Consulting,Manufacturing,Ravi Malhotra,AC531,TAX531,West,2025-04-27 00:00:00,ERP
EACC5518,Kaur Textiles,Financial Services,Rahul Singh,AC518,TAX518,North,2025-01-11 00:00:00,ERP
EACC5474,Tiwari Consulting,Retail,Sunita Iyer,AC474,TAX474,South,2025-10-23 00:00:00,ERP
EACC5424,Joshi Services,Manufacturing,Anita Banerjee,AC424,TAX424,West,2026-02-05 00:00:00,ERP
EACC5013,Dubey Healthcare,Healthcare,Anita Dubey,AC013,TAX013,South,2024-03-06 00:00:00,ERP
EACC5366,Guptha Consulting,Manufacturing,Ravi Gupta,AC366,TAX366,South,2025-07-13 00:00:00,ERP
EACC5004,Patel Traders,Manufacturing,Kavita Yadav,AC004,TAX004,East,2025-08-09 00:00:00,ERP
EACC5405,Banerjee Foods,Financial Services,Rekha Guptha,AC405,TAX405,North,2024-04-07 00:00:00,ERP
EACC5179,Shah Industries,Financial Services,Sunita Kumar,AC179,TAX179,West,2024-11-27 00:00:00,ERP
EACC5753,Dubey Retail,Financial Services,Prakash Kumar,AC753,TAX753,Central,2024-05-24 00:00:00,ERP
EACC5473,Singh Finance,Transportation,Amit Desai,AC473,TAX473,South,2025-07-19 00:00:00,ERP
EACC5662,Kapoor Consulting,Manufacturing,Pooja Kumar,AC662,TAX662,East,2025-02-03 00:00:00,ERP
EACC5255,Yadav Finance,Healthcare,Rahul Kaur,AC255,TAX255,West,2025-04-09 00:00:00,ERP
EACC5052,Mishra Services,Retail,Sachin Dubey,AC052,TAX052,South,2026-02-27 00:00:00,ERP
EACC5409,Singh Technologies,Retail,Sanjay Srivastava,AC409,TAX409,North,2024-02-03 00:00:00,ERP
EACC5827,Tiwari Traders,Technology,Shreya Kapoor,AC827,TAX827,West,2026-03-09 00:00:00,ERP
EACC5666,Bajaj Technologies,Retail,Vikas Nair,AC666,TAX666,South,2024-01-14 00:00:00,ERP
EACC5167,Singh Textiles,Technology,Ramesh Nair,AC167,TAX167,West,2024-03-21 00:00:00,ERP
EACC5380,Desai Logistics,Retail,Suresh Tiwari,AC380,TAX380,West,2025-12-02 00:00:00,ERP
EACC5451,Desai Solutions,Healthcare,Vikas Tiwari,AC451,TAX451,Central,2024-10-02 00:00:00,ERP
EACC5151,Kumar Foods,Technology,Meena Singh,AC151,TAX151,Central,2025-05-18 00:00:00,ERP
EACC5770,Kumar Textiles,Transportation,Shreya Sharma,AC770,TAX770,East,2024-09-18 00:00:00,ERP
EACC5481,Kumar Technologies,Healthcare,Sunil Patel,AC481,TAX481,North,2025-08-11 00:00:00,ERP
EACC5442,Kumar Pharmaceuticals,Transportation,Amit Iyer,AC442,TAX442,East,2025-08-25 00:00:00,ERP
EACC5871,Patel Enterprises,Transportation,Deepak Rao,AC871,TAX871,West,2025-02-27 00:00:00,ERP
EACC5352,Mehta Textiles,Manufacturing,Arjun Pandey,AC352,TAX352,North,2025-05-06 00:00:00,ERP
EACC5737,Dubey Consulting,Transportation,John Mishra,AC737,TAX737,East,2025-02-25 00:00:00,ERP
EACC5037,Sharma Retail,Healthcare,Rajiv Bajaj,AC037,TAX037,South,2025-03-03 00:00:00,ERP
EACC5329,Guptha Industries,Healthcare,Vinay Singh,AC329,TAX329,West,2024-06-08 00:00:00,ERP
EACC5248,Mishra Traders,Technology,Vinod Guptha,AC248,TAX248,East,2024-08-23 00:00:00,ERP
EACC5501,Srivastava Traders,Retail,Rekha Shah,AC501,TAX501,Central,2024-08-12 00:00:00,ERP
EACC5560,Reddy Solutions,Manufacturing,Anita Shah,AC560,TAX560,West,2024-06-12 00:00:00,ERP
EACC5858,Yadav Textiles,Transportation,Arjun Joshi,AC858,TAX858,East,2025-02-02 00:00:00,ERP
EACC5462,Desai Foods,Financial Services,Harish Singh,AC462,TAX462,Central,2025-03-16 00:00:00,ERP
EACC5270,Verma Consulting,Healthcare,Pooja Mishra,AC270,TAX270,North,2024-03-11 00:00:00,ERP
EACC5877,Kumar Logistics,Technology,Sanjay Patel,AC877,TAX877,East,2024-10-09 00:00:00,ERP
EACC5087,Kapoor Foods,Manufacturing,Neha Banerjee,AC087,TAX087,Central,2026-02-18 00:00:00,ERP
EACC5675,Menon Traders,Retail,Harish Mishra,AC675,TAX675,South,2024-01-24 00:00:00,ERP
EACC5408,Iyer Consulting,Manufacturing,Anjali Bajaj,AC408,TAX408,West,2024-07-17 00:00:00,ERP
EACC5407,Chopra Technologies,Manufacturing,Shreya Banerjee,AC407,TAX407,West,2025-04-20 00:00:00,ERP
EACC5687,Malhotra Logistics,Technology,Vinod Yadav,AC687,TAX687,North,2025-05-20 00:00:00,ERP
EACC5661,Chopra Solutions,Healthcare,Shreya Dubey,AC661,TAX661,South,2025-10-17 00:00:00,ERP
EACC5513,Banerjee Technologies,Retail,Shalini Malhotra,AC513,TAX513,West,2025-10-25 00:00:00,ERP
EACC5885,Dubey Finance,Manufacturing,Sanjay Nair,AC885,TAX885,East,2025-09-14 00:00:00,ERP
EACC5776,Menon Healthcare,Transportation,Arvind Kapoor,AC776,TAX776,South,2024-02-16 00:00:00,ERP
EACC5829,Verma Enterprises,Financial Services,Sunil Kaur,AC829,TAX829,West,2025-11-08 00:00:00,ERP
EACC5624,Patel Enterprises,Financial Services,Ravi Pandey,AC624,TAX624,Central,2026-01-09 00:00:00,ERP
EACC5171,Joshi Pharmaceuticals,Healthcare,Jane Mishra,AC171,TAX171,South,2024-03-29 00:00:00,ERP
EACC5527,Patil Consulting,Manufacturing,Amit Agarwal,AC527,TAX527,Central,2024-05-18 00:00:00,ERP
EACC5252,Kumar Traders,Technology,Rajiv Desai,AC252,TAX252,West,2025-12-03 00:00:00,ERP
EACC5893,Tiwari Services,Technology,Lakshmi Joshi,AC893,TAX893,South,2025-01-01 00:00:00,ERP
EACC5918,Sharma Textiles,Technology,Rekha Shah,AC918,TAX918,North,2024-04-07 00:00:00,ERP
EACC5890,Chopra Healthcare,Financial Services,Anita Bajaj,AC890,TAX890,North,2024-11-03 00:00:00,ERP
EACC5852,Guptha Healthcare,Healthcare,Sneha Singh,AC852,TAX852,North,2024-05-19 00:00:00,ERP
EACC5685,Mishra Logistics,Financial Services,Rahul Sharma,AC685,TAX685,South,2024-10-17 00:00:00,ERP
EACC5443,Desai Industries,Manufacturing,Jane Verma,AC443,TAX443,West,2024-07-05 00:00:00,ERP
EACC5133,Tiwari Foods,Financial Services,Shreya Patel,AC133,TAX133,North,2025-12-07 00:00:00,ERP
EACC5842,Mishra Consulting,Transportation,Meena Gupta,AC842,TAX842,Central,2025-09-08 00:00:00,ERP
EACC5097,Kaur Healthcare,Healthcare,Rajiv Gupta,AC097,TAX097,East,2025-03-26 00:00:00,ERP
EACC5487,Pandey Technologies,Transportation,Sunita Pandey,AC487,TAX487,West,2024-05-12 00:00:00,ERP
EACC5668,Sharma Pharmaceuticals,Financial Services,Anjali Mehta,AC668,TAX668,West,2024-01-07 00:00:00,ERP
EACC5705,Nair Retail,Manufacturing,Sneha Kapoor,AC705,TAX705,East,2025-12-04 00:00:00,ERP
EACC5799,Banerjee Traders,Technology,Sachin Tiwari,AC799,TAX799,South,2024-06-21 00:00:00,ERP
EACC5092,Nair Pharmaceuticals,Retail,Vinod Shah,AC092,TAX092,East,2025-03-08 00:00:00,ERP
EACC5650,Dubey Technologies,Financial Services,Arjun Verma,AC650,TAX650,Central,2024-02-24 00:00:00,ERP
EACC5520,Shah Technologies,Technology,Vinod Tiwari,AC520,TAX520,West,2025-05-01 00:00:00,ERP
EACC5313,Singh Healthcare,Financial Services,Rohit Agarwal,AC313,TAX313,Central,2024-03-23 00:00:00,ERP
EACC5425,Singh Textiles,Manufacturing,Prakash Sharma,AC425,TAX425,South,2024-02-15 00:00:00,ERP
EACC5532,Banerjee Healthcare,Retail,Ramesh Tiwari,AC532,TAX532,South,2025-12-14 00:00:00,ERP
EACC5271,Gupta Consulting,Technology,Jane Iyer,AC271,TAX271,East,2025-02-26 00:00:00,ERP
EACC5931,Nair Logistics,Retail,Rekha Nair,AC931,TAX931,Central,2024-03-08 00:00:00,ERP
EACC5212,Rao Retail,Financial Services,Sunita Rao,AC212,TAX212,North,2024-02-06 00:00:00,ERP
EACC5908,Patil Enterprises,Technology,Shalini Desai,AC908,TAX908,North,2025-02-17 00:00:00,ERP
EACC5764,Rao Textiles,Retail,Ajay Menon,AC764,TAX764,East,2024-11-22 00:00:00,ERP
EACC5581,Chopra Services,Transportation,Priya Patil,AC581,TAX581,East,2026-03-08 00:00:00,ERP
EACC5133,Tiwari Foods,Financial Services,Shreya Patel,AC133,TAX133,North,2025-12-07 00:00:00,ERP
EACC5207,Patel Finance,Manufacturing,Lakshmi Patil,AC207,TAX207,South,2024-05-27 00:00:00,ERP
EACC5755,Gupta Solutions,Financial Services,Lakshmi Shah,AC755,TAX755,East,2024-03-10 00:00:00,ERP
EACC5857,Yadav Textiles,Manufacturing,Seema Banerjee,AC857,TAX857,West,2024-07-31 00:00:00,ERP
EACC5618,Yadav Finance,Transportation,Arjun Kaur,AC618,TAX618,East,2024-05-03 00:00:00,ERP
EACC5571,Verma Healthcare,Retail,Shalini Verma,AC571,TAX571,Central,2025-01-25 00:00:00,ERP
EACC5112,Joshi Foods,Manufacturing,Shreya Sharma,AC112,TAX112,East,2025-04-03 00:00:00,ERP
EACC5945,Joshi Foods,Transportation,Anita Mehta,AC945,TAX945,Central,2025-10-16 00:00:00,ERP
EACC5161,Tiwari Pharmaceuticals,Retail,Ajay Dubey,AC161,TAX161,South,2025-10-23 00:00:00,ERP
EACC5888,Bajaj Consulting,Retail,Ramesh Pandey,AC888,TAX888,East,2025-11-30 00:00:00,ERP
EACC5921,Kaur Solutions,Technology,Sachin Iyer,AC921,TAX921,East,2024-07-04 00:00:00,ERP
EACC5701,Mishra Retail,Healthcare,Priya Singh,AC701,TAX701,Central,2025-06-28 00:00:00,ERP
EACC5712,Singh Traders,Transportation,Meera Kaur,AC712,TAX712,West,2025-01-20 00:00:00,ERP
EACC5698,Tiwari Finance,Manufacturing,Arjun Kapoor,AC698,TAX698,West,2024-09-27 00:00:00,ERP
EACC5333,Gupta Healthcare,Retail,Ramesh Kapoor,AC333,TAX333,Central,2024-06-18 00:00:00,ERP
EACC5889,Chopra Textiles,Transportation,Shalini Srivastava,AC889,TAX889,South,2024-07-03 00:00:00,ERP
EACC5611,Banerjee Foods,Manufacturing,Prakash Banerjee,AC611,TAX611,Central,2024-09-24 00:00:00,ERP
EACC5516,Chopra Consulting,Transportation,Rahul Kumar,AC516,TAX516,East,2025-03-01 00:00:00,ERP
EACC5622,Shah Healthcare,Transportation,Prakash Sharma,AC622,TAX622,North,2026-02-14 00:00:00,ERP
EACC5667,Nair Industries,Healthcare,Ajay Guptha,AC667,TAX667,Central,2024-11-04 00:00:00,ERP
EACC5815,Kapoor Enterprises,Technology,Vinay Pandey,AC815,TAX815,West,2025-06-10 00:00:00,ERP
EACC5019,Joshi Finance,Technology,Shreya Nair,AC019,TAX019,North,2024-02-13 00:00:00,ERP
EACC5710,Yadav Solutions,Technology,Lakshmi Iyer,AC710,TAX710,South,2025-08-02 00:00:00,ERP
EACC5573,Menon Enterprises,Healthcare,Priya Desai,AC573,TAX573,East,2025-11-08 00:00:00,ERP
EACC5793,Shah Healthcare,Manufacturing,Arjun Mehta,AC793,TAX793,Central,2026-01-31 00:00:00,ERP
EACC5434,Reddy Services,Financial Services,Amit Tiwari,AC434,TAX434,Central,2024-10-18 00:00:00,ERP
EACC5936,Kapoor Consulting,Retail,Neha Srivastava,AC936,TAX936,West,2025-03-20 00:00:00,ERP
EACC5468,Guptha Retail,Retail,Rekha Menon,AC468,TAX468,West,2025-05-08 00:00:00,ERP
EACC5735,Bajaj Technologies,Transportation,Jane Tiwari,AC735,TAX735,South,2024-01-15 00:00:00,ERP
EACC5656,Gupta Traders,Transportation,Sneha Shah,AC656,TAX656,South,2024-07-09 00:00:00,ERP
EACC5853,Kumar Logistics,Financial Services,Vikas Pandey,AC853,TAX853,East,2025-12-23 00:00:00,ERP
EACC5500,Patel Foods,Technology,Prakash Patel,AC500,TAX500,South,2024-11-02 00:00:00,ERP
EACC5142,Reddy Enterprises,Manufacturing,Karan Mehta,AC142,TAX142,Central,2024-02-22 00:00:00,ERP
EACC5433,Joshi Logistics,Healthcare,Sunil Gupta,AC433,TAX433,North,2024-08-19 00:00:00,ERP
EACC5876,Patel Enterprises,Manufacturing,Prakash Sharma,AC876,TAX876,North,2025-04-30 00:00:00,ERP
EACC5372,Singh Enterprises,Retail,Neha Banerjee,AC372,TAX372,East,2025-03-08 00:00:00,ERP
EACC5262,Chopra Consulting,Healthcare,Rahul Menon,AC262,TAX262,East,2024-11-03 00:00:00,ERP
EACC5731,Mishra Finance,Manufacturing,Arjun Mehta,AC731,TAX731,North,2025-10-17 00:00:00,ERP
EACC5937,Kaur Logistics,Technology,Meera Malhotra,AC937,TAX937,Central,2025-08-17 00:00:00,ERP
EACC5628,Verma Pharmaceuticals,Transportation,Rajiv Singh,AC628,TAX628,North,2025-03-30 00:00:00,ERP
EACC5195,Chopra Pharmaceuticals,Transportation,Prakash Iyer,AC195,TAX195,East,2025-06-08 00:00:00,ERP
EACC5545,Patil Enterprises,Financial Services,Anjali Iyer,AC545,TAX545,Central,2025-12-04 00:00:00,ERP
EACC5596,Bajaj Consulting,Transportation,Rekha Sharma,AC596,TAX596,North,2024-11-04 00:00:00,ERP
EACC5588,Agarwal Services,Healthcare,Vikas Pandey,AC588,TAX588,South,2024-05-18 00:00:00,ERP
EACC5594,Iyer Logistics,Financial Services,Sneha Kaur,AC594,TAX594,West,2025-02-13 00:00:00,ERP
EACC5046,Srivastava Healthcare,Healthcare,Suresh Iyer,AC046,TAX046,Central,2024-06-05 00:00:00,ERP
EACC5696,Tiwari Technologies,Retail,Karan Kapoor,AC696,TAX696,South,2024-07-02 00:00:00,ERP
EACC5536,Dubey Retail,Transportation,Shalini Mishra,AC536,TAX536,North,2025-07-12 00:00:00,ERP
EACC5578,Mishra Consulting,Transportation,Rohit Nair,AC578,TAX578,North,2024-05-15 00:00:00,ERP
EACC5823,Kumar Retail,Financial Services,Ravi Guptha,AC823,TAX823,North,2024-06-07 00:00:00,ERP
EACC5183,Agarwal Textiles,Technology,Shalini Mehta,AC183,TAX183,West,2024-05-17 00:00:00,ERP
EACC5342,Srivastava Technologies,Technology,Sachin Srivastava,AC342,TAX342,East,2025-07-14 00:00:00,ERP
EACC5363,Gupta Technologies,Manufacturing,Priya Menon,AC363,TAX363,East,2025-05-25 00:00:00,ERP
EACC5788,Menon Logistics,Financial Services,Shalini Malhotra,AC788,TAX788,Central,2024-02-16 00:00:00,ERP
EACC5128,Agarwal Healthcare,Retail,Manish Malhotra,AC128,TAX128,East,2025-01-25 00:00:00,ERP
EACC5639,Agarwal Technologies,Manufacturing,Prakash Pandey,AC639,TAX639,East,2024-01-12 00:00:00,ERP
EACC5343,Guptha Enterprises,Financial Services,Rajiv Malhotra,AC343,TAX343,East,2026-03-14 00:00:00,ERP
EACC5750,Guptha Enterprises,Technology,Sanjay Banerjee,AC750,TAX750,South,2024-07-16 00:00:00,ERP
EACC5720,Yadav Solutions,Transportation,Vinod Menon,AC720,TAX720,East,2024-11-24 00:00:00,ERP
EACC5054,Bajaj Retail,Healthcare,Meena Kapoor,AC054,TAX054,North,2024-12-26 00:00:00,ERP
EACC5835,Gupta Solutions,Manufacturing,Meera Gupta,AC835,TAX835,East,2025-03-26 00:00:00,ERP
EACC5181,Sharma Industries,Manufacturing,Shalini Shah,AC181,TAX181,South,2025-11-16 00:00:00,ERP
EACC5362,Gupta Healthcare,Retail,Rohit Dubey,AC362,TAX362,Central,2024-04-02 00:00:00,ERP
EACC5659,Patel Pharmaceuticals,Healthcare,Meera Kaur,AC659,TAX659,North,2025-05-02 00:00:00,ERP
EACC5007,Kaur Textiles,Technology,Seema Nair,AC007,TAX007,West,2025-11-15 00:00:00,ERP
EACC5495,Malhotra Textiles,Financial Services,Deepak Agarwal,AC495,TAX495,East,2025-05-03 00:00:00,ERP
EACC5782,Patel Pharmaceuticals,Financial Services,Arvind Pandey,AC782,TAX782,West,2025-08-12 00:00:00,ERP
EACC5881,Shah Industries,Financial Services,Rahul Pandey,AC881,TAX881,West,2024-09-09 00:00:00,ERP
EACC5855,Nair Services,Healthcare,Arjun Kumar,AC855,TAX855,East,2024-03-11 00:00:00,ERP
EACC5149,Kumar Traders,Healthcare,Karan Rao,AC149,TAX149,South,2025-10-15 00:00:00,ERP
EACC5293,Shah Finance,Healthcare,Rahul Guptha,AC293,TAX293,South,2024-05-27 00:00:00,ERP
EACC5426,Malhotra Enterprises,Manufacturing,Anita Menon,AC426,TAX426,Central,2024-06-24 00:00:00,ERP
EACC5146,Menon Logistics,Financial Services,Priya Kapoor,AC146,TAX146,Central,2024-11-02 00:00:00,ERP
EACC5790,Mishra Services,Manufacturing,Alok Mehta,AC790,TAX790,South,2024-04-02 00:00:00,ERP
EACC5239,Yadav Textiles,Financial Services,Priya Desai,AC239,TAX239,West,2026-02-14 00:00:00,ERP
EACC5240,Patel Consulting,Financial Services,Neha Guptha,AC240,TAX240,West,2024-09-18 00:00:00,ERP
EACC5836,Mehta Solutions,Manufacturing,Vinay Sharma,AC836,TAX836,Central,2025-05-04 00:00:00,ERP
EACC5386,Patel Traders,Technology,Ajay Sharma,AC386,TAX386,Central,2025-03-17 00:00:00,ERP
EACC5507,Shah Finance,Healthcare,Sneha Tiwari,AC507,TAX507,West,2024-06-26 00:00:00,ERP
EACC5070,Nair Enterprises,Financial Services,Ravi Iyer,AC070,TAX070,Central,2025-06-30 00:00:00,ERP
EACC5112,Joshi Foods,Manufacturing,Shreya Sharma,AC112,TAX112,East,2025-04-03 00:00:00,ERP
EACC5177,Menon Logistics,Technology,Rahul Banerjee,AC177,TAX177,East,2024-06-30 00:00:00,ERP
EACC5635,Kumar Retail,Retail,Vinod Pandey,AC635,TAX635,Central,2024-01-02 00:00:00,ERP
EACC5524,Shah Healthcare,Healthcare,Ravi Srivastava,AC524,TAX524,South,2025-03-30 00:00:00,ERP
EACC5712,Singh Traders,Transportation,Meera Kaur,AC712,TAX712,West,2025-01-20 00:00:00,ERP
EACC5741,Chopra Enterprises,Retail,Vikas Pandey,AC741,TAX741,Central,2026-03-19 00:00:00,ERP
EACC5231,Verma Finance,Healthcare,Anjali Tiwari,AC231,TAX231,West,2026-03-27 00:00:00,ERP
EACC5616,Bajaj Retail,Transportation,Sunita Rao,AC616,TAX616,Central,2024-12-07 00:00:00,ERP
EACC5730,Patel Logistics,Technology,Vinay Gupta,AC730,TAX730,Central,2025-05-30 00:00:00,ERP
EACC5336,Singh Technologies,Healthcare,Deepak Patel,AC336,TAX336,South,2025-04-24 00:00:00,ERP
EACC5403,Shah Logistics,Technology,Sneha Kaur,AC403,TAX403,North,2025-03-11 00:00:00,ERP
EACC5264,Kaur Technologies,Manufacturing,Shalini Nair,AC264,TAX264,North,2025-09-03 00:00:00,ERP
EACC5925,Kapoor Textiles,Manufacturing,Arjun Patel,AC925,TAX925,South,2024-09-27 00:00:00,ERP
EACC5602,Patel Enterprises,Healthcare,Kavita Pandey,AC602,TAX602,North,2026-03-22 00:00:00,ERP
EACC5377,Joshi Healthcare,Financial Services,Prakash Gupta,AC377,TAX377,North,2026-03-05 00:00:00,ERP
EACC5589,Desai Foods,Financial Services,Shreya Verma,AC589,TAX589,West,2024-07-07 00:00:00,ERP
EACC5394,Agarwal Retail,Financial Services,Shreya Guptha,AC394,TAX394,West,2025-05-26 00:00:00,ERP
EACC5677,Sharma Foods,Transportation,Deepak Singh,AC677,TAX677,Central,2025-01-10 00:00:00,ERP
EACC5897,Kaur Pharmaceuticals,Transportation,Meera Joshi,AC897,TAX897,West,2025-03-11 00:00:00,ERP
EACC5796,Banerjee Enterprises,Retail,Divya Srivastava,AC796,TAX796,Central,2026-01-08 00:00:00,ERP
EACC5431,Sharma Industries,Manufacturing,Suresh Kaur,AC431,TAX431,South,2025-01-18 00:00:00,ERP
EACC5403,Shah Logistics,Technology,Sneha Kaur,AC403,TAX403,North,2025-03-11 00:00:00,ERP
EACC5175,Reddy Healthcare,Transportation,Ajay Pandey,AC175,TAX175,West,2024-07-05 00:00:00,ERP
EACC5298,Kumar Pharmaceuticals,Transportation,Sneha Banerjee,AC298,TAX298,Central,2024-06-22 00:00:00,ERP
EACC5323,Guptha Solutions,Financial Services,Sachin Patil,AC323,TAX323,West,2024-02-24 00:00:00,ERP
EACC5012,Dubey Technologies,Manufacturing,Anita Singh,AC012,TAX012,East,2025-08-10 00:00:00,ERP
EACC5482,Sharma Consulting,Technology,Sunil Kaur,AC482,TAX482,Central,2025-09-26 00:00:00,ERP
EACC5655,Gupta Retail,Retail,Sachin Rao,AC655,TAX655,Central,2024-12-12 00:00:00,ERP
EACC5401,Singh Finance,Technology,Suresh Shah,AC401,TAX401,Central,2025-07-10 00:00:00,ERP
EACC5910,Gupta Solutions,Healthcare,Manish Dubey,AC910,TAX910,East,2025-12-13 00:00:00,ERP
EACC5250,Desai Industries,Technology,Vinay Reddy,AC250,TAX250,Central,2025-06-24 00:00:00,ERP
EACC5251,Verma Textiles,Technology,Sunita Gupta,AC251,TAX251,South,2026-01-01 00:00:00,ERP
EACC5715,Gupta Solutions,Technology,Anita Dubey,AC715,TAX715,North,2024-05-19 00:00:00,ERP
EACC5669,Nair Retail,Transportation,Ramesh Bajaj,AC669,TAX669,North,2024-12-04 00:00:00,ERP
EACC5702,Guptha Finance,Healthcare,Amit Banerjee,AC702,TAX702,West,2025-08-17 00:00:00,ERP
EACC5640,Srivastava Services,Manufacturing,Seema Kaur,AC640,TAX640,East,2024-11-22 00:00:00,ERP
EACC5693,Kumar Logistics,Technology,Jane Menon,AC693,TAX693,North,2024-03-10 00:00:00,ERP
EACC5296,Guptha Enterprises,Healthcare,Jane Agarwal,AC296,TAX296,South,2026-01-19 00:00:00,ERP
EACC5055,Tiwari Services,Financial Services,Seema Banerjee,AC055,TAX055,South,2025-07-08 00:00:00,ERP
EACC5575,Tiwari Industries,Technology,Vinod Menon,AC575,TAX575,South,2025-04-14 00:00:00,ERP
EACC5692,Sharma Consulting,Manufacturing,Ajay Iyer,AC692,TAX692,East,2025-05-31 00:00:00,ERP
EACC5905,Kapoor Services,Manufacturing,Ravi Singh,AC905,TAX905,West,2025-10-19 00:00:00,ERP
EACC5860,Mishra Industries,Healthcare,Anita Joshi,AC860,TAX860,West,2024-10-01 00:00:00,ERP
EACC5384,Dubey Services,Healthcare,Lakshmi Kumar,AC384,TAX384,South,2024-12-12 00:00:00,ERP
EACC5771,Mehta Traders,Retail,Meera Rao,AC771,TAX771,East,2024-09-23 00:00:00,ERP
EACC5472,Singh Industries,Financial Services,John Menon,AC472,TAX472,South,2024-12-27 00:00:00,ERP
EACC5660,Sharma Enterprises,Retail,Lakshmi Verma,AC660,TAX660,East,2025-05-06 00:00:00,ERP
EACC5711,Verma Technologies,Technology,Amit Joshi,AC711,TAX711,Central,2024-05-16 00:00:00,ERP
EACC5452,Mehta Finance,Manufacturing,Meera Dubey,AC452,TAX452,South,2024-06-19 00:00:00,ERP
EACC5601,Shah Solutions,Healthcare,Neha Joshi,AC601,TAX601,West,2025-02-12 00:00:00,ERP
EACC5801,Verma Traders,Transportation,Rohit Singh,AC801,TAX801,West,2025-05-07 00:00:00,ERP
EACC5538,Pandey Technologies,Manufacturing,Ramesh Desai,AC538,TAX538,West,2026-02-20 00:00:00,ERP
EACC5361,Patil Consulting,Technology,Neha Nair,AC361,TAX361,South,2025-11-14 00:00:00,ERP
EACC5485,Reddy Traders,Transportation,Anjali Bajaj,AC485,TAX485,West,2025-11-05 00:00:00,ERP
EACC5898,Iyer Technologies,Healthcare,Sachin Reddy,AC898,TAX898,Central,2025-01-17 00:00:00,ERP
EACC5862,Srivastava Traders,Manufacturing,Rajiv Desai,AC862,TAX862,Central,2025-11-11 00:00:00,ERP
EACC5872,Menon Traders,Retail,Manish Kumar,AC872,TAX872,West,2024-09-03 00:00:00,ERP
EACC5465,Srivastava Retail,Retail,Alok Shah,AC465,TAX465,Central,2026-03-15 00:00:00,ERP
EACC5182,Menon Traders,Transportation,Sneha Chopra,AC182,TAX182,South,2024-01-09 00:00:00,ERP
EACC5553,Banerjee Pharmaceuticals,Financial Services,Anita Rao,AC553,TAX553,North,2025-01-30 00:00:00,ERP
EACC5515,Verma Healthcare,Transportation,Karan Verma,AC515,TAX515,North,2025-02-09 00:00:00,ERP
EACC5865,Tiwari Finance,Financial Services,Shreya Patil,AC865,TAX865,South,2025-12-11 00:00:00,ERP
EACC5175,Reddy Healthcare,Transportation,Ajay Pandey,AC175,TAX175,West,2024-07-05 00:00:00,ERP
EACC5769,Reddy Services,Technology,Sunita Yadav,AC769,TAX769,East,2025-11-30 00:00:00,ERP
EACC5132,Nair Solutions,Transportation,Shalini Srivastava,AC132,TAX132,East,2024-12-15 00:00:00,ERP
EACC5374,Kapoor Healthcare,Manufacturing,Sachin Menon,AC374,TAX374,Central,2025-04-19 00:00:00,ERP
EACC5196,Kaur Healthcare,Transportation,Sunil Guptha,AC196,TAX196,East,2026-02-18 00:00:00,ERP
EACC5208,Kapoor Technologies,Financial Services,Alok Chopra,AC208,TAX208,Central,2025-05-01 00:00:00,ERP
EACC5351,Gupta Technologies,Healthcare,Kavita Kumar,AC351,TAX351,North,2025-02-20 00:00:00,ERP
EACC5303,Dubey Services,Retail,Sanjay Reddy,AC303,TAX303,Central,2024-10-27 00:00:00,ERP
EACC5927,Yadav Foods,Retail,Shreya Guptha,AC927,TAX927,South,2025-03-23 00:00:00,ERP
EACC5783,Pandey Finance,Retail,Prakash Mehta,AC783,TAX783,South,2025-07-22 00:00:00,ERP
EACC5868,Mehta Textiles,Healthcare,Anjali Yadav,AC868,TAX868,East,2026-02-06 00:00:00,ERP
EACC5821,Kaur Foods,Transportation,Priya Mehta,AC821,TAX821,North,2024-07-03 00:00:00,ERP
EACC5278,Shah Retail,Retail,Amit Mehta,AC278,TAX278,Central,2024-03-12 00:00:00,ERP
EACC5676,Gupta Traders,Healthcare,Vinod Verma,AC676,TAX676,South,2026-02-24 00:00:00,ERP
EACC5839,Kumar Finance,Manufacturing,Ramesh Rao,AC839,TAX839,East,2025-05-09 00:00:00,ERP
EACC5045,Kumar Healthcare,Technology,Sachin Menon,AC045,TAX045,Central,2026-03-21 00:00:00,ERP
EACC5797,Menon Retail,Financial Services,Suresh Iyer,AC797,TAX797,South,2025-09-12 00:00:00,ERP
EACC5627,Dubey Pharmaceuticals,Retail,Arjun Verma,AC627,TAX627,Central,2025-09-15 00:00:00,ERP
EACC5068,Reddy Healthcare,Financial Services,Alok Kumar,AC068,TAX068,Central,2024-11-05 00:00:00,ERP
EACC5704,Gupta Enterprises,Financial Services,Pooja Srivastava,AC704,TAX704,West,2024-09-27 00:00:00,ERP
EACC5721,Pandey Finance,Healthcare,Priya Gupta,AC721,TAX721,East,2024-05-09 00:00:00,ERP
EACC5365,Rao Logistics,Transportation,Manish Dubey,AC365,TAX365,South,2025-07-19 00:00:00,ERP
EACC5709,Iyer Services,Technology,Harish Iyer,AC709,TAX709,Central,2025-12-16 00:00:00,ERP
EACC5602,Patel Enterprises,Healthcare,Kavita Pandey,AC602,TAX602,North,2026-03-22 00:00:00,ERP
EACC5521,Pandey Industries,Manufacturing,Suresh Tiwari,AC521,TAX521,Central,2024-11-11 00:00:00,ERP
EACC5081,Dubey Healthcare,Manufacturing,John Banerjee,AC081,TAX081,South,2025-04-02 00:00:00,ERP
EACC5718,Verma Finance,Technology,Rekha Reddy,AC718,TAX718,South,2024-10-31 00:00:00,ERP
EACC5939,Joshi Healthcare,Healthcare,Harish Mehta,AC939,TAX939,West,2025-05-20 00:00:00,ERP
EACC5182,Menon Traders,Transportation,Sneha Chopra,AC182,TAX182,South,2024-01-09 00:00:00,ERP
EACC5832,Dubey Retail,Healthcare,Rohit Banerjee,AC832,TAX832,South,2024-07-14 00:00:00,ERP
EACC5354,Yadav Traders,Retail,Shalini Srivastava,AC354,TAX354,South,2025-12-20 00:00:00,ERP
EACC5446,Nair Pharmaceuticals,Manufacturing,Ajay Desai,AC446,TAX446,South,2024-04-12 00:00:00,ERP
EACC5201,Bajaj Finance,Manufacturing,Suresh Shah,AC201,TAX201,South,2024-08-26 00:00:00,ERP
EACC5223,Reddy Pharmaceuticals,Manufacturing,Vinay Guptha,AC223,TAX223,West,2025-05-22 00:00:00,ERP
EACC5872,Menon Traders,Retail,Manish Kumar,AC872,TAX872,West,2024-09-03 00:00:00,ERP
EACC5529,Kumar Foods,Manufacturing,Alok Singh,AC529,TAX529,Central,2025-04-07 00:00:00,ERP
EACC5477,Patil Solutions,Transportation,Rajiv Patel,AC477,TAX477,West,2024-06-23 00:00:00,ERP
EACC5492,Joshi Enterprises,Manufacturing,Rohit Verma,AC492,TAX492,West,2024-11-02 00:00:00,ERP
EACC5551,Bajaj Retail,Healthcare,Sunil Chopra,AC551,TAX551,East,2025-11-05 00:00:00,ERP
EACC5116,Patil Consulting,Financial Services,Seema Joshi,AC116,TAX116,West,2024-07-23 00:00:00,ERP
EACC5734,Desai Textiles,Transportation,Jane Reddy,AC734,TAX734,West,2024-05-21 00:00:00,ERP
EACC5563,Menon Solutions,Manufacturing,Meera Singh,AC563,TAX563,West,2024-05-30 00:00:00,ERP
EACC5561,Reddy Traders,Financial Services,Amit Mehta,AC561,TAX561,West,2025-07-17 00:00:00,ERP
EACC5276,Kumar Enterprises,Financial Services,Anita Bajaj,AC276,TAX276,South,2024-05-21 00:00:00,ERP
EACC5695,Rao Logistics,Transportation,Prakash Yadav,AC695,TAX695,North,2024-12-21 00:00:00,ERP
EACC5165,Srivastava Traders,Retail,Meera Shah,AC165,TAX165,South,2026-01-01 00:00:00,ERP
EACC5738,Tiwari Pharmaceuticals,Retail,Arvind Joshi,AC738,TAX738,East,2025-09-01 00:00:00,ERP
EACC5459,Bajaj Retail,Manufacturing,Meera Patil,AC459,TAX459,Central,2024-07-03 00:00:00,ERP
EACC5455,Rao Finance,Technology,Seema Mishra,AC455,TAX455,North,2025-06-13 00:00:00,ERP
EACC5480,Kumar Pharmaceuticals,Retail,Pooja Desai,AC480,TAX480,North,2024-01-20 00:00:00,ERP
EACC5542,Patil Logistics,Technology,Kavita Banerjee,AC542,TAX542,South,2025-04-19 00:00:00,ERP
EACC5658,Malhotra Solutions,Technology,Deepak Yadav,AC658,TAX658,South,2024-01-19 00:00:00,ERP
EACC5804,Kumar Consulting,Financial Services,Priya Sharma,AC804,TAX804,North,2025-04-24 00:00:00,ERP
EACC5645,Patil Enterprises,Manufacturing,Alok Mishra,AC645,TAX645,West,2025-06-30 00:00:00,ERP
EACC5318,Dubey Consulting,Manufacturing,Amit Verma,AC318,TAX318,East,2024-04-10 00:00:00,ERP
EACC5496,Bajaj Consulting,Manufacturing,Sunita Srivastava,AC496,TAX496,West,2025-12-10 00:00:00,ERP
EACC5011,Iyer Enterprises,Manufacturing,Sachin Iyer,AC011,TAX011,South,2025-11-01 00:00:00,ERP
EACC5641,Chopra Finance,Manufacturing,Arjun Rao,AC641,TAX641,South,2025-09-10 00:00:00,ERP
EACC5110,Gupta Pharmaceuticals,Retail,Meena Reddy,AC110,TAX110,Central,2024-03-27 00:00:00,ERP
EACC5391,Iyer Foods,Transportation,Kavita Agarwal,AC391,TAX391,North,2024-12-01 00:00:00,ERP
EACC5818,Nair Services,Financial Services,Rahul Desai,AC818,TAX818,South,2025-06-01 00:00:00,ERP
EACC5716,Desai Technologies,Financial Services,Harish Malhotra,AC716,TAX716,North,2024-09-14 00:00:00,ERP
EACC5926,Banerjee Textiles,Technology,Seema Reddy,AC926,TAX926,East,2024-06-27 00:00:00,ERP
EACC5833,Patil Pharmaceuticals,Manufacturing,Ravi Sharma,AC833,TAX833,West,2025-03-28 00:00:00,ERP
EACC5759,Singh Solutions,Retail,Amit Menon,AC759,TAX759,Central,2025-03-14 00:00:00,ERP
EACC5742,Patel Enterprises,Financial Services,Arvind Verma,AC742,TAX742,West,2024-02-05 00:00:00,ERP
EACC5696,Tiwari Technologies,Retail,Karan Kapoor,AC696,TAX696,South,2024-07-02 00:00:00,ERP
EACC5591,Kumar Pharmaceuticals,Financial Services,Sunita Nair,AC591,TAX591,Central,2025-02-21 00:00:00,ERP
EACC5194,Tiwari Retail,Financial Services,Arjun Iyer,AC194,TAX194,North,2025-06-03 00:00:00,ERP
EACC5091,Joshi Finance,Retail,Alok Bajaj,AC091,TAX091,South,2025-09-07 00:00:00,ERP
EACC5457,Mehta Logistics,Healthcare,Deepak Patel,AC457,TAX457,East,2024-05-14 00:00:00,ERP
EACC5621,Agarwal Healthcare,Healthcare,Prakash Agarwal,AC621,TAX621,South,2024-03-16 00:00:00,ERP
EACC5643,Nair Textiles,Technology,Ramesh Tiwari,AC643,TAX643,North,2024-09-01 00:00:00,ERP
EACC5535,Mehta Traders,Manufacturing,Arjun Tiwari,AC535,TAX535,West,2024-03-01 00:00:00,ERP
EACC5300,Kapoor Technologies,Financial Services,Rekha Nair,AC300,TAX300,West,2025-03-04 00:00:00,ERP
EACC5590,Tiwari Foods,Technology,Suresh Banerjee,AC590,TAX590,North,2025-01-28 00:00:00,ERP
EACC5928,Malhotra Pharmaceuticals,Healthcare,Deepak Mishra,AC928,TAX928,South,2024-10-10 00:00:00,ERP
EACC5162,Rao Healthcare,Healthcare,Meera Sharma,AC162,TAX162,West,2024-02-13 00:00:00,ERP
EACC5779,Patel Enterprises,Financial Services,Shreya Chopra,AC779,TAX779,South,2024-02-01 00:00:00,ERP
EACC5274,Mehta Enterprises,Manufacturing,Manish Kapoor,AC274,TAX274,North,2024-02-29 00:00:00,ERP
EACC5168,Sharma Retail,Healthcare,Ramesh Patil,AC168,TAX168,Central,2025-02-14 00:00:00,ERP
EACC5056,Malhotra Pharmaceuticals,Technology,Arjun Sharma,AC056,TAX056,North,2026-01-03 00:00:00,ERP
EACC5574,Desai Solutions,Retail,Kavita Joshi,AC574,TAX574,South,2025-02-21 00:00:00,ERP
EACC5608,Yadav Solutions,Healthcare,Suresh Guptha,AC608,TAX608,South,2024-10-30 00:00:00,ERP
EACC5127,Rao Retail,Financial Services,Divya Shah,AC127,TAX127,North,2024-12-30 00:00:00,ERP
EACC5176,Dubey Traders,Financial Services,Deepak Menon,AC176,TAX176,Central,2025-03-07 00:00:00,ERP
EACC5511,Gupta Consulting,Financial Services,Alok Kaur,AC511,TAX511,Central,2024-01-17 00:00:00,ERP
EACC5587,Kumar Traders,Retail,Neha Tiwari,AC587,TAX587,Central,2024-11-13 00:00:00,ERP
EACC5057,Nair Textiles,Retail,Kavita Patil,AC057,TAX057,West,2025-06-30 00:00:00,ERP
EACC5158,Pandey Solutions,Retail,Rajiv Singh,AC158,TAX158,South,2024-05-09 00:00:00,ERP
EACC5065,Menon Retail,Manufacturing,Amit Agarwal,AC065,TAX065,Central,2026-03-11 00:00:00,ERP
EACC5364,Singh Traders,Transportation,Sunita Verma,AC364,TAX364,Central,2025-08-22 00:00:00,ERP
EACC5545,Patil Enterprises,Financial Services,Anjali Iyer,AC545,TAX545,Central,2025-12-04 00:00:00,ERP
EACC5884,Tiwari Consulting,Technology,Ravi Sharma,AC884,TAX884,South,2025-05-12 00:00:00,ERP
EACC5141,Mishra Enterprises,Financial Services,Prakash Gupta,AC141,TAX141,East,2026-02-11 00:00:00,ERP
EACC5831,Banerjee Pharmaceuticals,Retail,Meera Shah,AC831,TAX831,West,2025-06-07 00:00:00,ERP
EACC5393,Mishra Enterprises,Retail,Pooja Malhotra,AC393,TAX393,West,2025-04-06 00:00:00,ERP
EACC5743,Patel Logistics,Retail,Seema Guptha,AC743,TAX743,North,2024-10-15 00:00:00,ERP
EACC5914,Tiwari Foods,Technology,Meera Guptha,AC914,TAX914,North,2024-04-07 00:00:00,ERP
EACC5646,Mehta Textiles,Retail,Anita Menon,AC646,TAX646,South,2025-09-14 00:00:00,ERP
EACC5809,Menon Traders,Technology,Divya Tiwari,AC809,TAX809,South,2025-04-27 00:00:00,ERP
EACC5090,Sharma Enterprises,Manufacturing,Ramesh Banerjee,AC090,TAX090,North,2024-08-24 00:00:00,ERP
EACC5129,Guptha Pharmaceuticals,Transportation,Prakash Kumar,AC129,TAX129,West,2024-06-15 00:00:00,ERP
EACC5929,Mishra Solutions,Retail,Vikas Chopra,AC929,TAX929,South,2025-09-28 00:00:00,ERP
EACC5381,Mehta Pharmaceuticals,Technology,Karan Nair,AC381,TAX381,Central,2025-06-12 00:00:00,ERP
EACC5841,Shah Healthcare,Transportation,Meera Dubey,AC841,TAX841,Central,2025-03-30 00:00:00,ERP
EACC5732,Patil Finance,Healthcare,Lakshmi Yadav,AC732,TAX732,North,2024-05-15 00:00:00,ERP
EACC5751,Patil Finance,Transportation,Seema Reddy,AC751,TAX751,East,2024-06-25 00:00:00,ERP
EACC5942,Kaur Logistics,Retail,Sneha Bajaj,AC942,TAX942,South,2025-11-06 00:00:00,ERP
EACC5273,Joshi Foods,Healthcare,Vinod Verma,AC273,TAX273,East,2025-02-18 00:00:00,ERP
EACC5826,Patil Consulting,Financial Services,Amit Nair,AC826,TAX826,North,2024-05-01 00:00:00,ERP
EACC5416,Patil Foods,Technology,Meera Rao,AC416,TAX416,Central,2024-08-18 00:00:00,ERP
EACC5449,Nair Industries,Technology,Amit Verma,AC449,TAX449,North,2025-09-27 00:00:00,ERP
EACC5917,Dubey Foods,Technology,Meera Kaur,AC917,TAX917,South,2025-11-11 00:00:00,ERP
EACC5638,Patel Solutions,Manufacturing,Jane Kaur,AC638,TAX638,West,2024-02-18 00:00:00,ERP
EACC5093,Bajaj Textiles,Retail,Sneha Srivastava,AC093,TAX093,South,2024-11-04 00:00:00,ERP
EACC5676,Gupta Traders,Healthcare,Vinod Verma,AC676,TAX676,South,2026-02-24 00:00:00,ERP
EACC5778,Desai Technologies,Healthcare,Sunita Shah,AC778,TAX778,East,2026-01-18 00:00:00,ERP
EACC5429,Tiwari Technologies,Financial Services,Shalini Chopra,AC429,TAX429,South,2024-06-26 00:00:00,ERP
EACC5397,Iyer Services,Transportation,Rekha Agarwal,AC397,TAX397,South,2025-04-11 00:00:00,ERP
EACC5931,Nair Logistics,Retail,Rekha Nair,AC931,TAX931,Central,2024-03-08 00:00:00,ERP
EACC5899,Shah Industries,Healthcare,Divya Shah,AC899,TAX899,Central,2025-05-06 00:00:00,ERP
EACC5138,Verma Enterprises,Financial Services,Neha Nair,AC138,TAX138,Central,2024-10-31 00:00:00,ERP
EACC5633,Desai Services,Financial Services,Harish Malhotra,AC633,TAX633,Central,2024-12-21 00:00:00,ERP
EACC5204,Patil Pharmaceuticals,Healthcare,Shreya Patil,AC204,TAX204,Central,2025-12-22 00:00:00,ERP
EACC5435,Iyer Consulting,Technology,Ramesh Patel,AC435,TAX435,South,2024-06-15 00:00:00,ERP
EACC5528,Desai Textiles,Transportation,Rekha Guptha,AC528,TAX528,West,2025-08-11 00:00:00,ERP
EACC5328,Rao Foods,Transportation,Prakash Guptha,AC328,TAX328,Central,2025-02-28 00:00:00,ERP
EACC5083,Nair Consulting,Healthcare,John Guptha,AC083,TAX083,West,2024-04-14 00:00:00,ERP
EACC5315,Gupta Solutions,Financial Services,Arjun Kaur,AC315,TAX315,East,2025-05-27 00:00:00,ERP
EACC5316,Desai Enterprises,Manufacturing,Divya Yadav,AC316,TAX316,Central,2025-06-13 00:00:00,ERP
EACC5651,Shah Retail,Healthcare,Manish Agarwal,AC651,TAX651,Central,2025-07-25 00:00:00,ERP
EACC5668,Sharma Pharmaceuticals,Financial Services,Anjali Mehta,AC668,TAX668,West,2024-01-07 00:00:00,ERP
EACC5744,Yadav Solutions,Technology,Vinod Patil,AC744,TAX744,South,2025-03-02 00:00:00,ERP
EACC5541,Chopra Traders,Transportation,Vikas Pandey,AC541,TAX541,North,2025-07-29 00:00:00,ERP
EACC5637,Verma Enterprises,Financial Services,Sanjay Verma,AC637,TAX637,West,2025-11-16 00:00:00,ERP
EACC5263,Kumar Services,Financial Services,Anita Pandey,AC263,TAX263,West,2025-05-06 00:00:00,ERP
EACC5916,Dubey Traders,Retail,Ajay Mehta,AC916,TAX916,North,2024-02-02 00:00:00,ERP
EACC5326,Kumar Consulting,Retail,Shreya Kumar,AC326,TAX326,North,2024-01-14 00:00:00,ERP
EACC5113,Verma Pharmaceuticals,Technology,Deepak Joshi,AC113,TAX113,East,2025-10-15 00:00:00,ERP
EACC5184,Rao Finance,Healthcare,Divya Dubey,AC184,TAX184,East,2025-11-23 00:00:00,ERP
EACC5072,Gupta Technologies,Financial Services,Shalini Joshi,AC072,TAX072,South,2025-11-09 00:00:00,ERP
EACC5859,Rao Logistics,Healthcare,Rekha Guptha,AC859,TAX859,Central,2024-12-31 00:00:00,ERP
EACC5729,Chopra Logistics,Manufacturing,Rajiv Iyer,AC729,TAX729,South,2025-01-22 00:00:00,ERP
EACC5461,Mishra Textiles,Financial Services,Manish Agarwal,AC461,TAX461,South,2024-08-01 00:00:00,ERP
EACC5301,Sharma Enterprises,Transportation,Rahul Bajaj,AC301,TAX301,South,2024-05-13 00:00:00,ERP
EACC5154,Rao Pharmaceuticals,Transportation,Suresh Pandey,AC154,TAX154,Central,2024-02-18 00:00:00,ERP
EACC5036,Srivastava Retail,Technology,Alok Kaur,AC036,TAX036,Central,2025-12-27 00:00:00,ERP
EACC5287,Shah Industries,Technology,Sunita Menon,AC287,TAX287,Central,2024-09-05 00:00:00,ERP
EACC5533,Patel Services,Financial Services,Divya Patil,AC533,TAX533,West,2025-02-13 00:00:00,ERP
EACC5867,Nair Finance,Healthcare,Ajay Chopra,AC867,TAX867,South,2024-07-25 00:00:00,ERP
EACC5115,Pandey Consulting,Transportation,Neha Rao,AC115,TAX115,North,2024-12-30 00:00:00,ERP
EACC5475,Dubey Traders,Technology,Rajiv Kumar,AC475,TAX475,South,2024-10-07 00:00:00,ERP
EACC5048,Guptha Foods,Healthcare,Rekha Kapoor,AC048,TAX048,North,2025-06-25 00:00:00,ERP
EACC5213,Nair Retail,Transportation,Pooja Joshi,AC213,TAX213,North,2025-12-05 00:00:00,ERP
EACC5586,Kapoor Foods,Financial Services,Amit Yadav,AC586,TAX586,Central,2025-02-21 00:00:00,ERP
EACC5794,Kapoor Pharmaceuticals,Retail,Sanjay Malhotra,AC794,TAX794,Central,2025-03-23 00:00:00,ERP
EACC5163,Patil Retail,Retail,Vikas Shah,AC163,TAX163,Central,2026-03-27 00:00:00,ERP
EACC5205,Tiwari Healthcare,Technology,Alok Rao,AC205,TAX205,East,2025-01-15 00:00:00,ERP
EACC5043,Rao Solutions,Financial Services,Ravi Mishra,AC043,TAX043,West,2024-06-30 00:00:00,ERP
EACC5023,Banerjee Enterprises,Technology,Meena Patel,AC023,TAX023,South,2024-10-30 00:00:00,ERP
EACC5458,Reddy Retail,Technology,Kavita Kumar,AC458,TAX458,East,2025-10-05 00:00:00,ERP
EACC5540,Desai Consulting,Financial Services,Seema Tiwari,AC540,TAX540,Central,2024-03-23 00:00:00,ERP
EACC5191,Dubey Pharmaceuticals,Manufacturing,Deepak Mehta,AC191,TAX191,West,2024-09-29 00:00:00,ERP
EACC5811,Mishra Pharmaceuticals,Manufacturing,Anita Mishra,AC811,TAX811,Central,2024-10-14 00:00:00,ERP
EACC5822,Mishra Consulting,Healthcare,Meena Bajaj,AC822,TAX822,Central,2024-01-29 00:00:00,ERP
EACC5529,Kumar Foods,Manufacturing,Alok Singh,AC529,TAX529,Central,2025-04-07 00:00:00,ERP
EACC5120,Pandey Solutions,Financial Services,Pooja Kaur,AC120,TAX120,Central,2024-07-05 00:00:00,ERP
EACC5124,Desai Logistics,Healthcare,Sneha Banerjee,AC124,TAX124,North,2024-11-16 00:00:00,ERP
EACC5236,Sharma Services,Healthcare,Ajay Verma,AC236,TAX236,East,2025-08-21 00:00:00,ERP
EACC5216,Patel Logistics,Technology,Vinay Shah,AC216,TAX216,West,2025-02-28 00:00:00,ERP
EACC5170,Gupta Retail,Retail,Rajiv Mishra,AC170,TAX170,West,2024-04-02 00:00:00,ERP
EACC5757,Guptha Finance,Financial Services,Pooja Patil,AC757,TAX757,East,2025-02-14 00:00:00,ERP
EACC5772,Reddy Foods,Financial Services,Arvind Singh,AC772,TAX772,West,2024-10-30 00:00:00,ERP
EACC5756,Shah Textiles,Healthcare,Rahul Reddy,AC756,TAX756,North,2026-01-18 00:00:00,ERP
EACC5387,Agarwal Foods,Manufacturing,Divya Pandey,AC387,TAX387,West,2025-11-18 00:00:00,ERP
EACC5016,Mehta Services,Transportation,Jane Chopra,AC016,TAX016,Central,2025-03-03 00:00:00,ERP
EACC5440,Patel Textiles,Retail,Ravi Singh,AC440,TAX440,Central,2025-09-07 00:00:00,ERP
EACC5157,Reddy Retail,Manufacturing,Meera Guptha,AC157,TAX157,West,2026-02-05 00:00:00,ERP
EACC5726,Kapoor Pharmaceuticals,Technology,Prakash Kapoor,AC726,TAX726,South,2024-03-18 00:00:00,ERP
EACC5306,Reddy Finance,Financial Services,Sachin Yadav,AC306,TAX306,Central,2025-05-09 00:00:00,ERP
EACC5051,Tiwari Traders,Manufacturing,Jane Pandey,AC051,TAX051,Central,2025-06-19 00:00:00,ERP
EACC5441,Shah Industries,Technology,Rohit Mehta,AC441,TAX441,South,2025-05-23 00:00:00,ERP
EACC5789,Banerjee Technologies,Technology,Ajay Malhotra,AC789,TAX789,Central,2024-09-13 00:00:00,ERP
EACC5001,Bajaj Pharmaceuticals,Transportation,Rekha Kapoor,AC001,TAX001,East,2026-03-24 00:00:00,ERP
EACC5192,Mishra Textiles,Financial Services,Pooja Menon,AC192,TAX192,Central,2024-05-02 00:00:00,ERP
EACC5625,Iyer Retail,Transportation,Arvind Tiwari,AC625,TAX625,South,2024-08-03 00:00:00,ERP
EACC5022,Nair Finance,Transportation,Rahul Mishra,AC022,TAX022,East,2026-03-04 00:00:00,ERP
EACC5314,Kapoor Healthcare,Manufacturing,Karan Mehta,AC314,TAX314,West,2024-08-27 00:00:00,ERP
EACC5632,Singh Logistics,Manufacturing,Sneha Dubey,AC632,TAX632,West,2025-12-12 00:00:00,ERP
EACC5505,Singh Technologies,Technology,Sanjay Tiwari,AC505,TAX505,East,2024-10-27 00:00:00,ERP
EACC5548,Banerjee Pharmaceuticals,Manufacturing,Vikas Patel,AC548,TAX548,West,2025-09-05 00:00:00,ERP
EACC5379,Kapoor Solutions,Technology,Meera Patil,AC379,TAX379,West,2024-02-21 00:00:00,ERP
EACC5765,Reddy Textiles,Retail,Sanjay Malhotra,AC765,TAX765,East,2025-05-26 00:00:00,ERP
EACC5834,Rao Consulting,Technology,Harish Guptha,AC834,TAX834,South,2024-04-12 00:00:00,ERP
EACC5015,Guptha Finance,Financial Services,Arvind Sharma,AC015,TAX015,North,2025-12-29 00:00:00,ERP
EACC5413,Kaur Retail,Manufacturing,Sanjay Banerjee,AC413,TAX413,Central,2024-08-15 00:00:00,ERP
EACC5246,Banerjee Finance,Manufacturing,Ajay Kumar,AC246,TAX246,North,2025-02-17 00:00:00,ERP
EACC5257,Singh Consulting,Financial Services,Karan Tiwari,AC257,TAX257,North,2024-05-04 00:00:00,ERP
EACC5663,Patel Foods,Retail,Arvind Pandey,AC663,TAX663,South,2025-08-13 00:00:00,ERP
EACC5626,Iyer Finance,Healthcare,Deepak Shah,AC626,TAX626,South,2024-10-27 00:00:00,ERP
EACC5100,Banerjee Logistics,Technology,Sunil Patel,AC100,TAX100,North,2024-08-25 00:00:00,ERP
EACC5595,Kapoor Enterprises,Transportation,Sneha Reddy,AC595,TAX595,West,2025-09-17 00:00:00,ERP
EACC5603,Mishra Solutions,Technology,Arjun Guptha,AC603,TAX603,North,2024-10-18 00:00:00,ERP
EACC5583,Rao Logistics,Healthcare,Anita Mehta,AC583,TAX583,Central,2025-04-07 00:00:00,ERP
EACC5233,Mishra Solutions,Retail,Rekha Banerjee,AC233,TAX233,East,2024-04-06 00:00:00,ERP
EACC5906,Pandey Technologies,Technology,Sneha Mishra,AC906,TAX906,West,2025-08-15 00:00:00,ERP
EACC5510,Guptha Finance,Technology,Meera Agarwal,AC510,TAX510,North,2025-02-04 00:00:00,ERP
EACC5752,Nair Enterprises,Transportation,Suresh Gupta,AC752,TAX752,Central,2025-12-13 00:00:00,ERP
EACC5948,Srivastava Consulting,Financial Services,Sachin Nair,AC948,TAX948,South,2025-12-12 00:00:00,ERP
EACC5395,Verma Traders,Transportation,Ravi Sharma,AC395,TAX395,North,2025-08-23 00:00:00,ERP
EACC5681,Yadav Finance,Healthcare,Meera Verma,AC681,TAX681,Central,2024-05-20 00:00:00,ERP
EACC5229,Mishra Textiles,Manufacturing,Kavita Kumar,AC229,TAX229,South,2024-12-16 00:00:00,ERP
EACC5565,Verma Industries,Manufacturing,Deepak Mishra,AC565,TAX565,West,2025-07-06 00:00:00,ERP
EACC5088,Guptha Technologies,Healthcare,Lakshmi Bajaj,AC088,TAX088,North,2025-06-27 00:00:00,ERP
EACC5631,Yadav Pharmaceuticals,Healthcare,Vinod Kumar,AC631,TAX631,North,2025-12-05 00:00:00,ERP
EACC5038,Malhotra Consulting,Financial Services,Rohit Desai,AC038,TAX038,Central,2024-03-04 00:00:00,ERP
EACC5132,Nair Solutions,Transportation,Shalini Srivastava,AC132,TAX132,East,2024-12-15 00:00:00,ERP
EACC5754,Kapoor Retail,Healthcare,Ajay Iyer,AC754,TAX754,Central,2025-10-26 00:00:00,ERP
EACC5466,Reddy Retail,Technology,John Guptha,AC466,TAX466,Central,2024-06-24 00:00:00,ERP
EACC5278,Shah Retail,Retail,Amit Mehta,AC278,TAX278,Central,2024-03-12 00:00:00,ERP
EACC5481,Kumar Technologies,Healthcare,Sunil Patel,AC481,TAX481,North,2025-08-11 00:00:00,ERP
EACC5572,Verma Logistics,Financial Services,Rekha Mishra,AC572,TAX572,West,2024-01-07 00:00:00,ERP
EACC5269,Singh Foods,Retail,Divya Mehta,AC269,TAX269,South,2024-01-19 00:00:00,ERP
EACC5098,Agarwal Finance,Transportation,Anjali Verma,AC098,TAX098,West,2024-11-06 00:00:00,ERP
EACC5837,Malhotra Enterprises,Technology,Rohit Patel,AC837,TAX837,Central,2024-10-07 00:00:00,ERP
EACC5130,Nair Foods,Manufacturing,Seema Yadav,AC130,TAX130,East,2024-08-17 00:00:00,ERP
EACC5341,Kaur Technologies,Transportation,Ravi Pandey,AC341,TAX341,West,2025-07-27 00:00:00,ERP
EACC5080,Agarwal Finance,Healthcare,Vinod Guptha,AC080,TAX080,North,2025-07-20 00:00:00,ERP
EACC5787,Tiwari Logistics,Transportation,Divya Menon,AC787,TAX787,South,2025-08-09 00:00:00,ERP
EACC5249,Verma Retail,Transportation,Alok Chopra,AC249,TAX249,East,2025-04-04 00:00:00,ERP
EACC5873,Yadav Technologies,Technology,Alok Desai,AC873,TAX873,South,2024-05-16 00:00:00,ERP
EACC5295,Patel Industries,Retail,Anjali Rao,AC295,TAX295,South,2024-01-08 00:00:00,ERP
EACC5604,Iyer Finance,Manufacturing,Vikas Kumar,AC604,TAX604,North,2024-07-28 00:00:00,ERP
EACC5308,Joshi Enterprises,Transportation,Arjun Shah,AC308,TAX308,West,2025-07-14 00:00:00,ERP
EACC5025,Iyer Traders,Manufacturing,Rekha Kumar,AC025,TAX025,East,2025-12-07 00:00:00,ERP
EACC5887,Yadav Logistics,Retail,Rekha Guptha,AC887,TAX887,North,2026-01-16 00:00:00,ERP
EACC5018,Reddy Logistics,Retail,Seema Rao,AC018,TAX018,Central,2025-07-04 00:00:00,ERP
EACC5554,Verma Solutions,Technology,Rahul Mishra,AC554,TAX554,North,2024-12-17 00:00:00,ERP
EACC5131,Nair Traders,Financial Services,Ramesh Pandey,AC131,TAX131,Central,2025-08-12 00:00:00,ERP
EACC5030,Verma Foods,Healthcare,Vinod Patel,AC030,TAX030,Central,2024-04-08 00:00:00,ERP
EACC5247,Guptha Consulting,Financial Services,Vikas Guptha,AC247,TAX247,South,2025-02-06 00:00:00,ERP
EACC5537,Guptha Pharmaceuticals,Manufacturing,Amit Malhotra,AC537,TAX537,West,2025-02-04 00:00:00,ERP
EACC5828,Chopra Traders,Transportation,Kavita Tiwari,AC828,TAX828,Central,2025-09-13 00:00:00,ERP
EACC5665,Banerjee Traders,Technology,Ajay Dubey,AC665,TAX665,East,2025-12-20 00:00:00,ERP
EACC5786,Singh Textiles,Healthcare,John Singh,AC786,TAX786,West,2024-11-02 00:00:00,ERP
EACC5502,Verma Consulting,Retail,Sanjay Joshi,AC502,TAX502,North,2026-02-26 00:00:00,ERP
EACC5369,Sharma Finance,Technology,Sachin Gupta,AC369,TAX369,West,2025-10-16 00:00:00,ERP
EACC5121,Shah Retail,Transportation,Manish Bajaj,AC121,TAX121,Central,2025-07-01 00:00:00,ERP
EACC5947,Dubey Healthcare,Healthcare,Sachin Sharma,AC947,TAX947,Central,2024-03-26 00:00:00,ERP
EACC5448,Gupta Traders,Healthcare,Alok Agarwal,AC448,TAX448,Central,2025-10-06 00:00:00,ERP
EACC5647,Srivastava Textiles,Retail,Ravi Kumar,AC647,TAX647,West,2025-12-27 00:00:00,ERP
EACC5135,Tiwari Technologies,Financial Services,Lakshmi Kaur,AC135,TAX135,South,2025-12-01 00:00:00,ERP
EACC5544,Desai Textiles,Financial Services,Rohit Verma,AC544,TAX544,East,2024-06-10 00:00:00,ERP
EACC5169,Iyer Logistics,Technology,Vikas Kaur,AC169,TAX169,Central,2024-03-02 00:00:00,ERP
EACC5700,Guptha Pharmaceuticals,Manufacturing,Shreya Gupta,AC700,TAX700,Central,2026-01-22 00:00:00,ERP
EACC5454,Rao Finance,Technology,Rajiv Gupta,AC454,TAX454,South,2024-04-12 00:00:00,ERP
EACC5879,Singh Services,Retail,Ramesh Kaur,AC879,TAX879,North,2025-04-13 00:00:00,ERP
EACC5199,Mishra Services,Transportation,Divya Pandey,AC199,TAX199,North,2024-07-09 00:00:00,ERP
EACC5322,Menon Services,Technology,Karan Banerjee,AC322,TAX322,West,2024-05-25 00:00:00,ERP
EACC5031,Patil Healthcare,Manufacturing,Suresh Reddy,AC031,TAX031,Central,2024-01-21 00:00:00,ERP
EACC5356,Dubey Finance,Financial Services,Neha Chopra,AC356,TAX356,North,2024-08-13 00:00:00,ERP
EACC5883,Singh Logistics,Healthcare,Seema Yadav,AC883,TAX883,West,2025-09-19 00:00:00,ERP
EACC5607,Gupta Services,Healthcare,Manish Mishra,AC607,TAX607,West,2024-10-31 00:00:00,ERP
EACC5105,Kapoor Pharmaceuticals,Technology,Kavita Mishra,AC105,TAX105,West,2026-03-01 00:00:00,ERP
EACC5382,Kapoor Textiles,Transportation,Arjun Shah,AC382,TAX382,East,2024-05-19 00:00:00,ERP
EACC5234,Mehta Pharmaceuticals,Transportation,Sunil Bajaj,AC234,TAX234,North,2025-10-29 00:00:00,ERP
EACC5840,Bajaj Enterprises,Manufacturing,Shreya Mishra,AC840,TAX840,South,2024-08-20 00:00:00,ERP
EACC5464,Patil Retail,Healthcare,Ravi Kapoor,AC464,TAX464,East,2025-03-19 00:00:00,ERP
EACC5275,Verma Solutions,Healthcare,Sneha Mehta,AC275,TAX275,North,2024-05-22 00:00:00,ERP
EACC5847,Singh Healthcare,Transportation,Anjali Bajaj,AC847,TAX847,West,2024-11-01 00:00:00,ERP
EACC5900,Joshi Healthcare,Financial Services,Harish Kumar,AC900,TAX900,North,2024-11-28 00:00:00,ERP
EACC5819,Reddy Pharmaceuticals,Transportation,Shalini Chopra,AC819,TAX819,South,2025-06-21 00:00:00,ERP
EACC5280,Iyer Textiles,Retail,John Mishra,AC280,TAX280,South,2024-08-15 00:00:00,ERP
EACC5002,Bajaj Logistics,Financial Services,Suresh Desai,AC002,TAX002,South,2024-01-18 00:00:00,ERP
EACC5033,Menon Technologies,Manufacturing,Suresh Patil,AC033,TAX033,East,2024-07-20 00:00:00,ERP
EACC5305,Iyer Logistics,Manufacturing,Shreya Mishra,AC305,TAX305,North,2025-02-26 00:00:00,ERP
EACC5610,Kaur Logistics,Technology,Karan Desai,AC610,TAX610,North,2025-08-06 00:00:00,ERP
EACC5861,Banerjee Industries,Transportation,Rohit Rao,AC861,TAX861,North,2024-12-10 00:00:00,ERP
EACC5367,Kapoor Pharmaceuticals,Retail,Arvind Srivastava,AC367,TAX367,North,2024-05-17 00:00:00,ERP
EACC5198,Menon Foods,Manufacturing,Rajiv Patel,AC198,TAX198,East,2024-07-16 00:00:00,ERP
EACC5727,Guptha Retail,Healthcare,Sunita Srivastava,AC727,TAX727,North,2025-02-11 00:00:00,ERP
EACC5694,Malhotra Enterprises,Healthcare,Sanjay Kaur,AC694,TAX694,North,2025-03-09 00:00:00,ERP
EACC5335,Guptha Technologies,Transportation,Sanjay Reddy,AC335,TAX335,South,2026-03-09 00:00:00,ERP
EACC5483,Desai Finance,Transportation,Rekha Mehta,AC483,TAX483,North,2024-03-29 00:00:00,ERP
EACC5285,Dubey Textiles,Manufacturing,Neha Malhotra,AC285,TAX285,North,2024-03-03 00:00:00,ERP
EACC5549,Patel Logistics,Financial Services,Rekha Kumar,AC549,TAX549,West,2024-07-13 00:00:00,ERP
EACC5014,Dubey Traders,Manufacturing,Priya Desai,AC014,TAX014,South,2026-03-11 00:00:00,ERP
EACC5546,Kumar Solutions,Technology,Harish Srivastava,AC546,TAX546,East,2024-11-05 00:00:00,ERP
EACC5159,Guptha Enterprises,Manufacturing,Amit Menon,AC159,TAX159,North,2025-08-12 00:00:00,ERP
EACC5570,Mishra Consulting,Technology,Deepak Shah,AC570,TAX570,West,2024-07-18 00:00:00,ERP
EACC5748,Patel Finance,Financial Services,Sachin Gupta,AC748,TAX748,East,2024-08-21 00:00:00,ERP
EACC5186,Iyer Technologies,Financial Services,Meera Yadav,AC186,TAX186,West,2025-08-11 00:00:00,ERP
EACC5152,Verma Logistics,Financial Services,Anita Kumar,AC152,TAX152,North,2024-01-24 00:00:00,ERP
EACC5566,Bajaj Foods,Healthcare,Rajiv Banerjee,AC566,TAX566,North,2026-01-06 00:00:00,ERP
EACC5147,Gupta Consulting,Manufacturing,Shalini Bajaj,AC147,TAX147,East,2026-03-24 00:00:00,ERP
EACC5235,Pandey Finance,Healthcare,Deepak Patel,AC235,TAX235,Central,2024-01-25 00:00:00,ERP
EACC5144,Malhotra Solutions,Healthcare,Anita Patel,AC144,TAX144,North,2024-05-20 00:00:00,ERP
EACC5825,Singh Traders,Manufacturing,Sachin Reddy,AC825,TAX825,West,2024-01-08 00:00:00,ERP
EACC5360,Yadav Enterprises,Financial Services,Jane Singh,AC360,TAX360,West,2025-12-16 00:00:00,ERP
EACC5880,Nair Logistics,Transportation,Arjun Dubey,AC880,TAX880,East,2024-05-23 00:00:00,ERP
EACC5784,Iyer Logistics,Transportation,Alok Rao,AC784,TAX784,Central,2024-10-03 00:00:00,ERP
EACC5875,Kapoor Textiles,Financial Services,Ramesh Guptha,AC875,TAX875,South,2025-03-07 00:00:00,ERP
EACC5197,Menon Services,Retail,Lakshmi Kapoor,AC197,TAX197,North,2024-08-26 00:00:00,ERP
EACC5173,Desai Logistics,Retail,Prakash Tiwari,AC173,TAX173,North,2024-04-13 00:00:00,ERP
EACC5418,Srivastava Foods,Manufacturing,Priya Desai,AC418,TAX418,West,2024-08-15 00:00:00,ERP
EACC5484,Nair Services,Manufacturing,Seema Kaur,AC484,TAX484,North,2025-03-05 00:00:00,ERP
EACC5008,Banerjee Traders,Financial Services,Kavita Mishra,AC008,TAX008,East,2025-11-11 00:00:00,ERP
EACC5145,Chopra Healthcare,Healthcare,Arjun Reddy,AC145,TAX145,Central,2025-04-07 00:00:00,ERP
EACC5550,Verma Foods,Financial Services,Rajiv Sharma,AC550,TAX550,South,2024-10-05 00:00:00,ERP
EACC5830,Srivastava Pharmaceuticals,Manufacturing,Arjun Patel,AC830,TAX830,South,2025-12-31 00:00:00,ERP
EACC5856,Mishra Enterprises,Retail,Sneha Sharma,AC856,TAX856,Central,2024-09-10 00:00:00,ERP
EACC5950,Nair Technologies,Transportation,Lakshmi Mehta,AC950,TAX950,South,2026-03-04 00:00:00,ERP
EACC5458,Reddy Retail,Technology,Kavita Kumar,AC458,TAX458,East,2025-10-05 00:00:00,ERP
EACC5850,Agarwal Logistics,Transportation,John Tiwari,AC850,TAX850,South,2025-09-07 00:00:00,ERP
EACC5614,Srivastava Technologies,Manufacturing,Anita Mehta,AC614,TAX614,West,2025-11-05 00:00:00,ERP
EACC5555,Dubey Consulting,Manufacturing,Karan Tiwari,AC555,TAX555,North,2025-01-23 00:00:00,ERP
EACC5419,Shah Finance,Financial Services,John Mishra,AC419,TAX419,West,2024-03-01 00:00:00,ERP
EACC5105,Kapoor Pharmaceuticals,Technology,Kavita Mishra,AC105,TAX105,West,2026-03-01 00:00:00,ERP
EACC5697,Kumar Healthcare,Technology,Shalini Joshi,AC697,TAX697,Central,2024-11-30 00:00:00,ERP
EACC5004,Patel Traders,Manufacturing,Kavita Yadav,AC004,TAX004,East,2025-08-09 00:00:00,ERP
EACC5747,Patil Retail,Healthcare,Sneha Tiwari,AC747,TAX747,North,2025-11-07 00:00:00,ERP
EACC5106,Mishra Retail,Healthcare,Alok Chopra,AC106,TAX106,South,2025-09-24 00:00:00,ERP
EACC5456,Bajaj Foods,Transportation,Sanjay Agarwal,AC456,TAX456,South,2024-09-24 00:00:00,ERP
EACC5525,Banerjee Foods,Financial Services,Alok Bajaj,AC525,TAX525,South,2024-08-04 00:00:00,ERP
EACC5042,Pandey Pharmaceuticals,Transportation,Ramesh Iyer,AC042,TAX042,North,2025-06-01 00:00:00,ERP
EACC5267,Srivastava Industries,Retail,Sachin Reddy,AC267,TAX267,North,2025-11-09 00:00:00,ERP
EACC5185,Rao Retail,Financial Services,Alok Kapoor,AC185,TAX185,South,2025-08-29 00:00:00,ERP
EACC5432,Dubey Technologies,Manufacturing,Ravi Sharma,AC432,TAX432,Central,2026-01-16 00:00:00,ERP
EACC5664,Srivastava Consulting,Transportation,Alok Banerjee,AC664,TAX664,West,2025-02-21 00:00:00,ERP
EACC5522,Patil Pharmaceuticals,Healthcare,Ravi Shah,AC522,TAX522,Central,2025-01-29 00:00:00,ERP
EACC5388,Verma Retail,Financial Services,Anjali Yadav,AC388,TAX388,West,2025-08-28 00:00:00,ERP
EACC5006,Shah Traders,Financial Services,Sunita Iyer,AC006,TAX006,East,2024-11-19 00:00:00,ERP
EACC5228,Joshi Finance,Technology,Sunil Singh,AC228,TAX228,South,2025-01-04 00:00:00,ERP
EACC5785,Joshi Logistics,Manufacturing,Karan Menon,AC785,TAX785,West,2024-07-28 00:00:00,ERP
EACC5282,Singh Retail,Technology,Rohit Rao,AC282,TAX282,Central,2025-12-19 00:00:00,ERP
EACC5690,Banerjee Technologies,Transportation,Arjun Chopra,AC690,TAX690,North,2024-10-30 00:00:00,ERP
EACC5798,Mishra Retail,Transportation,Meera Yadav,AC798,TAX798,Central,2024-10-10 00:00:00,ERP
EACC5768,Nair Retail,Transportation,Rajiv Shah,AC768,TAX768,East,2025-06-17 00:00:00,ERP
EACC5044,Rao Healthcare,Transportation,Amit Kapoor,AC044,TAX044,Central,2024-11-08 00:00:00,ERP
EACC5707,Verma Healthcare,Manufacturing,Priya Chopra,AC707,TAX707,North,2025-07-31 00:00:00,ERP
EACC5024,Patel Traders,Healthcare,Rekha Rao,AC024,TAX024,West,2024-05-28 00:00:00,ERP
EACC5803,Nair Traders,Financial Services,Rajiv Nair,AC803,TAX803,South,2025-11-03 00:00:00,ERP
EACC5009,Banerjee Textiles,Manufacturing,Rekha Shah,AC009,TAX009,East,2025-11-10 00:00:00,ERP
EACC5896,Patil Technologies,Retail,Ajay Dubey,AC896,TAX896,North,2025-08-20 00:00:00,ERP
EACC5266,Rao Enterprises,Technology,Meena Srivastava,AC266,TAX266,West,2024-03-25 00:00:00,ERP
EACC5610,Kaur Logistics,Technology,Karan Desai,AC610,TAX610,North,2025-08-06 00:00:00,ERP
EACC5376,Malhotra Enterprises,Manufacturing,Sunil Agarwal,AC376,TAX376,South,2024-04-10 00:00:00,ERP
EACC5415,Sharma Foods,Healthcare,Suresh Srivastava,AC415,TAX415,Central,2025-07-17 00:00:00,ERP
EACC5371,Nair Technologies,Technology,Sunil Guptha,AC371,TAX371,East,2026-03-16 00:00:00,ERP
EACC5670,Kaur Technologies,Transportation,Shreya Nair,AC670,TAX670,West,2024-09-01 00:00:00,ERP
EACC5137,Reddy Finance,Retail,Sunita Malhotra,AC137,TAX137,South,2025-10-28 00:00:00,ERP
EACC5891,Kaur Healthcare,Manufacturing,Lakshmi Singh,AC891,TAX891,East,2025-01-04 00:00:00,ERP
EACC5724,Patil Services,Transportation,Anjali Menon,AC724,TAX724,East,2024-09-08 00:00:00,ERP
EACC5904,Reddy Logistics,Transportation,Amit Mishra,AC904,TAX904,East,2024-05-11 00:00:00,ERP
EACC5467,Banerjee Enterprises,Transportation,Meera Patil,AC467,TAX467,South,2025-02-18 00:00:00,ERP
EACC5843,Shah Foods,Healthcare,Arvind Guptha,AC843,TAX843,West,2025-04-06 00:00:00,ERP
EACC5654,Iyer Solutions,Technology,Priya Kumar,AC654,TAX654,West,2025-01-22 00:00:00,ERP
EACC5460,Singh Retail,Transportation,Rajiv Joshi,AC460,TAX460,West,2024-02-12 00:00:00,ERP
EACC5189,Reddy Pharmaceuticals,Retail,Alok Patel,AC189,TAX189,East,2026-02-11 00:00:00,ERP
EACC5150,Reddy Retail,Retail,Anjali Iyer,AC150,TAX150,West,2025-07-03 00:00:00,ERP
EACC5304,Pandey Industries,Healthcare,Lakshmi Kapoor,AC304,TAX304,South,2025-08-15 00:00:00,ERP
EACC5517,Banerjee Services,Transportation,Shalini Srivastava,AC517,TAX517,South,2025-11-26 00:00:00,ERP
EACC5740,Singh Foods,Healthcare,Seema Patil,AC740,TAX740,West,2026-02-05 00:00:00,ERP
EACC5375,Nair Consulting,Retail,Meena Sharma,AC375,TAX375,West,2025-06-28 00:00:00,ERP
EACC5214,Shah Pharmaceuticals,Manufacturing,Rahul Iyer,AC214,TAX214,South,2025-07-13 00:00:00,ERP
EACC5412,Yadav Pharmaceuticals,Technology,Meena Dubey,AC412,TAX412,Central,2024-10-12 00:00:00,ERP
EACC5894,Verma Enterprises,Financial Services,Priya Rao,AC894,TAX894,West,2025-06-22 00:00:00,ERP
EACC5774,Chopra Textiles,Manufacturing,Sunita Bajaj,AC774,TAX774,Central,2026-03-05 00:00:00,ERP
EACC5365,Rao Logistics,Transportation,Manish Dubey,AC365,TAX365,South,2025-07-19 00:00:00,ERP
EACC5760,Verma Foods,Transportation,Sanjay Patel,AC760,TAX760,South,2025-11-25 00:00:00,ERP
EACC5349,Kapoor Solutions,Healthcare,Rahul Yadav,AC349,TAX349,East,2024-03-08 00:00:00,ERP
EACC5644,Bajaj Services,Financial Services,Divya Sharma,AC644,TAX644,Central,2025-02-12 00:00:00,ERP
EACC5855,Nair Services,Healthcare,Arjun Kumar,AC855,TAX855,East,2024-03-11 00:00:00,ERP
EACC5109,Patil Services,Retail,John Mehta,AC109,TAX109,North,2025-02-19 00:00:00,ERP
EACC5379,Kapoor Solutions,Technology,Meera Patil,AC379,TAX379,West,2024-02-21 00:00:00,ERP
EACC5032,Srivastava Textiles,Transportation,Shreya Kaur,AC032,TAX032,West,2024-01-22 00:00:00,ERP
EACC5060,Srivastava Traders,Retail,Seema Tiwari,AC060,TAX060,East,2024-08-16 00:00:00,ERP
EACC5227,Joshi Healthcare,Transportation,Deepak Verma,AC227,TAX227,North,2024-05-28 00:00:00,ERP
EACC5613,Pandey Technologies,Healthcare,Anita Bajaj,AC613,TAX613,East,2025-02-15 00:00:00,ERP
EACC5584,Reddy Logistics,Retail,Prakash Kaur,AC584,TAX584,West,2025-02-24 00:00:00,ERP
EACC5519,Patil Industries,Financial Services,Arjun Srivastava,AC519,TAX519,East,2025-06-13 00:00:00,ERP
EACC5739,Tiwari Healthcare,Manufacturing,Prakash Mishra,AC739,TAX739,Central,2024-08-10 00:00:00,ERP
EACC5611,Banerjee Foods,Manufacturing,Prakash Banerjee,AC611,TAX611,Central,2024-09-24 00:00:00,ERP
EACC5400,Patel Industries,Transportation,Prakash Banerjee,AC400,TAX400,North,2025-03-09 00:00:00,ERP
EACC5437,Yadav Retail,Manufacturing,Ajay Menon,AC437,TAX437,East,2025-07-31 00:00:00,ERP
EACC5368,Sharma Consulting,Financial Services,Sunil Tiwari,AC368,TAX368,West,2025-06-02 00:00:00,ERP
EACC5539,Bajaj Solutions,Manufacturing,Suresh Tiwari,AC539,TAX539,West,2024-07-15 00:00:00,ERP
EACC5824,Yadav Retail,Financial Services,Vikas Mishra,AC824,TAX824,West,2025-11-02 00:00:00,ERP
EACC5283,Chopra Industries,Healthcare,Ravi Rao,AC283,TAX283,West,2024-03-12 00:00:00,ERP
EACC5629,Dubey Traders,Technology,Anita Banerjee,AC629,TAX629,East,2024-03-08 00:00:00,ERP
EACC5722,Bajaj Pharmaceuticals,Retail,Rahul Shah,AC722,TAX722,West,2025-08-05 00:00:00,ERP
EACC5762,Yadav Industries,Manufacturing,Pooja Nair,AC762,TAX762,Central,2024-03-01 00:00:00,ERP
EACC5556,Singh Foods,Healthcare,Shalini Srivastava,AC556,TAX556,South,2025-10-31 00:00:00,ERP
EACC5598,Patel Services,Technology,Shalini Srivastava,AC598,TAX598,North,2024-12-01 00:00:00,ERP
EACC5478,Mehta Textiles,Transportation,Sanjay Shah,AC478,TAX478,North,2024-09-25 00:00:00,ERP
EACC5725,Mehta Traders,Transportation,Ramesh Malhotra,AC725,TAX725,South,2024-05-11 00:00:00,ERP
EACC5067,Malhotra Foods,Financial Services,Sneha Sharma,AC067,TAX067,East,2025-02-19 00:00:00,ERP
EACC5499,Reddy Retail,Transportation,Ravi Rao,AC499,TAX499,North,2024-03-29 00:00:00,ERP
EACC5915,Srivastava Healthcare,Technology,Amit Banerjee,AC915,TAX915,Central,2024-05-24 00:00:00,ERP
EACC5373,Mehta Technologies,Retail,Deepak Kapoor,AC373,TAX373,North,2025-03-28 00:00:00,ERP
EACC5649,Iyer Technologies,Technology,Sunita Mehta,AC649,TAX649,Central,2025-04-24 00:00:00,ERP
EACC5143,Kumar Pharmaceuticals,Healthcare,Rekha Mehta,AC143,TAX143,Central,2025-04-18 00:00:00,ERP
EACC5003,Srivastava Textiles,Retail,Sunita Kumar,AC003,TAX003,Central,2024-03-26 00:00:00,ERP
EACC5808,Mishra Pharmaceuticals,Manufacturing,Kavita Kaur,AC808,TAX808,West,2025-10-01 00:00:00,ERP
EACC5903,Chopra Pharmaceuticals,Manufacturing,Sneha Kumar,AC903,TAX903,North,2025-09-21 00:00:00,ERP
EACC5509,Patel Logistics,Technology,Rajiv Menon,AC509,TAX509,Central,2024-12-11 00:00:00,ERP
EACC5902,Mishra Industries,Manufacturing,Sunita Desai,AC902,TAX902,West,2026-03-28 00:00:00,ERP
EACC5180,Chopra Services,Healthcare,Ramesh Gupta,AC180,TAX180,East,2025-02-23 00:00:00,ERP
EACC5331,Mishra Finance,Healthcare,Sachin Tiwari,AC331,TAX331,West,2025-06-20 00:00:00,ERP
EACC5172,Nair Services,Transportation,Ravi Dubey,AC172,TAX172,South,2025-08-21 00:00:00,ERP
EACC5346,Desai Services,Manufacturing,Amit Desai,AC346,TAX346,West,2025-08-22 00:00:00,ERP
EACC5353,Iyer Logistics,Manufacturing,Rajiv Iyer,AC353,TAX353,Central,2026-02-24 00:00:00,ERP
EACC5260,Agarwal Healthcare,Transportation,Ajay Malhotra,AC260,TAX260,Central,2025-11-20 00:00:00,ERP
EACC5562,Dubey Consulting,Retail,Rekha Mishra,AC562,TAX562,East,2025-06-23 00:00:00,ERP
EACC5417,Patil Traders,Transportation,Ajay Kapoor,AC417,TAX417,South,2025-07-07 00:00:00,ERP
EACC5069,Kapoor Healthcare,Retail,Meena Banerjee,AC069,TAX069,West,2025-06-15 00:00:00,ERP
EACC5398,Shah Enterprises,Technology,Ramesh Desai,AC398,TAX398,South,2025-10-20 00:00:00,ERP
EACC5190,Dubey Enterprises,Technology,John Rao,AC190,TAX190,East,2025-07-04 00:00:00,ERP
EACC5678,Rao Foods,Healthcare,Sunil Dubey,AC678,TAX678,South,2025-02-05 00:00:00,ERP
EACC5444,Dubey Finance,Healthcare,Vinod Singh,AC444,TAX444,North,2025-08-02 00:00:00,ERP
EACC5680,Kapoor Logistics,Transportation,Ajay Dubey,AC680,TAX680,East,2025-11-08 00:00:00,ERP
EACC5612,Patel Textiles,Technology,Sneha Srivastava,AC612,TAX612,Central,2026-03-06 00:00:00,ERP
EACC5421,Desai Pharmaceuticals,Technology,Ravi Pandey,AC421,TAX421,Central,2025-10-21 00:00:00,ERP
EACC5053,Mehta Pharmaceuticals,Financial Services,Arvind Patel,AC053,TAX053,West,2025-02-23 00:00:00,ERP
EACC5340,Singh Industries,Financial Services,Lakshmi Agarwal,AC340,TAX340,South,2025-05-11 00:00:00,ERP
EACC5376,Malhotra Enterprises,Manufacturing,Sunil Agarwal,AC376,TAX376,South,2024-04-10 00:00:00,ERP
EACC5344,Dubey Retail,Manufacturing,John Kapoor,AC344,TAX344,North,2024-06-22 00:00:00,ERP
EACC5085,Bajaj Logistics,Transportation,Ramesh Menon,AC085,TAX085,East,2024-04-09 00:00:00,ERP
EACC5244,Pandey Solutions,Financial Services,Sunil Kapoor,AC244,TAX244,North,2025-08-01 00:00:00,ERP
EACC5912,Joshi Consulting,Technology,Sachin Rao,AC912,TAX912,North,2025-02-17 00:00:00,ERP
EACC5078,Dubey Solutions,Manufacturing,Sneha Iyer,AC078,TAX078,East,2025-05-09 00:00:00,ERP
EACC5050,Nair Industries,Healthcare,Lakshmi Agarwal,AC050,TAX050,North,2025-03-08 00:00:00,ERP
EACC5291,Agarwal Enterprises,Transportation,Jane Menon,AC291,TAX291,West,2026-02-08 00:00:00,ERP
EACC5357,Joshi Industries,Healthcare,Anjali Menon,AC357,TAX357,West,2025-09-07 00:00:00,ERP
EACC5892,Guptha Enterprises,Healthcare,Alok Nair,AC892,TAX892,North,2025-01-17 00:00:00,ERP
EACC5156,Pandey Consulting,Retail,Ramesh Kaur,AC156,TAX156,North,2025-10-05 00:00:00,ERP
EACC5657,Patel Solutions,Transportation,Meena Rao,AC657,TAX657,North,2024-10-29 00:00:00,ERP
EACC5256,Rao Foods,Manufacturing,Harish Tiwari,AC256,TAX256,North,2025-06-12 00:00:00,ERP
EACC5386,Patel Traders,Technology,Ajay Sharma,AC386,TAX386,Central,2025-03-17 00:00:00,ERP
EACC5294,Kaur Services,Healthcare,Sanjay Banerjee,AC294,TAX294,East,2025-01-27 00:00:00,ERP
EACC5592,Srivastava Logistics,Transportation,Rekha Iyer,AC592,TAX592,Central,2025-08-27 00:00:00,ERP
EACC5126,Gupta Enterprises,Technology,Ramesh Bajaj,AC126,TAX126,West,2026-03-14 00:00:00,ERP
EACC5389,Shah Enterprises,Retail,Sunil Desai,AC389,TAX389,East,2026-03-07 00:00:00,ERP
EACC5909,Desai Healthcare,Manufacturing,Vinay Shah,AC909,TAX909,South,2025-05-29 00:00:00,ERP
EACC5818,Nair Services,Financial Services,Rahul Desai,AC818,TAX818,South,2025-06-01 00:00:00,ERP
EACC5630,Pandey Pharmaceuticals,Transportation,Rajiv Patil,AC630,TAX630,East,2024-03-19 00:00:00,ERP
EACC5309,Mehta Industries,Retail,Kavita Rao,AC309,TAX309,West,2024-09-15 00:00:00,ERP
EACC5512,Singh Healthcare,Transportation,Vinay Tiwari,AC512,TAX512,Central,2024-03-20 00:00:00,ERP
EACC5653,Chopra Services,Healthcare,Rohit Kumar,AC653,TAX653,East,2024-08-15 00:00:00,ERP
EACC5923,Gupta Services,Transportation,Vinod Verma,AC923,TAX923,East,2024-12-07 00:00:00,ERP
EACC5849,Singh Pharmaceuticals,Financial Services,Lakshmi Iyer,AC849,TAX849,South,2024-05-01 00:00:00,ERP
EACC5568,Nair Traders,Manufacturing,Lakshmi Nair,AC568,TAX568,Central,2024-02-03 00:00:00,ERP
EACC5245,Shah Pharmaceuticals,Retail,Meena Tiwari,AC245,TAX245,Central,2025-08-03 00:00:00,ERP
EACC5074,Nair Traders,Transportation,Vinay Desai,AC074,TAX074,North,2025-02-10 00:00:00,ERP
EACC5620,Dubey Textiles,Manufacturing,Rohit Gupta,AC620,TAX620,North,2024-02-23 00:00:00,ERP
EACC5193,Nair Services,Retail,Sachin Singh,AC193,TAX193,North,2024-07-26 00:00:00,ERP
EACC5439,Desai Foods,Manufacturing,Alok Kumar,AC439,TAX439,West,2026-03-09 00:00:00,ERP
EACC5302,Bajaj Foods,Transportation,Alok Kumar,AC302,TAX302,West,2025-07-12 00:00:00,ERP
EACC5390,Menon Logistics,Manufacturing,Harish Verma,AC390,TAX390,Central,2025-09-10 00:00:00,ERP
EACC5503,Kaur Finance,Retail,Prakash Desai,AC503,TAX503,West,2026-03-10 00:00:00,ERP
EACC5378,Kapoor Finance,Manufacturing,Rekha Srivastava,AC378,TAX378,East,2025-05-30 00:00:00,ERP
EACC5523,Kaur Logistics,Transportation,Anjali Joshi,AC523,TAX523,West,2024-02-04 00:00:00,ERP
EACC5510,Guptha Finance,Technology,Meera Agarwal,AC510,TAX510,North,2025-02-04 00:00:00,ERP
EACC5447,Kaur Enterprises,Transportation,Lakshmi Sharma,AC447,TAX447,South,2025-03-09 00:00:00,ERP
EACC5219,Shah Industries,Transportation,Meera Menon,AC219,TAX219,South,2024-05-19 00:00:00,ERP
EACC5623,Malhotra Traders,Manufacturing,Vikas Singh,AC623,TAX623,South,2025-12-12 00:00:00,ERP
EACC5370,Malhotra Consulting,Financial Services,Vinay Singh,AC370,TAX370,West,2024-06-13 00:00:00,ERP
EACC5864,Singh Finance,Retail,Sunil Yadav,AC864,TAX864,West,2025-01-30 00:00:00,ERP
EACC5714,Bajaj Healthcare,Financial Services,Sanjay Agarwal,AC714,TAX714,South,2024-08-17 00:00:00,ERP
EACC5497,Verma Foods,Retail,Ramesh Yadav,AC497,TAX497,South,2025-09-30 00:00:00,ERP
EACC5140,Sharma Pharmaceuticals,Technology,Deepak Tiwari,AC140,TAX140,Central,2025-01-14 00:00:00,ERP
EACC5325,Chopra Services,Financial Services,Vinod Kapoor,AC325,TAX325,Central,2025-09-10 00:00:00,ERP
EACC5307,Mehta Healthcare,Retail,Arjun Mehta,AC307,TAX307,East,2024-08-02 00:00:00,ERP
EACC5648,Dubey Healthcare,Healthcare,Vinod Iyer,AC648,TAX648,South,2024-12-16 00:00:00,ERP
EACC5471,Desai Retail,Technology,Seema Nair,AC471,TAX471,South,2024-07-06 00:00:00,ERP
EACC5943,Chopra Logistics,Financial Services,Neha Banerjee,AC943,TAX943,West,2024-09-09 00:00:00,ERP
EACC5136,Rao Enterprises,Manufacturing,Ravi Desai,AC136,TAX136,Central,2025-08-31 00:00:00,ERP
EACC5123,Chopra Pharmaceuticals,Technology,Rekha Agarwal,AC123,TAX123,North,2024-10-19 00:00:00,ERP
EACC5095,Patel Textiles,Transportation,John Patel,AC095,TAX095,South,2024-11-18 00:00:00,ERP
EACC5297,Dubey Traders,Retail,Arjun Agarwal,AC297,TAX297,South,2024-12-24 00:00:00,ERP
EACC5932,Singh Textiles,Technology,Alok Agarwal,AC932,TAX932,East,2026-03-17 00:00:00,ERP
EACC5913,Shah Industries,Retail,Sunita Agarwal,AC913,TAX913,North,2024-09-19 00:00:00,ERP
EACC5569,Pandey Technologies,Technology,Karan Mehta,AC569,TAX569,Central,2024-05-02 00:00:00,ERP
EACC5534,Dubey Logistics,Healthcare,Anjali Guptha,AC534,TAX534,East,2024-01-23 00:00:00,ERP
EACC5901,Verma Healthcare,Transportation,Priya Kumar,AC901,TAX901,West,2025-07-01 00:00:00,ERP
EACC5005,Tiwari Finance,Manufacturing,Suresh Mehta,AC005,TAX005,North,2024-11-26 00:00:00,ERP
EACC5686,Gupta Textiles,Transportation,Neha Singh,AC686,TAX686,South,2024-06-20 00:00:00,ERP
EACC5476,Tiwari Foods,Technology,Priya Joshi,AC476,TAX476,Central,2024-01-12 00:00:00,ERP
EACC5311,Desai Technologies,Transportation,Vikas Yadav,AC311,TAX311,East,2026-03-31 00:00:00,ERP
EACC5838,Shah Finance,Retail,Alok Verma,AC838,TAX838,Central,2025-07-04 00:00:00,ERP
EACC5017,Nair Finance,Manufacturing,Anita Agarwal,AC017,TAX017,North,2026-02-20 00:00:00,ERP
EACC5317,Yadav Textiles,Financial Services,Alok Tiwari,AC317,TAX317,North,2025-02-18 00:00:00,ERP
EACC5944,Banerjee Consulting,Manufacturing,Vikas Menon,AC944,TAX944,West,2026-01-18 00:00:00,ERP
EACC5597,Verma Retail,Technology,Meena Kaur,AC597,TAX597,North,2025-06-19 00:00:00,ERP
EACC5101,Gupta Technologies,Transportation,Anita Kaur,AC101,TAX101,North,2024-05-20 00:00:00,ERP
EACC5723,Kumar Healthcare,Financial Services,Vinod Patel,AC723,TAX723,South,2024-05-07 00:00:00,ERP
EACC5802,Reddy Healthcare,Manufacturing,Neha Bajaj,AC802,TAX802,West,2024-07-16 00:00:00,ERP
EACC5139,Srivastava Services,Healthcare,Rohit Singh,AC139,TAX139,Central,2026-01-11 00:00:00,ERP
EACC5209,Nair Finance,Financial Services,Kavita Guptha,AC209,TAX209,West,2024-07-28 00:00:00,ERP
EACC5119,Iyer Textiles,Manufacturing,Meena Reddy,AC119,TAX119,North,2025-12-05 00:00:00,ERP
EACC5508,Banerjee Enterprises,Healthcare,Pooja Reddy,AC508,TAX508,East,2024-03-05 00:00:00,ERP
EACC5810,Shah Enterprises,Transportation,Vikas Shah,AC810,TAX810,East,2024-10-06 00:00:00,ERP
EACC5089,Banerjee Solutions,Manufacturing,Lakshmi Desai,AC089,TAX089,North,2024-04-25 00:00:00,ERP
EACC5719,Kumar Foods,Financial Services,Prakash Malhotra,AC719,TAX719,Central,2024-06-01 00:00:00,ERP
EACC5102,Guptha Logistics,Technology,Neha Gupta,AC102,TAX102,North,2024-06-19 00:00:00,ERP
EACC5493,Patil Industries,Transportation,Ajay Iyer,AC493,TAX493,East,2024-10-09 00:00:00,ERP
EACC5807,Banerjee Traders,Technology,Anjali Bajaj,AC807,TAX807,South,2025-04-16 00:00:00,ERP
EACC5332,Sharma Technologies,Healthcare,Ravi Dubey,AC332,TAX332,North,2024-03-19 00:00:00,ERP
EACC5082,Menon Technologies,Manufacturing,Jane Bajaj,AC082,TAX082,South,2024-02-17 00:00:00,ERP
EACC5061,Malhotra Textiles,Healthcare,Vinod Verma,AC061,TAX061,North,2026-02-21 00:00:00,ERP
EACC5392,Kapoor Textiles,Retail,Vinod Dubey,AC392,TAX392,North,2024-11-17 00:00:00,ERP
EACC5557,Gupta Technologies,Technology,Divya Kumar,AC557,TAX557,West,2026-03-04 00:00:00,ERP
EACC5946,Patel Consulting,Financial Services,Harish Patel,AC946,TAX946,North,2025-03-01 00:00:00,ERP
EACC5941,Kapoor Services,Healthcare,Suresh Mishra,AC941,TAX941,West,2024-07-20 00:00:00,ERP
EACC5606,Mehta Technologies,Financial Services,Anita Agarwal,AC606,TAX606,Central,2025-07-07 00:00:00,ERP
EACC5498,Verma Textiles,Manufacturing,Vinay Pandey,AC498,TAX498,West,2024-12-01 00:00:00,ERP
EACC5099,Malhotra Consulting,Retail,Anita Joshi,AC099,TAX099,East,2025-09-03 00:00:00,ERP
EACC5688,Shah Logistics,Healthcare,Rohit Agarwal,AC688,TAX688,West,2025-01-24 00:00:00,ERP
EACC5580,Kaur Enterprises,Transportation,John Sharma,AC580,TAX580,East,2025-05-28 00:00:00,ERP
EACC5490,Kumar Pharmaceuticals,Transportation,Alok Banerjee,AC490,TAX490,South,2024-08-16 00:00:00,ERP
EACC5713,Tiwari Solutions,Technology,Rohit Dubey,AC713,TAX713,East,2024-06-18 00:00:00,ERP
EACC5063,Mishra Pharmaceuticals,Technology,Sanjay Verma,AC063,TAX063,Central,2025-02-25 00:00:00,ERP
EACC5436,Kaur Textiles,Technology,Neha Dubey,AC436,TAX436,Central,2025-03-12 00:00:00,ERP
EACC5077,Kaur Technologies,Financial Services,Sachin Singh,AC077,TAX077,Central,2025-08-09 00:00:00,ERP
EACC5203,Menon Finance,Retail,Deepak Mehta,AC203,TAX203,North,2024-01-21 00:00:00,ERP
EACC5327,Bajaj Pharmaceuticals,Manufacturing,Ramesh Joshi,AC327,TAX327,South,2024-04-19 00:00:00,ERP
EACC5215,Patil Solutions,Technology,Amit Kapoor,AC215,TAX215,North,2024-06-04 00:00:00,ERP
EACC5062,Joshi Traders,Financial Services,Sanjay Guptha,AC062,TAX062,Central,2024-01-24 00:00:00,ERP
EACC5160,Tiwari Industries,Manufacturing,Harish Yadav,AC160,TAX160,South,2025-06-29 00:00:00,ERP
EACC5268,Mishra Logistics,Healthcare,Vinod Chopra,AC268,TAX268,East,2024-12-03 00:00:00,ERP
EACC5567,Srivastava Textiles,Manufacturing,Vinod Srivastava,AC567,TAX567,South,2026-03-30 00:00:00,ERP
EACC5310,Singh Logistics,Technology,Vinod Guptha,AC310,TAX310,East,2024-09-19 00:00:00,ERP
EACC5338,Singh Foods,Transportation,Divya Rao,AC338,TAX338,South,2024-05-12 00:00:00,ERP
EACC5761,Menon Services,Financial Services,Anita Kaur,AC761,TAX761,West,2024-06-06 00:00:00,ERP
EACC5514,Rao Finance,Technology,Sunita Guptha,AC514,TAX514,West,2025-06-01 00:00:00,ERP
EACC5265,Verma Solutions,Technology,Seema Reddy,AC265,TAX265,South,2025-03-20 00:00:00,ERP
EACC5206,Chopra Solutions,Manufacturing,Harish Pandey,AC206,TAX206,North,2025-09-28 00:00:00,ERP
EACC5789,Banerjee Technologies,Technology,Ajay Malhotra,AC789,TAX789,Central,2024-09-13 00:00:00,ERP
EACC5866,Kapoor Finance,Manufacturing,Prakash Yadav,AC866,TAX866,South,2025-08-28 00:00:00,ERP
EACC5125,Kapoor Enterprises,Retail,Rekha Rao,AC125,TAX125,West,2024-11-30 00:00:00,ERP
EACC5148,Agarwal Consulting,Technology,Ramesh Banerjee,AC148,TAX148,Central,2025-02-04 00:00:00,ERP
EACC5299,Singh Industries,Healthcare,Suresh Gupta,AC299,TAX299,South,2025-04-14 00:00:00,ERP
EACC5420,Banerjee Enterprises,Transportation,Ajay Pandey,AC420,TAX420,West,2025-02-08 00:00:00,ERP
EACC5041,Dubey Retail,Financial Services,Ramesh Srivastava,AC041,TAX041,West,2025-11-20 00:00:00,ERP
EACC5730,Patel Logistics,Technology,Vinay Gupta,AC730,TAX730,Central,2025-05-30 00:00:00,ERP
EACC5438,Kaur Industries,Technology,Anita Mishra,AC438,TAX438,East,2026-02-09 00:00:00,ERP
EACC5075,Chopra Foods,Manufacturing,Amit Joshi,AC075,TAX075,North,2025-07-11 00:00:00,ERP
EACC5766,Gupta Logistics,Retail,Karan Nair,AC766,TAX766,West,2024-12-26 00:00:00,ERP
EACC5885,Dubey Finance,Manufacturing,Sanjay Nair,AC885,TAX885,East,2025-09-14 00:00:00,ERP
EACC5920,Chopra Finance,Technology,Ramesh Verma,AC920,TAX920,South,2025-08-12 00:00:00,ERP
EACC5414,Guptha Textiles,Retail,Vikas Shah,AC414,TAX414,East,2024-03-03 00:00:00,ERP
EACC5122,Bajaj Retail,Manufacturing,Rekha Yadav,AC122,TAX122,East,2026-03-24 00:00:00,ERP
EACC5895,Tiwari Services,Retail,Karan Kapoor,AC895,TAX895,South,2024-03-06 00:00:00,ERP
EACC5874,Patel Foods,Financial Services,Sunil Verma,AC874,TAX874,North,2024-03-15 00:00:00,ERP
EACC5428,Pandey Healthcare,Financial Services,Arjun Srivastava,AC428,TAX428,North,2024-10-13 00:00:00,ERP
EACC5851,Kapoor Healthcare,Manufacturing,Kavita Malhotra,AC851,TAX851,Central,2025-02-06 00:00:00,ERP
EACC5576,Menon Traders,Financial Services,Jane Kaur,AC576,TAX576,East,2025-08-06 00:00:00,ERP
EACC5543,Guptha Technologies,Financial Services,Priya Kapoor,AC543,TAX543,West,2024-11-11 00:00:00,ERP
EACC5155,Mehta Retail,Transportation,Jane Gupta,AC155,TAX155,West,2025-08-22 00:00:00,ERP
EACC5040,Banerjee Healthcare,Technology,Deepak Singh,AC040,TAX040,South,2025-07-23 00:00:00,ERP
EACC5166,Nair Industries,Retail,Deepak Iyer,AC166,TAX166,Central,2025-05-23 00:00:00,ERP
EACC5672,Mishra Industries,Healthcare,Karan Srivastava,AC672,TAX672,West,2024-09-29 00:00:00,ERP
EACC5320,Guptha Finance,Manufacturing,Pooja Malhotra,AC320,TAX320,South,2024-09-10 00:00:00,ERP
EACC5869,Guptha Solutions,Financial Services,Anjali Tiwari,AC869,TAX869,West,2025-12-25 00:00:00,ERP
EACC5049,Patil Consulting,Healthcare,Lakshmi Gupta,AC049,TAX049,North,2025-02-19 00:00:00,ERP
EACC5026,Joshi Traders,Financial Services,Arvind Shah,AC026,TAX026,East,2025-06-28 00:00:00,ERP
EACC5791,Reddy Foods,Technology,John Bajaj,AC791,TAX791,East,2025-06-17 00:00:00,ERP
EACC5086,Singh Foods,Technology,Sneha Verma,AC086,TAX086,West,2025-07-08 00:00:00,ERP
EACC5674,Tiwari Industries,Technology,Seema Shah,AC674,TAX674,North,2026-01-28 00:00:00,ERP
EACC5679,Patel Enterprises,Financial Services,Vinay Shah,AC679,TAX679,West,2024-02-14 00:00:00,ERP
EACC5605,Tiwari Pharmaceuticals,Retail,Karan Yadav,AC605,TAX605,South,2025-10-12 00:00:00,ERP
EACC5728,Joshi Enterprises,Transportation,Amit Bajaj,AC728,TAX728,North,2025-03-29 00:00:00,ERP
EACC5671,Menon Logistics,Manufacturing,Manish Pandey,AC671,TAX671,South,2026-01-18 00:00:00,ERP
EACC5593,Pandey Traders,Financial Services,Vinod Malhotra,AC593,TAX593,Central,2026-03-21 00:00:00,ERP
EACC5290,Mehta Technologies,Healthcare,John Kumar,AC290,TAX290,East,2025-06-29 00:00:00,ERP
EACC5011,Iyer Enterprises,Manufacturing,Sachin Iyer,AC011,TAX011,South,2025-11-01 00:00:00,ERP
EACC5797,Menon Retail,Financial Services,Suresh Iyer,AC797,TAX797,South,2025-09-12 00:00:00,ERP
EACC5107,Gupta Enterprises,Healthcare,John Chopra,AC107,TAX107,East,2025-07-21 00:00:00,ERP
EACC5094,Mehta Consulting,Technology,Vinay Nair,AC094,TAX094,North,2024-11-27 00:00:00,ERP
EACC5558,Agarwal Technologies,Financial Services,Vinay Rao,AC558,TAX558,South,2025-02-26 00:00:00,ERP
EACC5258,Nair Consulting,Manufacturing,Shalini Rao,AC258,TAX258,North,2025-08-16 00:00:00,ERP
EACC5076,Chopra Services,Retail,Rekha Verma,AC076,TAX076,East,2025-06-16 00:00:00,ERP
EACC5039,Nair Retail,Healthcare,Shreya Kapoor,AC039,TAX039,West,2024-06-16 00:00:00,ERP
EACC5222,Rao Healthcare,Financial Services,Suresh Kumar,AC222,TAX222,West,2025-08-02 00:00:00,ERP
EACC5560,Reddy Solutions,Manufacturing,Anita Shah,AC560,TAX560,West,2024-06-12 00:00:00,ERP
EACC5506,Guptha Healthcare,Transportation,Anita Sharma,AC506,TAX506,South,2025-03-04 00:00:00,ERP
EACC5445,Kapoor Logistics,Financial Services,Ramesh Srivastava,AC445,TAX445,North,2025-08-23 00:00:00,ERP
EACC5886,Iyer Services,Financial Services,Vinay Menon,AC886,TAX886,East,2024-01-03 00:00:00,ERP
EACC5073,Nair Technologies,Retail,Divya Yadav,AC073,TAX073,South,2024-05-01 00:00:00,ERP
EACC5064,Joshi Industries,Transportation,Manish Tiwari,AC064,TAX064,Central,2025-09-25 00:00:00,ERP
EACC5746,Nair Industries,Technology,Shalini Srivastava,AC746,TAX746,North,2024-06-09 00:00:00,ERP
EACC5091,Joshi Finance,Retail,Alok Bajaj,AC091,TAX091,South,2025-09-07 00:00:00,ERP
EACC5272,Kapoor Logistics,Transportation,Sunita Menon,AC272,TAX272,Central,2025-09-13 00:00:00,ERP
EACC5708,Menon Foods,Retail,Rekha Desai,AC708,TAX708,West,2025-05-15 00:00:00,ERP
EACC5817,Tiwari Finance,Retail,Shreya Chopra,AC817,TAX817,Central,2025-09-15 00:00:00,ERP
EACC5559,Kapoor Technologies,Technology,Arjun Shah,AC559,TAX559,North,2025-06-09 00:00:00,ERP
EACC5577,Pandey Services,Healthcare,Sanjay Nair,AC577,TAX577,North,2024-09-12 00:00:00,ERP
EACC5846,Verma Textiles,Transportation,Divya Joshi,AC846,TAX846,Central,2024-10-27 00:00:00,ERP
EACC5047,Chopra Services,Financial Services,Sachin Malhotra,AC047,TAX047,South,2024-12-23 00:00:00,ERP
EACC5289,Srivastava Traders,Financial Services,Rekha Iyer,AC289,TAX289,West,2024-03-11 00:00:00,ERP
EACC5103,Menon Enterprises,Technology,Vinod Shah,AC103,TAX103,West,2024-05-10 00:00:00,ERP
EACC5814,Pandey Services,Financial Services,Karan Kumar,AC814,TAX814,Central,2025-10-01 00:00:00,ERP
EACC5547,Menon Industries,Retail,Vinod Patil,AC547,TAX547,East,2026-03-04 00:00:00,ERP
EACC5281,Menon Technologies,Retail,John Kapoor,AC281,TAX281,North,2024-06-12 00:00:00,ERP
EACC5703,Gupta Textiles,Manufacturing,Ramesh Banerjee,AC703,TAX703,Central,2024-08-28 00:00:00,ERP
EACC5211,Joshi Technologies,Retail,Kavita Desai,AC211,TAX211,South,2024-06-25 00:00:00,ERP
EACC5820,Mehta Technologies,Healthcare,Anjali Dubey,AC820,TAX820,West,2025-02-12 00:00:00,ERP
EACC5673,Chopra Foods,Manufacturing,Rajiv Patel,AC673,TAX673,North,2024-08-09 00:00:00,ERP
EACC5494,Bajaj Enterprises,Technology,Neha Rao,AC494,TAX494,West,2024-07-01 00:00:00,ERP
EACC5854,Desai Services,Technology,Arjun Mishra,AC854,TAX854,South,2024-06-28 00:00:00,ERP
EACC5430,Iyer Healthcare,Technology,Suresh Sharma,AC430,TAX430,South,2024-01-07 00:00:00,ERP
EACC5682,Joshi Enterprises,Financial Services,Vinay Gupta,AC682,TAX682,Central,2024-10-15 00:00:00,ERP
EACC5940,Joshi Industries,Retail,Seema Mehta,AC940,TAX940,West,2024-03-24 00:00:00,ERP
EACC5488,Iyer Enterprises,Financial Services,Amit Joshi,AC488,TAX488,East,2024-01-11 00:00:00,ERP
EACC5221,Kumar Healthcare,Manufacturing,Rohit Kapoor,AC221,TAX221,West,2024-06-24 00:00:00,ERP
EACC5527,Patil Consulting,Manufacturing,Amit Agarwal,AC527,TAX527,Central,2024-05-18 00:00:00,ERP
EACC5187,Agarwal Textiles,Retail,Vinay Banerjee,AC187,TAX187,Central,2025-10-03 00:00:00,ERP
EACC5238,Malhotra Industries,Retail,Sachin Tiwari,AC238,TAX238,Central,2025-08-18 00:00:00,ERP
EACC5232,Desai Textiles,Financial Services,Lakshmi Srivastava,AC232,TAX232,North,2024-08-01 00:00:00,ERP
EACC5200,Nair Traders,Retail,Anita Mehta,AC200,TAX200,East,2026-03-17 00:00:00,ERP
EACC5084,Dubey Consulting,Financial Services,Seema Srivastava,AC084,TAX084,East,2025-10-22 00:00:00,ERP
EACC5773,Yadav Services,Technology,Rajiv Mehta,AC773,TAX773,South,2025-06-25 00:00:00,ERP
EACC5780,Dubey Finance,Healthcare,Vinod Singh,AC780,TAX780,North,2024-08-05 00:00:00,ERP
EACC5035,Gupta Solutions,Manufacturing,Sachin Menon,AC035,TAX035,East,2024-07-02 00:00:00,ERP
EACC5600,Nair Technologies,Manufacturing,Kavita Mehta,AC600,TAX600,North,2024-03-09 00:00:00,ERP
EACC5749,Menon Enterprises,Manufacturing,Shalini Menon,AC749,TAX749,South,2025-12-02 00:00:00,ERP
EACC5279,Patil Logistics,Technology,Prakash Verma,AC279,TAX279,West,2024-08-20 00:00:00,ERP
EACC5617,Singh Consulting,Healthcare,Lakshmi Mehta,AC617,TAX617,East,2024-01-07 00:00:00,ERP
EACC5582,Menon Healthcare,Transportation,Alok Malhotra,AC582,TAX582,East,2025-06-06 00:00:00,ERP
EACC5253,Menon Logistics,Retail,Kavita Dubey,AC253,TAX253,North,2024-08-01 00:00:00,ERP
EACC5736,Patil Textiles,Technology,Vinay Kaur,AC736,TAX736,Central,2025-11-09 00:00:00,ERP
EACC5795,Patel Logistics,Manufacturing,Deepak Sharma,AC795,TAX795,East,2024-03-09 00:00:00,ERP
EACC5411,Bajaj Finance,Transportation,Rekha Verma,AC411,TAX411,Central,2024-08-17 00:00:00,ERP
EACC5117,Dubey Foods,Technology,Shalini Joshi,AC117,TAX117,North,2024-12-07 00:00:00,ERP
EACC5029,Mehta Services,Transportation,Rohit Kapoor,AC029,TAX029,Central,2025-09-16 00:00:00,ERP
EACC5585,Mehta Healthcare,Transportation,Kavita Iyer,AC585,TAX585,North,2025-01-25 00:00:00,ERP
EACC5792,Pandey Services,Manufacturing,Alok Patel,AC792,TAX792,West,2024-07-14 00:00:00,ERP
EACC5805,Mehta Finance,Technology,Anita Reddy,AC805,TAX805,West,2025-01-05 00:00:00,ERP
EACC5359,Bajaj Industries,Transportation,Sachin Sharma,AC359,TAX359,West,2026-01-06 00:00:00,ERP
EACC5174,Kaur Textiles,Healthcare,Rahul Joshi,AC174,TAX174,Central,2024-02-13 00:00:00,ERP
EACC5111,Shah Logistics,Manufacturing,Sanjay Kumar,AC111,TAX111,Central,2025-10-14 00:00:00,ERP
EACC5399,Rao Industries,Manufacturing,Kavita Agarwal,AC399,TAX399,West,2025-01-14 00:00:00,ERP
EACC5328,Rao Foods,Transportation,Prakash Guptha,AC328,TAX328,Central,2025-02-28 00:00:00,ERP
EACC5108,Desai Foods,Healthcare,Meera Desai,AC108,TAX108,East,2024-06-23 00:00:00,ERP
EACC5034,Gupta Healthcare,Financial Services,Suresh Chopra,AC034,TAX034,West,2024-07-12 00:00:00,ERP
EACC5114,Singh Traders,Retail,Ramesh Sharma,AC114,TAX114,West,2025-06-25 00:00:00,ERP
EACC5615,Mishra Technologies,Transportation,Jane Kaur,AC615,TAX615,Central,2025-02-22 00:00:00,ERP
EACC5226,Chopra Consulting,Manufacturing,Vikas Desai,AC226,TAX226,West,2024-01-07 00:00:00,ERP
EACC5337,Rao Textiles,Manufacturing,Meena Banerjee,AC337,TAX337,Central,2025-12-07 00:00:00,ERP
EACC5224,Rao Technologies,Retail,Kavita Desai,AC224,TAX224,East,2025-12-27 00:00:00,ERP
EACC5230,Bajaj Foods,Retail,Rekha Iyer,AC230,TAX230,North,2024-05-25 00:00:00,ERP
EACC5564,Malhotra Foods,Retail,Karan Reddy,AC564,TAX564,Central,2024-07-07 00:00:00,ERP
EACC5911,Gupta Services,Technology,Anjali Malhotra,AC911,TAX911,South,2024-10-22 00:00:00,ERP
EACC5699,Rao Solutions,Retail,Jane Iyer,AC699,TAX699,West,2025-08-20 00:00:00,ERP
EACC5422,Iyer Foods,Transportation,Arjun Sharma,AC422,TAX422,East,2025-09-30 00:00:00,ERP
EACC5027,Rao Finance,Healthcare,Ramesh Yadav,AC027,TAX027,West,2025-06-07 00:00:00,ERP
EACC5689,Yadav Textiles,Manufacturing,Rajiv Kaur,AC689,TAX689,West,2024-05-22 00:00:00,ERP
EACC5463,Sharma Services,Financial Services,John Rao,AC463,TAX463,North,2024-06-18 00:00:00,ERP
EACC5420,Banerjee Enterprises,Transportation,Ajay Pandey,AC420,TAX420,West,2025-02-08 00:00:00,ERP
EACC5636,Chopra Enterprises,Manufacturing,John Sharma,AC636,TAX636,North,2024-11-24 00:00:00,ERP
