contact_id,customer_id,contact_type,contact_value,contact_code,created_ts,source_system
ECONT5170,ERP1170,work_email,sunil.agarwal24@erp.com,MOB003,2026-02-07,ERP
ECONT5821,ERP1821,work_email,arvind.reddy39@erp.com,MOB001,2025-12-24,ERP
ECONT5228,ERP1228,landline,priya.tiwari97@erp.com,MOB005,2025-05-29,ERP
ECONT5414,ERP1414,email,rekha.shah66@erp.com,MOB004,2025-08-04,ERP
ECONT5259,ERP1259,phone,+91-9853574680,MOB004,2024-03-19,ERP
ECONT5306,ERP1306,work_email,rahul.nair99@erp.com,MOB005,2025-02-12,ERP
ECONT5314,ERP1314,phone,+91-9892432275,MOB001,2024-01-01,ERP
ECONT5096,ERP1096,landline,shalini.menon74@erp.com,MOB001,2025-02-20,ERP
ECONT5811,ERP1811,email,sunil.sharma87@erp.com,MOB004,2026-01-29,ERP
ECONT5783,ERP1783,phone,+91-9589785600,MOB004,2025-06-12,ERP
ECONT5111,ERP1111,work_email,ramesh.chopra21@erp.com,MOB004,2024-10-12,ERP
ECONT5945,ERP1945,mobile,+91-9511990049,MOB003,2025-11-26,ERP
ECONT5198,ERP1198,landline,rajiv.kaur43@erp.com,MOB002,2024-11-13,ERP
ECONT5661,ERP1661,landline,arvind.rao56@erp.com,MOB005,2024-01-21,ERP
ECONT5393,ERP1393,phone,+91-9557987921,MOB004,2025-05-02,ERP
ECONT5936,ERP1936,mobile,+91-9529367072,MOB003,2025-11-28,ERP
ECONT5576,ERP1576,phone,+91-9601493999,MOB004,2024-05-20,ERP
ECONT5152,ERP1152,phone,+91-9505615444,MOB004,2025-01-04,ERP
ECONT5899,ERP1899,phone,+91-9116681129,MOB003,2025-11-15,ERP
ECONT5243,ERP1243,mobile,+91-9199998046,MOB002,2024-04-28,ERP
ECONT5862,ERP1862,work_email,suresh.mishra14@erp.com,MOB001,2026-01-28,ERP
ECONT5630,ERP1630,email,sanjay.tiwari25@erp.com,MOB002,2024-04-20,ERP
ECONT5010,ERP1010,mobile,+91-9843718307,MOB002,2026-01-25,ERP
ECONT5571,ERP1571,landline,kavita.iyer36@erp.com,MOB001,2024-06-05,ERP
ECONT5320,ERP1320,email,sunita.menon79@erp.com,MOB005,2024-08-23,ERP
ECONT5872,ERP1872,phone,+91-9500579738,MOB001,2024-08-24,ERP
ECONT5160,ERP1160,landline,harish.menon92@erp.com,MOB001,2025-04-17,ERP
ECONT5044,ERP1044,phone,+91-9811644273,MOB002,2024-04-30,ERP
ECONT5229,ERP1229,email,harish.kapoor32@erp.com,MOB003,2024-12-29,ERP
ECONT5582,ERP1582,phone,+91-9711453123,MOB004,2025-10-29,ERP
ECONT5381,ERP1381,email,pooja.verma27@erp.com,MOB003,2025-06-17,ERP
ECONT5703,ERP1703,phone,+91-9322826481,MOB002,2024-03-16,ERP
ECONT5222,ERP1222,phone,+91-9617024006,MOB003,2024-09-18,ERP
ECONT5919,ERP1919,landline,sunil.yadav46@erp.com,MOB003,2025-10-30,ERP
ECONT5134,ERP1134,landline,lakshmi.chopra16@erp.com,MOB002,2024-12-14,ERP
ECONT5147,ERP1147,landline,vinay.tiwari31@erp.com,MOB003,2025-05-31,ERP
ECONT5463,ERP1463,landline,meena.desai24@erp.com,MOB002,2026-01-06,ERP
ECONT5264,ERP1264,work_email,sunil.iyer10@erp.com,MOB002,2024-10-13,ERP
ECONT5790,ERP1790,mobile,+91-9875202434,MOB004,2025-11-02,ERP
ECONT5527,ERP1527,landline,pooja.malhotra44@erp.com,MOB004,2025-11-05,ERP
ECONT5050,ERP1050,landline,alok.nair51@erp.com,MOB004,2025-12-03,ERP
ECONT5106,ERP1106,email,ajay.agarwal22@erp.com,MOB005,2024-01-08,ERP
ECONT5230,ERP1230,phone,+91-9545580284,MOB003,2025-09-25,ERP
ECONT5236,ERP1236,email,amit.patel23@erp.com,MOB001,2024-07-10,ERP
ECONT5368,ERP1368,phone,+91-9221984850,MOB001,2024-11-15,ERP
ECONT5090,ERP1090,phone,+91-9690983826,MOB002,2024-06-04,ERP
ECONT5580,ERP1580,phone,+91-9538420385,MOB002,2024-02-22,ERP
ECONT5825,ERP1825,landline,arvind.joshi78@erp.com,MOB005,2025-05-04,ERP
ECONT5691,ERP1691,mobile,+91-9344603186,MOB004,2025-06-27,ERP
ECONT5248,ERP1248,landline,meera.reddy29@erp.com,MOB002,2024-08-09,ERP
ECONT5193,ERP1193,phone,+91-9468056824,MOB004,2026-01-24,ERP
ECONT5822,ERP1822,landline,shalini.menon12@erp.com,MOB004,2024-02-16,ERP
ECONT5520,ERP1520,work_email,vikas.dubey48@erp.com,MOB003,2025-12-26,ERP
ECONT5260,ERP1260,landline,lakshmi.menon2@erp.com,MOB003,2025-09-16,ERP
ECONT5798,ERP1798,email,suresh.desai75@erp.com,MOB003,2024-12-10,ERP
ECONT5307,ERP1307,work_email,manish.menon40@erp.com,MOB005,2025-06-18,ERP
ECONT5339,ERP1339,work_email,sneha.singh71@erp.com,MOB001,2024-12-05,ERP
ECONT5354,ERP1354,landline,vinod.yadav62@erp.com,MOB001,2024-05-05,ERP
ECONT5340,ERP1340,email,vinay.kaur44@erp.com,MOB003,2024-08-23,ERP
ECONT5043,ERP1043,work_email,john.singh46@erp.com,MOB004,2024-06-04,ERP
ECONT5167,ERP1167,work_email,ramesh.iyer64@erp.com,MOB004,2024-08-24,ERP
ECONT5901,ERP1901,mobile,+91-9573312028,MOB003,2024-12-03,ERP
ECONT5937,ERP1937,mobile,+91-9568099227,MOB002,2024-05-15,ERP
ECONT5561,ERP1561,email,neha.agarwal20@erp.com,MOB004,2024-11-10,ERP
ECONT5865,ERP1865,work_email,arvind.rao38@erp.com,MOB004,2024-04-18,ERP
ECONT5479,ERP1479,email,rahul.yadav32@erp.com,MOB001,2025-03-14,ERP
ECONT5462,ERP1462,phone,+91-9091478983,MOB005,2025-11-27,ERP
ECONT5239,ERP1239,email,vinay.iyer40@erp.com,MOB004,2025-09-28,ERP
ECONT5505,ERP1505,email,sachin.reddy24@erp.com,MOB003,2025-01-08,ERP
ECONT5902,ERP1902,phone,+91-9819467612,MOB003,2025-07-02,ERP
ECONT5925,ERP1925,mobile,+91-9472833182,MOB005,2024-05-26,ERP
ECONT5065,ERP1065,work_email,arjun.reddy97@erp.com,MOB002,2025-03-14,ERP
ECONT5438,ERP1438,mobile,+91-9402221001,MOB002,2025-06-28,ERP
ECONT5137,ERP1137,phone,+91-9613913227,MOB005,2024-03-02,ERP
ECONT5579,ERP1579,landline,arvind.iyer53@erp.com,MOB004,2024-11-04,ERP
ECONT5540,ERP1540,mobile,+91-9323757004,MOB005,2024-04-03,ERP
ECONT5538,ERP1538,email,ramesh.iyer85@erp.com,MOB004,2025-12-17,ERP
ECONT5820,ERP1820,mobile,+91-9985367799,MOB001,2024-05-12,ERP
ECONT5533,ERP1533,mobile,+91-9303897701,MOB003,2024-04-25,ERP
ECONT5581,ERP1581,email,shalini.yadav42@erp.com,MOB005,2025-01-29,ERP
ECONT5638,ERP1638,work_email,sunita.iyer1@erp.com,MOB003,2025-05-08,ERP
ECONT5131,ERP1131,landline,karan.bajaj84@erp.com,MOB003,2025-12-28,ERP
ECONT5609,ERP1609,phone,+91-9514467138,MOB003,2024-05-06,ERP
ECONT5076,ERP1076,mobile,+91-9550691040,MOB001,2024-04-23,ERP
ECONT5705,ERP1705,email,meera.iyer32@erp.com,MOB005,2025-12-13,ERP
ECONT5614,ERP1614,mobile,+91-9654541339,MOB002,2025-03-30,ERP
ECONT5491,ERP1491,work_email,shreya.yadav88@erp.com,MOB004,2024-08-01,ERP
ECONT5027,ERP1027,mobile,+91-9174763458,MOB005,2025-06-22,ERP
ECONT5568,ERP1568,email,priya.joshi50@erp.com,MOB005,2024-08-10,ERP
ECONT5133,ERP1133,phone,+91-9492301175,MOB001,2024-02-27,ERP
ECONT5939,ERP1939,phone,+91-9926099100,MOB002,2025-05-02,ERP
ECONT5117,ERP1117,email,priya.patil23@erp.com,MOB002,2024-11-16,ERP
ECONT5600,ERP1600,work_email,alok.mehta27@erp.com,MOB005,2024-04-08,ERP
ECONT5601,ERP1601,mobile,+91-9987942080,MOB005,2025-09-22,ERP
ECONT5108,ERP1108,email,sanjay.iyer40@erp.com,MOB004,2025-08-16,ERP
ECONT5903,ERP1903,landline,kavita.nair17@erp.com,MOB005,2025-01-12,ERP
ECONT5388,ERP1388,email,sunita.guptha75@erp.com,MOB003,2025-01-05,ERP
ECONT5864,ERP1864,landline,anjali.singh40@erp.com,MOB004,2026-02-17,ERP
ECONT5598,ERP1598,phone,+91-9441046538,MOB002,2024-07-09,ERP
ECONT5684,ERP1684,landline,rahul.patel76@erp.com,MOB004,2026-02-08,ERP
ECONT5879,ERP1879,landline,rohit.patel76@erp.com,MOB005,2024-05-26,ERP
ECONT5736,ERP1736,mobile,+91-9523561345,MOB003,2025-02-12,ERP
ECONT5077,ERP1077,mobile,+91-9397146454,MOB004,2024-07-01,ERP
ECONT5042,ERP1042,mobile,+91-9887314839,MOB004,2025-04-09,ERP
ECONT5244,ERP1244,work_email,ravi.shah94@erp.com,MOB005,2025-11-27,ERP
ECONT5597,ERP1597,work_email,rekha.pandey91@erp.com,MOB005,2025-05-27,ERP
ECONT5778,ERP1778,landline,arvind.banerjee76@erp.com,MOB002,2025-08-30,ERP
ECONT5051,ERP1051,work_email,vinod.kaur99@erp.com,MOB002,2024-08-11,ERP
ECONT5531,ERP1531,email,anjali.nair16@erp.com,MOB002,2026-03-05,ERP
ECONT5852,ERP1852,work_email,pooja.singh75@erp.com,MOB002,2025-04-03,ERP
ECONT5844,ERP1844,landline,meera.gupta53@erp.com,MOB005,2024-03-27,ERP
ECONT5592,ERP1592,work_email,ajay.shah42@erp.com,MOB001,2025-10-08,ERP
ECONT5510,ERP1510,phone,+91-9110932667,MOB003,2024-01-16,ERP
ECONT5768,ERP1768,mobile,+91-9873534677,MOB004,2025-04-30,ERP
ECONT5158,ERP1158,work_email,shreya.iyer96@erp.com,MOB004,2025-11-10,ERP
ECONT5483,ERP1483,work_email,anjali.iyer81@erp.com,MOB001,2025-04-17,ERP
ECONT5478,ERP1478,phone,+91-9594939969,MOB005,2024-09-07,ERP
ECONT5678,ERP1678,landline,alok.srivastava54@erp.com,MOB004,2024-07-12,ERP
ECONT5892,ERP1892,mobile,+91-9687278212,MOB002,2024-01-29,ERP
ECONT5888,ERP1888,phone,+91-9865506044,MOB004,2024-10-30,ERP
ECONT5827,ERP1827,phone,+91-9274676923,MOB002,2026-01-11,ERP
ECONT5037,ERP1037,mobile,+91-9953328685,MOB005,2026-03-23,ERP
ECONT5184,ERP1184,landline,sunil.kapoor86@erp.com,MOB002,2025-03-21,ERP
ECONT5726,ERP1726,work_email,suresh.menon16@erp.com,MOB002,2024-12-15,ERP
ECONT5697,ERP1697,email,seema.iyer96@erp.com,MOB003,2024-05-05,ERP
ECONT5635,ERP1635,email,arvind.gupta70@erp.com,MOB005,2024-02-03,ERP
ECONT5942,ERP1942,email,rahul.gupta13@erp.com,MOB001,2024-06-16,ERP
ECONT5081,ERP1081,phone,+91-9081741828,MOB001,2025-06-12,ERP
ECONT5093,ERP1093,phone,+91-9798589697,MOB002,2025-02-03,ERP
ECONT5564,ERP1564,work_email,manish.banerjee57@erp.com,MOB005,2026-03-14,ERP
ECONT5494,ERP1494,work_email,neha.mehta11@erp.com,MOB005,2024-05-23,ERP
ECONT5425,ERP1425,phone,+91-9293997658,MOB003,2025-05-23,ERP
ECONT5851,ERP1851,email,ajay.shah36@erp.com,MOB003,2025-09-07,ERP
ECONT5817,ERP1817,email,manish.guptha75@erp.com,MOB003,2025-11-20,ERP
ECONT5927,ERP1927,work_email,lakshmi.joshi16@erp.com,MOB004,2026-03-03,ERP
ECONT5116,ERP1116,landline,alok.dubey39@erp.com,MOB005,2024-10-15,ERP
ECONT5378,ERP1378,landline,jane.mishra56@erp.com,MOB005,2024-06-19,ERP
ECONT5012,ERP1012,phone,+91-9250774106,MOB003,2025-10-21,ERP
ECONT5673,ERP1673,work_email,meena.tiwari20@erp.com,MOB001,2024-12-28,ERP
ECONT5386,ERP1386,landline,anjali.joshi91@erp.com,MOB002,2026-03-19,ERP
ECONT5171,ERP1171,mobile,+91-9037951457,MOB002,2024-08-22,ERP
ECONT5819,ERP1819,phone,+91-9319803580,MOB005,2025-01-16,ERP
ECONT5330,ERP1330,landline,karan.kumar14@erp.com,MOB001,2024-02-13,ERP
ECONT5115,ERP1115,phone,+91-9080414902,MOB002,2024-02-11,ERP
ECONT5376,ERP1376,phone,+91-9143519877,MOB004,2024-09-24,ERP
ECONT5646,ERP1646,phone,+91-9568209271,MOB001,2025-04-09,ERP
ECONT5407,ERP1407,email,rahul.singh59@erp.com,MOB005,2024-01-19,ERP
ECONT5212,ERP1212,mobile,+91-9035847163,MOB005,2024-01-11,ERP
ECONT5728,ERP1728,email,harish.tiwari1@erp.com,MOB004,2024-03-26,ERP
ECONT5272,ERP1272,phone,+91-9341450856,MOB004,2025-11-20,ERP
ECONT5562,ERP1562,mobile,+91-9276657292,MOB004,2025-10-25,ERP
ECONT5200,ERP1200,email,sachin.gupta73@erp.com,MOB004,2024-09-04,ERP
ECONT5905,ERP1905,work_email,arjun.shah25@erp.com,MOB002,2024-07-18,ERP
ECONT5267,ERP1267,phone,+91-9532604618,MOB003,2025-06-18,ERP
ECONT5417,ERP1417,phone,+91-9501335540,MOB001,2024-05-01,ERP
ECONT5660,ERP1660,work_email,anjali.singh81@erp.com,MOB004,2026-03-17,ERP
ECONT5749,ERP1749,landline,amit.srivastava75@erp.com,MOB002,2025-08-17,ERP
ECONT5415,ERP1415,work_email,vikas.kapoor35@erp.com,MOB003,2025-09-27,ERP
ECONT5394,ERP1394,landline,prakash.sharma27@erp.com,MOB003,2026-03-18,ERP
ECONT5016,ERP1016,mobile,+91-9303131401,MOB004,2025-09-14,ERP
ECONT5790,ERP1790,mobile,+91-9875202434,MOB004,2025-11-02,ERP
ECONT5573,ERP1573,phone,+91-9288051615,MOB005,2025-02-01,ERP
ECONT5231,ERP1231,mobile,+91-9424204655,MOB002,2026-02-03,ERP
ECONT5720,ERP1720,landline,kavita.singh32@erp.com,MOB003,2025-04-04,ERP
ECONT5480,ERP1480,landline,prakash.guptha42@erp.com,MOB005,2025-05-29,ERP
ECONT5627,ERP1627,work_email,pooja.tiwari98@erp.com,MOB002,2024-01-18,ERP
ECONT5211,ERP1211,mobile,+91-9457504775,MOB004,2024-01-06,ERP
ECONT5753,ERP1753,landline,shreya.patel83@erp.com,MOB003,2025-12-19,ERP
ECONT5192,ERP1192,email,sunita.sharma11@erp.com,MOB001,2024-05-10,ERP
ECONT5282,ERP1282,phone,+91-9923609043,MOB005,2024-02-19,ERP
ECONT5610,ERP1610,phone,+91-9082474879,MOB001,2025-09-01,ERP
ECONT5420,ERP1420,landline,sunita.menon55@erp.com,MOB005,2024-12-14,ERP
ECONT5251,ERP1251,mobile,+91-9179690991,MOB005,2024-12-12,ERP
ECONT5187,ERP1187,work_email,jane.patel34@erp.com,MOB002,2025-06-22,ERP
ECONT5419,ERP1419,phone,+91-9220763393,MOB002,2026-01-17,ERP
ECONT5818,ERP1818,work_email,anjali.menon69@erp.com,MOB001,2025-06-05,ERP
ECONT5779,ERP1779,phone,+91-9807943195,MOB002,2025-08-17,ERP
ECONT5427,ERP1427,phone,+91-9706364187,MOB004,2026-02-22,ERP
ECONT5683,ERP1683,work_email,sneha.joshi69@erp.com,MOB002,2025-01-16,ERP
ECONT5523,ERP1523,mobile,+91-9018282463,MOB004,2024-03-04,ERP
ECONT5220,ERP1220,landline,jane.mishra14@erp.com,MOB001,2024-10-19,ERP
ECONT5895,ERP1895,work_email,vinay.sharma23@erp.com,MOB001,2025-11-22,ERP
ECONT5271,ERP1271,work_email,vinay.mishra8@erp.com,MOB004,2025-08-29,ERP
ECONT5841,ERP1841,work_email,anita.tiwari79@erp.com,MOB004,2025-10-20,ERP
ECONT5283,ERP1283,mobile,+91-9369130881,MOB002,2024-04-01,ERP
ECONT5083,ERP1083,email,ravi.gupta91@erp.com,MOB003,2025-01-23,ERP
ECONT5346,ERP1346,work_email,lakshmi.gupta10@erp.com,MOB002,2026-01-03,ERP
ECONT5439,ERP1439,landline,ramesh.iyer48@erp.com,MOB004,2025-08-17,ERP
ECONT5205,ERP1205,mobile,+91-9504583657,MOB001,2025-06-09,ERP
ECONT5092,ERP1092,email,seema.agarwal88@erp.com,MOB002,2025-12-08,ERP
ECONT5557,ERP1557,mobile,+91-9808195329,MOB004,2026-03-02,ERP
ECONT5777,ERP1777,work_email,john.verma56@erp.com,MOB003,2024-10-23,ERP
ECONT5302,ERP1302,landline,prakash.mehta81@erp.com,MOB004,2024-05-06,ERP
ECONT5017,ERP1017,work_email,shalini.kumar84@erp.com,MOB002,2024-06-06,ERP
ECONT5547,ERP1547,landline,karan.tiwari65@erp.com,MOB005,2024-12-24,ERP
ECONT5760,ERP1760,mobile,+91-9601023171,MOB001,2024-04-07,ERP
ECONT5379,ERP1379,phone,+91-9430448795,MOB004,2024-02-03,ERP
ECONT5301,ERP1301,mobile,+91-9102785243,MOB004,2024-10-19,ERP
ECONT5091,ERP1091,work_email,prakash.singh29@erp.com,MOB005,2025-01-20,ERP
ECONT5289,ERP1289,mobile,+91-9863763388,MOB005,2024-08-29,ERP
ECONT5433,ERP1433,mobile,+91-9831777110,MOB003,2024-09-04,ERP
ECONT5002,ERP1002,email,meera.mehta19@erp.com,MOB001,2025-04-09,ERP
ECONT5583,ERP1583,phone,+91-9539464740,MOB004,2025-07-29,ERP
ECONT5162,ERP1162,phone,+91-9552913101,MOB003,2024-05-30,ERP
ECONT5122,ERP1122,email,meera.nair82@erp.com,MOB004,2025-12-29,ERP
ECONT5812,ERP1812,work_email,meera.srivastava16@erp.com,MOB001,2024-06-14,ERP
ECONT5890,ERP1890,work_email,meera.kumar27@erp.com,MOB001,2024-03-15,ERP
ECONT5832,ERP1832,phone,+91-9613347848,MOB003,2024-05-16,ERP
ECONT5062,ERP1062,email,jane.chopra96@erp.com,MOB003,2024-12-30,ERP
ECONT5585,ERP1585,phone,+91-9684189736,MOB004,2025-10-29,ERP
ECONT5180,ERP1180,mobile,+91-9512731589,MOB004,2025-08-08,ERP
ECONT5398,ERP1398,email,anita.yadav23@erp.com,MOB004,2026-03-16,ERP
ECONT5904,ERP1904,mobile,+91-9289600534,MOB005,2025-08-17,ERP
ECONT5922,ERP1922,email,jane.verma94@erp.com,MOB002,2025-09-09,ERP
ECONT5489,ERP1489,email,amit.sharma1@erp.com,MOB002,2024-01-31,ERP
ECONT5725,ERP1725,email,rekha.joshi42@erp.com,MOB003,2025-03-02,ERP
ECONT5923,ERP1923,mobile,+91-9811390272,MOB004,2024-03-02,ERP
ECONT5327,ERP1327,landline,seema.singh20@erp.com,MOB003,2024-02-16,ERP
ECONT5374,ERP1374,mobile,+91-9623874571,MOB002,2025-05-30,ERP
ECONT5756,ERP1756,landline,arvind.patil19@erp.com,MOB004,2024-07-10,ERP
ECONT5750,ERP1750,work_email,meena.joshi53@erp.com,MOB003,2024-06-06,ERP
ECONT5709,ERP1709,email,seema.patil58@erp.com,MOB003,2025-03-03,ERP
ECONT5713,ERP1713,landline,anjali.nair98@erp.com,MOB003,2024-08-21,ERP
ECONT5023,ERP1023,phone,+91-9256856898,MOB003,2024-05-11,ERP
ECONT5321,ERP1321,work_email,neha.malhotra32@erp.com,MOB002,2024-05-09,ERP
ECONT5435,ERP1435,landline,alok.malhotra79@erp.com,MOB004,2024-11-18,ERP
ECONT5296,ERP1296,landline,shalini.mehta36@erp.com,MOB001,2024-11-08,ERP
ECONT5002,ERP1002,email,meera.mehta19@erp.com,MOB001,2025-04-09,ERP
ECONT5735,ERP1735,work_email,priya.guptha1@erp.com,MOB002,2024-06-18,ERP
ECONT5631,ERP1631,mobile,+91-9158812489,MOB003,2024-06-29,ERP
ECONT5036,ERP1036,work_email,rajiv.dubey89@erp.com,MOB005,2025-07-30,ERP
ECONT5569,ERP1569,email,vikas.patel32@erp.com,MOB001,2024-11-30,ERP
ECONT5120,ERP1120,phone,+91-9706989127,MOB004,2025-08-10,ERP
ECONT5924,ERP1924,landline,vikas.pandey29@erp.com,MOB002,2025-10-09,ERP
ECONT5156,ERP1156,work_email,arjun.gupta97@erp.com,MOB002,2024-03-03,ERP
ECONT5651,ERP1651,landline,rahul.patel25@erp.com,MOB002,2026-01-04,ERP
ECONT5723,ERP1723,phone,+91-9396673828,MOB004,2024-02-24,ERP
ECONT5767,ERP1767,email,harish.bajaj21@erp.com,MOB002,2025-07-03,ERP
ECONT5830,ERP1830,phone,+91-9002087668,MOB001,2024-01-13,ERP
ECONT5219,ERP1219,mobile,+91-9986185869,MOB004,2024-10-26,ERP
ECONT5014,ERP1014,landline,priya.pandey5@erp.com,MOB003,2026-01-05,ERP
ECONT5656,ERP1656,phone,+91-9915356202,MOB004,2025-01-12,ERP
ECONT5530,ERP1530,phone,+91-9282938907,MOB005,2026-01-21,ERP
ECONT5776,ERP1776,work_email,prakash.bajaj37@erp.com,MOB004,2024-05-20,ERP
ECONT5525,ERP1525,email,sneha.pandey73@erp.com,MOB004,2025-04-17,ERP
ECONT5361,ERP1361,landline,arvind.guptha68@erp.com,MOB005,2024-04-04,ERP
ECONT5189,ERP1189,landline,deepak.patel60@erp.com,MOB005,2024-08-10,ERP
ECONT5055,ERP1055,work_email,sunita.iyer24@erp.com,MOB002,2024-11-01,ERP
ECONT5541,ERP1541,phone,+91-9815112141,MOB001,2024-10-27,ERP
ECONT5863,ERP1863,work_email,vinay.kapoor87@erp.com,MOB001,2024-10-10,ERP
ECONT5915,ERP1915,phone,+91-9009351340,MOB004,2025-08-04,ERP
ECONT5471,ERP1471,phone,+91-9038453511,MOB004,2025-06-24,ERP
ECONT5912,ERP1912,phone,+91-9528646747,MOB004,2025-05-09,ERP
ECONT5095,ERP1095,phone,+91-9023059753,MOB005,2024-07-17,ERP
ECONT5468,ERP1468,mobile,+91-9359130255,MOB005,2026-03-08,ERP
ECONT5508,ERP1508,mobile,+91-9551153844,MOB001,2025-08-11,ERP
ECONT5649,ERP1649,mobile,+91-9819773587,MOB001,2024-02-28,ERP
ECONT5406,ERP1406,landline,rajiv.dubey51@erp.com,MOB001,2026-03-30,ERP
ECONT5836,ERP1836,landline,arvind.patil98@erp.com,MOB005,2026-02-15,ERP
ECONT5607,ERP1607,mobile,+91-9860897409,MOB003,2024-08-08,ERP
ECONT5715,ERP1715,email,arvind.menon19@erp.com,MOB004,2026-03-09,ERP
ECONT5366,ERP1366,work_email,ramesh.rao22@erp.com,MOB002,2024-08-22,ERP
ECONT5930,ERP1930,landline,vinod.reddy34@erp.com,MOB003,2024-06-07,ERP
ECONT5409,ERP1409,landline,lakshmi.kaur85@erp.com,MOB001,2025-01-25,ERP
ECONT5906,ERP1906,email,john.chopra76@erp.com,MOB002,2024-12-22,ERP
ECONT5034,ERP1034,phone,+91-9945968187,MOB004,2025-05-15,ERP
ECONT5372,ERP1372,mobile,+91-9004007017,MOB004,2025-01-21,ERP
ECONT5521,ERP1521,work_email,meena.mehta66@erp.com,MOB004,2024-05-31,ERP
ECONT5185,ERP1185,email,neha.menon27@erp.com,MOB002,2025-10-06,ERP
ECONT5796,ERP1796,landline,meera.bajaj46@erp.com,MOB001,2025-09-17,ERP
ECONT5943,ERP1943,work_email,sneha.nair65@erp.com,MOB001,2024-05-05,ERP
ECONT5288,ERP1288,mobile,+91-9742805924,MOB005,2025-05-26,ERP
ECONT5605,ERP1605,mobile,+91-9358363853,MOB002,2025-04-29,ERP
ECONT5797,ERP1797,email,shalini.chopra95@erp.com,MOB003,2024-10-11,ERP
ECONT5326,ERP1326,work_email,shalini.patil88@erp.com,MOB004,2025-05-08,ERP
ECONT5881,ERP1881,landline,anjali.joshi16@erp.com,MOB001,2025-11-27,ERP
ECONT5550,ERP1550,work_email,jane.pandey23@erp.com,MOB001,2024-06-14,ERP
ECONT5310,ERP1310,phone,+91-9801023771,MOB004,2025-12-01,ERP
ECONT5197,ERP1197,email,sneha.tiwari93@erp.com,MOB005,2024-04-01,ERP
ECONT5681,ERP1681,phone,+91-9651989782,MOB002,2025-01-17,ERP
ECONT5834,ERP1834,work_email,ajay.malhotra77@erp.com,MOB003,2025-03-09,ERP
ECONT5148,ERP1148,work_email,alok.patel87@erp.com,MOB004,2025-05-18,ERP
ECONT5080,ERP1080,mobile,+91-9329548258,MOB004,2024-02-01,ERP
ECONT5859,ERP1859,email,meera.verma98@erp.com,MOB001,2025-04-05,ERP
ECONT5807,ERP1807,landline,prakash.pandey60@erp.com,MOB001,2025-12-27,ERP
ECONT5334,ERP1334,phone,+91-9303053719,MOB003,2024-05-10,ERP
ECONT5556,ERP1556,work_email,anita.patel68@erp.com,MOB003,2024-10-17,ERP
ECONT5716,ERP1716,email,seema.agarwal80@erp.com,MOB002,2024-12-23,ERP
ECONT5774,ERP1774,work_email,shreya.menon28@erp.com,MOB001,2026-03-21,ERP
ECONT5209,ERP1209,phone,+91-9219996555,MOB002,2024-06-23,ERP
ECONT5475,ERP1475,email,ramesh.banerjee85@erp.com,MOB003,2025-12-07,ERP
ECONT5173,ERP1173,work_email,seema.joshi84@erp.com,MOB002,2024-09-14,ERP
ECONT5201,ERP1201,work_email,sanjay.joshi74@erp.com,MOB004,2024-08-21,ERP
ECONT5897,ERP1897,work_email,sanjay.mishra96@erp.com,MOB003,2024-07-23,ERP
ECONT5540,ERP1540,mobile,+91-9323757004,MOB005,2024-04-03,ERP
ECONT5792,ERP1792,email,sneha.chopra73@erp.com,MOB003,2025-11-05,ERP
ECONT5780,ERP1780,work_email,sneha.gupta29@erp.com,MOB005,2025-11-04,ERP
ECONT5719,ERP1719,landline,rohit.banerjee80@erp.com,MOB001,2024-08-07,ERP
ECONT5139,ERP1139,email,anita.banerjee93@erp.com,MOB002,2025-07-16,ERP
ECONT5375,ERP1375,landline,sunita.dubey22@erp.com,MOB004,2025-07-22,ERP
ECONT5487,ERP1487,landline,vinod.patel52@erp.com,MOB004,2024-07-19,ERP
ECONT5196,ERP1196,landline,vikas.tiwari55@erp.com,MOB002,2024-05-25,ERP
ECONT5245,ERP1245,email,amit.patil45@erp.com,MOB005,2026-03-18,ERP
ECONT5141,ERP1141,email,arvind.banerjee52@erp.com,MOB005,2024-05-16,ERP
ECONT5022,ERP1022,phone,+91-9459044997,MOB005,2025-03-01,ERP
ECONT5690,ERP1690,mobile,+91-9263405704,MOB005,2025-05-04,ERP
ECONT5413,ERP1413,work_email,pooja.kapoor56@erp.com,MOB003,2024-08-17,ERP
ECONT5188,ERP1188,landline,sneha.iyer5@erp.com,MOB002,2025-09-09,ERP
ECONT5515,ERP1515,email,sunita.patel45@erp.com,MOB003,2025-09-07,ERP
ECONT5613,ERP1613,phone,+91-9256846305,MOB002,2024-02-14,ERP
ECONT5724,ERP1724,phone,+91-9307404065,MOB002,2025-01-28,ERP
ECONT5677,ERP1677,email,shreya.agarwal14@erp.com,MOB004,2025-04-23,ERP
ECONT5788,ERP1788,work_email,seema.tiwari87@erp.com,MOB001,2025-10-28,ERP
ECONT5746,ERP1746,email,sachin.mishra21@erp.com,MOB005,2025-08-19,ERP
ECONT5097,ERP1097,landline,jane.shah15@erp.com,MOB001,2024-07-12,ERP
ECONT5847,ERP1847,email,amit.singh94@erp.com,MOB001,2024-09-10,ERP
ECONT5582,ERP1582,phone,+91-9711453123,MOB004,2025-10-29,ERP
ECONT5367,ERP1367,email,vinod.gupta72@erp.com,MOB001,2025-03-25,ERP
ECONT5545,ERP1545,mobile,+91-9835839699,MOB005,2025-11-29,ERP
ECONT5030,ERP1030,work_email,jane.desai15@erp.com,MOB005,2024-04-20,ERP
ECONT5328,ERP1328,mobile,+91-9458578054,MOB005,2024-05-30,ERP
ECONT5913,ERP1913,email,shalini.joshi73@erp.com,MOB004,2024-09-27,ERP
ECONT5642,ERP1642,work_email,vinay.mishra13@erp.com,MOB004,2024-01-11,ERP
ECONT5068,ERP1068,work_email,pooja.mehta69@erp.com,MOB001,2024-02-03,ERP
ECONT5828,ERP1828,email,ramesh.joshi17@erp.com,MOB001,2024-02-14,ERP
ECONT5047,ERP1047,mobile,+91-9201824104,MOB005,2025-09-18,ERP
ECONT5206,ERP1206,mobile,+91-9057526117,MOB002,2026-01-26,ERP
ECONT5488,ERP1488,landline,sunil.menon22@erp.com,MOB002,2025-01-01,ERP
ECONT5909,ERP1909,mobile,+91-9937224594,MOB004,2026-01-03,ERP
ECONT5247,ERP1247,mobile,+91-9045532188,MOB003,2024-05-05,ERP
ECONT5223,ERP1223,work_email,prakash.yadav89@erp.com,MOB002,2025-07-06,ERP
ECONT5328,ERP1328,mobile,+91-9458578054,MOB005,2024-05-30,ERP
ECONT5408,ERP1408,landline,arjun.pandey74@erp.com,MOB001,2024-12-16,ERP
ECONT5823,ERP1823,email,ajay.reddy55@erp.com,MOB001,2025-03-10,ERP
ECONT5249,ERP1249,landline,jane.mehta54@erp.com,MOB004,2024-01-02,ERP
ECONT5060,ERP1060,landline,rajiv.pandey64@erp.com,MOB002,2024-05-25,ERP
ECONT5532,ERP1532,work_email,kavita.agarwal87@erp.com,MOB004,2025-02-10,ERP
ECONT5269,ERP1269,phone,+91-9428880973,MOB001,2024-03-10,ERP
ECONT5498,ERP1498,phone,+91-9233554434,MOB005,2025-01-02,ERP
ECONT5071,ERP1071,phone,+91-9792479741,MOB004,2025-12-29,ERP
ECONT5860,ERP1860,landline,karan.patil87@erp.com,MOB004,2025-04-11,ERP
ECONT5237,ERP1237,email,sachin.malhotra50@erp.com,MOB001,2024-08-28,ERP
ECONT5668,ERP1668,email,shreya.kumar86@erp.com,MOB005,2025-04-20,ERP
ECONT5101,ERP1101,phone,+91-9185457263,MOB004,2025-08-07,ERP
ECONT5648,ERP1648,phone,+91-9794028551,MOB002,2025-12-06,ERP
ECONT5548,ERP1548,mobile,+91-9395731664,MOB003,2026-03-20,ERP
ECONT5216,ERP1216,phone,+91-9552008564,MOB003,2025-09-20,ERP
ECONT5946,ERP1946,email,ravi.tiwari22@erp.com,MOB005,2026-01-05,ERP
ECONT5949,ERP1949,work_email,shalini.iyer82@erp.com,MOB004,2024-07-17,ERP
ECONT5467,ERP1467,work_email,sachin.patil32@erp.com,MOB004,2025-02-25,ERP
ECONT5838,ERP1838,phone,+91-9789790746,MOB004,2025-01-14,ERP
ECONT5385,ERP1385,landline,harish.kapoor88@erp.com,MOB001,2025-04-30,ERP
ECONT5136,ERP1136,mobile,+91-9591203740,MOB002,2026-02-12,ERP
ECONT5067,ERP1067,phone,+91-9942782296,MOB005,2025-10-12,ERP
ECONT5732,ERP1732,work_email,shreya.yadav74@erp.com,MOB005,2024-03-19,ERP
ECONT5057,ERP1057,phone,+91-9314770196,MOB003,2025-12-13,ERP
ECONT5861,ERP1861,landline,deepak.patil68@erp.com,MOB005,2025-08-24,ERP
ECONT5664,ERP1664,landline,rajiv.pandey9@erp.com,MOB004,2024-02-20,ERP
ECONT5308,ERP1308,phone,+91-9940736628,MOB005,2025-08-31,ERP
ECONT5063,ERP1063,mobile,+91-9227174715,MOB005,2026-02-26,ERP
ECONT5492,ERP1492,mobile,+91-9156733548,MOB005,2024-12-31,ERP
ECONT5024,ERP1024,mobile,+91-9161852955,MOB001,2026-03-02,ERP
ECONT5824,ERP1824,landline,sneha.agarwal58@erp.com,MOB002,2024-07-07,ERP
ECONT5704,ERP1704,email,ajay.malhotra28@erp.com,MOB003,2025-10-18,ERP
ECONT5168,ERP1168,work_email,ramesh.verma20@erp.com,MOB005,2024-12-29,ERP
ECONT5850,ERP1850,email,anita.mishra31@erp.com,MOB004,2026-01-07,ERP
ECONT5784,ERP1784,mobile,+91-9294417023,MOB002,2025-10-28,ERP
ECONT5335,ERP1335,email,sunita.iyer65@erp.com,MOB005,2025-06-29,ERP
ECONT5238,ERP1238,mobile,+91-9005485787,MOB005,2025-07-13,ERP
ECONT5810,ERP1810,landline,karan.pandey84@erp.com,MOB005,2026-02-07,ERP
ECONT5431,ERP1431,email,priya.sharma81@erp.com,MOB002,2024-10-08,ERP
ECONT5341,ERP1341,landline,sneha.guptha24@erp.com,MOB005,2025-04-28,ERP
ECONT5224,ERP1224,landline,sanjay.singh8@erp.com,MOB003,2024-05-13,ERP
ECONT5672,ERP1672,email,meera.patel50@erp.com,MOB005,2025-12-03,ERP
ECONT5364,ERP1364,phone,+91-9469337854,MOB002,2025-06-11,ERP
ECONT5432,ERP1432,email,sanjay.bajaj41@erp.com,MOB001,2026-01-04,ERP
ECONT5800,ERP1800,mobile,+91-9376903525,MOB003,2024-04-08,ERP
ECONT5392,ERP1392,landline,amit.gupta64@erp.com,MOB002,2025-05-15,ERP
ECONT5794,ERP1794,phone,+91-9541776595,MOB004,2025-12-22,ERP
ECONT5105,ERP1105,phone,+91-9904702044,MOB003,2025-03-21,ERP
ECONT5805,ERP1805,mobile,+91-9527460969,MOB002,2025-05-23,ERP
ECONT5454,ERP1454,mobile,+91-9420627798,MOB003,2025-06-14,ERP
ECONT5464,ERP1464,mobile,+91-9926312099,MOB002,2025-08-06,ERP
ECONT5869,ERP1869,work_email,shalini.verma56@erp.com,MOB002,2026-02-27,ERP
ECONT5680,ERP1680,phone,+91-9281470951,MOB005,2025-04-05,ERP
ECONT5204,ERP1204,email,meera.yadav54@erp.com,MOB003,2025-03-21,ERP
ECONT5179,ERP1179,phone,+91-9108477609,MOB005,2025-06-20,ERP
ECONT5169,ERP1169,landline,amit.desai30@erp.com,MOB004,2024-05-23,ERP
ECONT5857,ERP1857,mobile,+91-9737427664,MOB003,2025-01-02,ERP
ECONT5337,ERP1337,work_email,arjun.joshi17@erp.com,MOB003,2024-07-26,ERP
ECONT5543,ERP1543,email,lakshmi.chopra99@erp.com,MOB002,2024-04-05,ERP
ECONT5757,ERP1757,work_email,vinod.rao85@erp.com,MOB004,2025-04-13,ERP
ECONT5234,ERP1234,landline,amit.yadav82@erp.com,MOB002,2024-09-28,ERP
ECONT5563,ERP1563,work_email,sneha.iyer98@erp.com,MOB004,2025-09-05,ERP
ECONT5615,ERP1615,mobile,+91-9192860384,MOB004,2025-03-11,ERP
ECONT5103,ERP1103,email,rekha.patel33@erp.com,MOB003,2025-09-19,ERP
ECONT5840,ERP1840,work_email,arvind.mehta78@erp.com,MOB005,2024-03-27,ERP
ECONT5293,ERP1293,phone,+91-9281616407,MOB003,2025-02-11,ERP
ECONT5842,ERP1842,email,suresh.shah65@erp.com,MOB004,2024-08-18,ERP
ECONT5038,ERP1038,mobile,+91-9344734951,MOB001,2024-04-24,ERP
ECONT5721,ERP1721,landline,meera.iyer40@erp.com,MOB005,2025-10-11,ERP
ECONT5829,ERP1829,mobile,+91-9935002137,MOB001,2024-01-22,ERP
ECONT5426,ERP1426,phone,+91-9215569309,MOB002,2025-05-16,ERP
ECONT5363,ERP1363,landline,jane.tiwari20@erp.com,MOB004,2025-09-13,ERP
ECONT5233,ERP1233,landline,vikas.mishra87@erp.com,MOB004,2024-10-14,ERP
ECONT5762,ERP1762,email,ramesh.rao52@erp.com,MOB005,2026-02-24,ERP
ECONT5130,ERP1130,email,arjun.desai63@erp.com,MOB002,2026-01-19,ERP
ECONT5235,ERP1235,work_email,sunil.joshi46@erp.com,MOB003,2025-06-25,ERP
ECONT5312,ERP1312,mobile,+91-9769656513,MOB002,2024-11-26,ERP
ECONT5675,ERP1675,phone,+91-9855858759,MOB003,2026-01-18,ERP
ECONT5099,ERP1099,landline,alok.pandey81@erp.com,MOB003,2025-07-29,ERP
ECONT5474,ERP1474,landline,sunil.verma99@erp.com,MOB003,2025-04-18,ERP
ECONT5948,ERP1948,work_email,alok.desai80@erp.com,MOB002,2024-11-21,ERP
ECONT5427,ERP1427,phone,+91-9706364187,MOB004,2026-02-22,ERP
ECONT5766,ERP1766,work_email,harish.singh2@erp.com,MOB002,2024-11-16,ERP
ECONT5658,ERP1658,email,lakshmi.chopra55@erp.com,MOB002,2025-10-30,ERP
ECONT5292,ERP1292,email,seema.malhotra65@erp.com,MOB001,2025-02-27,ERP
ECONT5079,ERP1079,mobile,+91-9078052074,MOB004,2025-07-05,ERP
ECONT5729,ERP1729,email,sanjay.kaur30@erp.com,MOB003,2025-01-29,ERP
ECONT5149,ERP1149,phone,+91-9929035637,MOB004,2025-12-01,ERP
ECONT5629,ERP1629,phone,+91-9355244324,MOB004,2024-02-27,ERP
ECONT5698,ERP1698,landline,sanjay.kaur22@erp.com,MOB002,2024-05-20,ERP
ECONT5789,ERP1789,work_email,pooja.gupta40@erp.com,MOB004,2026-01-07,ERP
ECONT5802,ERP1802,landline,sachin.menon53@erp.com,MOB004,2024-11-12,ERP
ECONT5708,ERP1708,mobile,+91-9787131008,MOB002,2025-01-24,ERP
ECONT5826,ERP1826,work_email,rajiv.iyer3@erp.com,MOB003,2024-07-11,ERP
ECONT5176,ERP1176,landline,anita.srivastava27@erp.com,MOB005,2024-10-14,ERP
ECONT5166,ERP1166,work_email,john.pandey52@erp.com,MOB004,2025-09-06,ERP
ECONT5529,ERP1529,mobile,+91-9998718644,MOB002,2026-03-06,ERP
ECONT5178,ERP1178,landline,prakash.srivastava81@erp.com,MOB001,2024-10-02,ERP
ECONT5663,ERP1663,mobile,+91-9633043039,MOB003,2025-08-08,ERP
ECONT5182,ERP1182,email,jane.dubey40@erp.com,MOB003,2026-01-15,ERP
ECONT5738,ERP1738,mobile,+91-9567774897,MOB003,2024-10-03,ERP
ECONT5759,ERP1759,landline,alok.patil16@erp.com,MOB003,2024-07-14,ERP
ECONT5343,ERP1343,phone,+91-9760844120,MOB001,2025-06-29,ERP
ECONT5947,ERP1947,phone,+91-9526528785,MOB004,2026-03-24,ERP
ECONT5261,ERP1261,work_email,kavita.patel91@erp.com,MOB002,2026-02-08,ERP
ECONT5534,ERP1534,mobile,+91-9533044518,MOB001,2024-02-27,ERP
ECONT5058,ERP1058,landline,anita.patil71@erp.com,MOB002,2025-09-30,ERP
ECONT5789,ERP1789,work_email,pooja.gupta40@erp.com,MOB004,2026-01-07,ERP
ECONT5742,ERP1742,mobile,+91-9471635511,MOB005,2024-04-11,ERP
ECONT5011,ERP1011,email,neha.srivastava2@erp.com,MOB002,2025-08-19,ERP
ECONT5446,ERP1446,work_email,jane.reddy69@erp.com,MOB004,2025-10-08,ERP
ECONT5124,ERP1124,mobile,+91-9897424652,MOB005,2025-04-24,ERP
ECONT5123,ERP1123,mobile,+91-9366845344,MOB005,2025-07-27,ERP
ECONT5421,ERP1421,landline,sunita.reddy89@erp.com,MOB005,2025-10-18,ERP
ECONT5633,ERP1633,email,ravi.mishra95@erp.com,MOB001,2025-08-10,ERP
ECONT5098,ERP1098,email,sunita.yadav97@erp.com,MOB001,2024-09-03,ERP
ECONT5357,ERP1357,mobile,+91-9099036462,MOB001,2026-02-07,ERP
ECONT5647,ERP1647,phone,+91-9402627142,MOB001,2024-12-29,ERP
ECONT5650,ERP1650,email,john.guptha76@erp.com,MOB001,2026-03-04,ERP
ECONT5874,ERP1874,email,neha.malhotra29@erp.com,MOB001,2025-04-19,ERP
ECONT5654,ERP1654,phone,+91-9376223587,MOB003,2024-12-29,ERP
ECONT5127,ERP1127,email,meena.kumar52@erp.com,MOB003,2024-09-17,ERP
ECONT5858,ERP1858,email,john.guptha97@erp.com,MOB002,2025-11-20,ERP
ECONT5652,ERP1652,landline,arvind.agarwal28@erp.com,MOB004,2024-10-21,ERP
ECONT5536,ERP1536,email,neha.sharma80@erp.com,MOB003,2025-01-07,ERP
ECONT5624,ERP1624,phone,+91-9081620836,MOB001,2024-07-01,ERP
ECONT5084,ERP1084,email,john.bajaj23@erp.com,MOB004,2025-05-27,ERP
ECONT5572,ERP1572,landline,rahul.yadav98@erp.com,MOB001,2025-07-22,ERP
ECONT5020,ERP1020,landline,sunil.verma91@erp.com,MOB003,2025-04-29,ERP
ECONT5743,ERP1743,phone,+91-9589274093,MOB002,2025-08-02,ERP
ECONT5104,ERP1104,landline,rahul.banerjee43@erp.com,MOB003,2024-05-21,ERP
ECONT5907,ERP1907,work_email,divya.shah86@erp.com,MOB003,2025-10-22,ERP
ECONT5441,ERP1441,email,vinod.nair95@erp.com,MOB005,2024-02-13,ERP
ECONT5619,ERP1619,email,deepak.gupta44@erp.com,MOB002,2025-03-07,ERP
ECONT5157,ERP1157,work_email,rekha.banerjee51@erp.com,MOB005,2024-08-19,ERP
ECONT5072,ERP1072,phone,+91-9247914405,MOB004,2026-02-24,ERP
ECONT5643,ERP1643,mobile,+91-9119528003,MOB002,2024-12-15,ERP
ECONT5918,ERP1918,work_email,jane.yadav64@erp.com,MOB004,2025-08-30,ERP
ECONT5195,ERP1195,phone,+91-9505765959,MOB001,2024-10-31,ERP
ECONT5674,ERP1674,email,meena.iyer52@erp.com,MOB002,2026-01-16,ERP
ECONT5018,ERP1018,phone,+91-9008762888,MOB001,2025-07-20,ERP
ECONT5618,ERP1618,mobile,+91-9449382367,MOB002,2024-09-13,ERP
ECONT5804,ERP1804,landline,john.guptha2@erp.com,MOB003,2026-01-21,ERP
ECONT5882,ERP1882,mobile,+91-9549388145,MOB004,2026-02-25,ERP
ECONT5769,ERP1769,email,rahul.menon99@erp.com,MOB002,2025-09-25,ERP
ECONT5270,ERP1270,phone,+91-9847175016,MOB002,2026-01-08,ERP
ECONT5787,ERP1787,mobile,+91-9778964778,MOB004,2025-11-29,ERP
ECONT5119,ERP1119,work_email,ramesh.agarwal87@erp.com,MOB005,2025-04-28,ERP
ECONT5853,ERP1853,landline,priya.malhotra41@erp.com,MOB003,2024-02-01,ERP
ECONT5402,ERP1402,landline,priya.kaur14@erp.com,MOB003,2024-11-11,ERP
ECONT5891,ERP1891,mobile,+91-9683960103,MOB001,2024-04-26,ERP
ECONT5275,ERP1275,work_email,ajay.dubey87@erp.com,MOB005,2025-09-15,ERP
ECONT5950,ERP1950,phone,+91-9558377550,MOB002,2025-09-14,ERP
ECONT5305,ERP1305,phone,+91-9416702539,MOB001,2024-05-03,ERP
ECONT5634,ERP1634,mobile,+91-9327047982,MOB001,2026-03-04,ERP
ECONT5873,ERP1873,email,harish.desai60@erp.com,MOB001,2025-12-10,ERP
ECONT5894,ERP1894,landline,amit.mishra27@erp.com,MOB001,2026-03-13,ERP
ECONT5587,ERP1587,work_email,sunita.bajaj22@erp.com,MOB004,2024-02-07,ERP
ECONT5688,ERP1688,landline,prakash.rao12@erp.com,MOB005,2025-03-06,ERP
ECONT5355,ERP1355,work_email,jane.kaur32@erp.com,MOB003,2026-03-15,ERP
ECONT5692,ERP1692,phone,+91-9401483933,MOB002,2024-08-29,ERP
ECONT5284,ERP1284,mobile,+91-9904679480,MOB002,2026-03-22,ERP
ECONT5359,ERP1359,landline,neha.joshi77@erp.com,MOB004,2025-01-08,ERP
ECONT5352,ERP1352,landline,seema.yadav49@erp.com,MOB003,2024-12-26,ERP
ECONT5040,ERP1040,email,harish.verma76@erp.com,MOB003,2025-03-16,ERP
ECONT5221,ERP1221,phone,+91-9874680458,MOB002,2026-01-02,ERP
ECONT5744,ERP1744,email,shreya.patil23@erp.com,MOB003,2025-08-29,ERP
ECONT5086,ERP1086,phone,+91-9096105103,MOB003,2024-01-28,ERP
ECONT5518,ERP1518,email,sanjay.singh39@erp.com,MOB004,2026-02-25,ERP
ECONT5808,ERP1808,work_email,pooja.srivastava28@erp.com,MOB005,2024-04-24,ERP
ECONT5544,ERP1544,landline,seema.kapoor30@erp.com,MOB002,2025-02-04,ERP
ECONT5154,ERP1154,landline,sachin.kapoor35@erp.com,MOB004,2025-05-03,ERP
ECONT5132,ERP1132,phone,+91-9774825001,MOB004,2024-10-26,ERP
ECONT5596,ERP1596,mobile,+91-9672063546,MOB003,2024-07-11,ERP
ECONT5074,ERP1074,email,deepak.gupta22@erp.com,MOB005,2025-03-28,ERP
ECONT5250,ERP1250,work_email,sachin.pandey66@erp.com,MOB003,2024-11-19,ERP
ECONT5730,ERP1730,mobile,+91-9986045558,MOB005,2024-12-14,ERP
ECONT5763,ERP1763,work_email,suresh.srivastava38@erp.com,MOB002,2025-07-10,ERP
ECONT5200,ERP1200,email,sachin.gupta73@erp.com,MOB004,2024-09-04,ERP
ECONT5846,ERP1846,mobile,+91-9535401161,MOB005,2025-11-04,ERP
ECONT5507,ERP1507,mobile,+91-9361360811,MOB003,2025-08-28,ERP
ECONT5868,ERP1868,phone,+91-9087852183,MOB005,2025-03-04,ERP
ECONT5064,ERP1064,landline,meena.srivastava54@erp.com,MOB001,2024-08-07,ERP
ECONT5559,ERP1559,work_email,rajiv.chopra39@erp.com,MOB005,2025-12-17,ERP
ECONT5682,ERP1682,landline,rohit.bajaj86@erp.com,MOB003,2025-11-01,ERP
ECONT5748,ERP1748,mobile,+91-9232356772,MOB005,2025-01-05,ERP
ECONT5711,ERP1711,phone,+91-9575354761,MOB004,2026-03-20,ERP
ECONT5329,ERP1329,work_email,sunil.kumar63@erp.com,MOB005,2025-08-02,ERP
ECONT5338,ERP1338,mobile,+91-9965332900,MOB004,2025-06-23,ERP
ECONT5319,ERP1319,mobile,+91-9553015181,MOB003,2025-01-15,ERP
ECONT5447,ERP1447,work_email,seema.banerjee26@erp.com,MOB003,2025-02-08,ERP
ECONT5144,ERP1144,landline,harish.agarwal8@erp.com,MOB005,2025-10-08,ERP
ECONT5887,ERP1887,phone,+91-9290781985,MOB002,2026-01-16,ERP
ECONT5591,ERP1591,phone,+91-9768110731,MOB001,2025-01-12,ERP
ECONT5009,ERP1009,work_email,arjun.shah94@erp.com,MOB003,2025-11-30,ERP
ECONT5665,ERP1665,work_email,shreya.dubey18@erp.com,MOB004,2025-12-07,ERP
ECONT5362,ERP1362,phone,+91-9057646346,MOB002,2024-04-28,ERP
ECONT5702,ERP1702,phone,+91-9778216445,MOB004,2026-03-10,ERP
ECONT5731,ERP1731,mobile,+91-9773891172,MOB001,2025-03-03,ERP
ECONT5493,ERP1493,landline,ramesh.kumar42@erp.com,MOB001,2024-01-23,ERP
ECONT5258,ERP1258,landline,seema.kaur53@erp.com,MOB005,2025-03-24,ERP
ECONT5542,ERP1542,phone,+91-9095342293,MOB003,2024-12-03,ERP
ECONT5395,ERP1395,mobile,+91-9224002562,MOB003,2024-04-01,ERP
ECONT5444,ERP1444,work_email,rahul.iyer91@erp.com,MOB003,2024-01-31,ERP
ECONT5486,ERP1486,work_email,jane.desai84@erp.com,MOB001,2024-05-13,ERP
ECONT5382,ERP1382,landline,alok.tiwari12@erp.com,MOB001,2025-06-17,ERP
ECONT5410,ERP1410,landline,deepak.patel49@erp.com,MOB004,2025-11-13,ERP
ECONT5773,ERP1773,email,vinay.kapoor23@erp.com,MOB003,2025-12-05,ERP
ECONT5504,ERP1504,email,manish.bajaj17@erp.com,MOB005,2024-12-29,ERP
ECONT5941,ERP1941,email,anjali.singh6@erp.com,MOB003,2026-01-15,ERP
ECONT5745,ERP1745,mobile,+91-9874498214,MOB005,2024-04-28,ERP
ECONT5380,ERP1380,email,alok.chopra30@erp.com,MOB001,2024-07-05,ERP
ECONT5318,ERP1318,work_email,jane.bajaj43@erp.com,MOB002,2026-02-24,ERP
ECONT5412,ERP1412,mobile,+91-9860028003,MOB002,2026-02-18,ERP
ECONT5645,ERP1645,phone,+91-9099358236,MOB004,2025-10-19,ERP
ECONT5087,ERP1087,email,pooja.joshi81@erp.com,MOB003,2024-10-14,ERP
ECONT5237,ERP1237,email,sachin.malhotra50@erp.com,MOB001,2024-08-28,ERP
ECONT5428,ERP1428,phone,+91-9868093696,MOB003,2026-01-23,ERP
ECONT5324,ERP1324,email,sachin.yadav90@erp.com,MOB001,2024-10-14,ERP
ECONT5870,ERP1870,phone,+91-9063666574,MOB003,2025-07-30,ERP
ECONT5755,ERP1755,email,amit.nair80@erp.com,MOB003,2025-07-10,ERP
ECONT5400,ERP1400,phone,+91-9912170389,MOB004,2024-04-27,ERP
ECONT5389,ERP1389,email,sneha.yadav74@erp.com,MOB003,2024-06-19,ERP
ECONT5933,ERP1933,phone,+91-9779438544,MOB003,2024-12-10,ERP
ECONT5114,ERP1114,work_email,sneha.rao88@erp.com,MOB005,2024-10-17,ERP
ECONT5758,ERP1758,mobile,+91-9980477555,MOB004,2024-11-15,ERP
ECONT5727,ERP1727,phone,+91-9668923460,MOB002,2024-05-27,ERP
ECONT5073,ERP1073,mobile,+91-9429845412,MOB002,2024-04-18,ERP
ECONT5741,ERP1741,mobile,+91-9352980995,MOB004,2025-12-14,ERP
ECONT5940,ERP1940,phone,+91-9438789966,MOB003,2025-12-28,ERP
ECONT5816,ERP1816,phone,+91-9173918172,MOB002,2024-02-25,ERP
ECONT5932,ERP1932,mobile,+91-9844345657,MOB004,2025-08-28,ERP
ECONT5586,ERP1586,email,manish.verma78@erp.com,MOB003,2024-08-07,ERP
ECONT5886,ERP1886,phone,+91-9061063165,MOB001,2024-09-08,ERP
ECONT5280,ERP1280,landline,manish.chopra90@erp.com,MOB005,2024-04-17,ERP
ECONT5781,ERP1781,landline,sachin.yadav22@erp.com,MOB005,2025-08-13,ERP
ECONT5616,ERP1616,phone,+91-9919008925,MOB001,2024-06-28,ERP
ECONT5142,ERP1142,mobile,+91-9890248550,MOB001,2024-07-12,ERP
ECONT5217,ERP1217,email,jane.mishra12@erp.com,MOB004,2025-03-17,ERP
ECONT5577,ERP1577,mobile,+91-9243263101,MOB004,2024-07-31,ERP
ECONT5473,ERP1473,email,karan.guptha66@erp.com,MOB002,2024-01-11,ERP
ECONT5747,ERP1747,landline,vinod.verma15@erp.com,MOB003,2024-04-22,ERP
ECONT5898,ERP1898,work_email,sneha.verma41@erp.com,MOB004,2024-05-02,ERP
ECONT5322,ERP1322,landline,meena.menon11@erp.com,MOB002,2025-08-15,ERP
ECONT5126,ERP1126,landline,rajiv.agarwal16@erp.com,MOB001,2025-03-02,ERP
ECONT5764,ERP1764,mobile,+91-9780895991,MOB002,2024-05-31,ERP
ECONT5608,ERP1608,landline,meera.srivastava25@erp.com,MOB001,2024-11-15,ERP
ECONT5225,ERP1225,mobile,+91-9707790100,MOB003,2025-02-02,ERP
ECONT5210,ERP1210,landline,ramesh.joshi58@erp.com,MOB003,2025-07-31,ERP
ECONT5140,ERP1140,landline,ramesh.pandey83@erp.com,MOB003,2025-04-15,ERP
ECONT5165,ERP1165,landline,lakshmi.singh76@erp.com,MOB001,2024-03-04,ERP
ECONT5628,ERP1628,landline,jane.verma37@erp.com,MOB005,2025-12-18,ERP
ECONT5344,ERP1344,landline,ajay.chopra64@erp.com,MOB003,2024-11-24,ERP
ECONT5751,ERP1751,mobile,+91-9889969393,MOB002,2025-12-28,ERP
ECONT5213,ERP1213,landline,arjun.chopra56@erp.com,MOB004,2026-01-07,ERP
ECONT5429,ERP1429,phone,+91-9704184200,MOB004,2025-01-29,ERP
ECONT5178,ERP1178,landline,prakash.srivastava81@erp.com,MOB001,2024-10-02,ERP
ECONT5482,ERP1482,email,vikas.srivastava96@erp.com,MOB005,2024-08-08,ERP
ECONT5513,ERP1513,email,vikas.mehta37@erp.com,MOB004,2025-12-29,ERP
ECONT5625,ERP1625,landline,priya.patil12@erp.com,MOB004,2025-04-09,ERP
ECONT5112,ERP1112,phone,+91-9771410381,MOB001,2025-12-04,ERP
ECONT5257,ERP1257,mobile,+91-9618031620,MOB001,2025-11-18,ERP
ECONT5066,ERP1066,landline,prakash.chopra27@erp.com,MOB005,2025-12-28,ERP
ECONT5695,ERP1695,email,sneha.agarwal62@erp.com,MOB005,2024-05-06,ERP
ECONT5371,ERP1371,phone,+91-9413386234,MOB004,2026-02-19,ERP
ECONT5262,ERP1262,email,sneha.bajaj3@erp.com,MOB004,2025-12-19,ERP
ECONT5501,ERP1501,email,ravi.mishra31@erp.com,MOB005,2024-04-17,ERP
ECONT5175,ERP1175,work_email,pooja.kaur88@erp.com,MOB001,2025-10-09,ERP
ECONT5281,ERP1281,landline,anjali.srivastava91@erp.com,MOB004,2025-10-10,ERP
ECONT5911,ERP1911,email,jane.verma17@erp.com,MOB003,2024-07-04,ERP
ECONT5315,ERP1315,landline,karan.gupta80@erp.com,MOB003,2025-09-06,ERP
ECONT5512,ERP1512,email,meena.srivastava95@erp.com,MOB001,2025-06-06,ERP
ECONT5722,ERP1722,mobile,+91-9348913231,MOB004,2024-02-08,ERP
ECONT5298,ERP1298,phone,+91-9998486170,MOB004,2025-03-17,ERP
ECONT5633,ERP1633,email,ravi.mishra95@erp.com,MOB001,2025-08-10,ERP
ECONT5537,ERP1537,work_email,manish.yadav16@erp.com,MOB004,2025-07-25,ERP
ECONT5900,ERP1900,landline,rohit.tiwari40@erp.com,MOB003,2026-01-22,ERP
ECONT5782,ERP1782,phone,+91-9695896584,MOB002,2025-11-17,ERP
ECONT5339,ERP1339,work_email,sneha.singh71@erp.com,MOB001,2024-12-05,ERP
ECONT5855,ERP1855,mobile,+91-9793368025,MOB004,2025-10-12,ERP
ECONT5384,ERP1384,mobile,+91-9031234370,MOB004,2026-02-06,ERP
ECONT5262,ERP1262,email,sneha.bajaj3@erp.com,MOB004,2025-12-19,ERP
ECONT5884,ERP1884,phone,+91-9875733778,MOB003,2024-04-09,ERP
ECONT5007,ERP1007,phone,+91-9821449238,MOB005,2024-09-25,ERP
ECONT5309,ERP1309,mobile,+91-9134148985,MOB004,2025-01-13,ERP
ECONT5502,ERP1502,mobile,+91-9575293821,MOB002,2025-05-12,ERP
ECONT5364,ERP1364,phone,+91-9469337854,MOB002,2025-06-11,ERP
ECONT5367,ERP1367,email,vinod.gupta72@erp.com,MOB001,2025-03-25,ERP
ECONT5793,ERP1793,landline,vikas.patel52@erp.com,MOB002,2026-03-12,ERP
ECONT5191,ERP1191,landline,sachin.patel48@erp.com,MOB005,2025-11-21,ERP
ECONT5848,ERP1848,phone,+91-9864209505,MOB003,2025-06-06,ERP
ECONT5470,ERP1470,email,amit.dubey16@erp.com,MOB001,2025-03-13,ERP
ECONT5516,ERP1516,email,ramesh.sharma66@erp.com,MOB005,2024-03-20,ERP
ECONT5245,ERP1245,email,amit.patil45@erp.com,MOB005,2026-03-18,ERP
ECONT5391,ERP1391,mobile,+91-9223954392,MOB004,2024-07-17,ERP
ECONT5085,ERP1085,landline,harish.nair97@erp.com,MOB003,2026-03-08,ERP
ECONT5867,ERP1867,mobile,+91-9745237218,MOB003,2025-07-19,ERP
ECONT5806,ERP1806,work_email,kavita.mehta34@erp.com,MOB002,2025-03-05,ERP
ECONT5397,ERP1397,landline,sunil.singh4@erp.com,MOB005,2025-10-30,ERP
ECONT5922,ERP1922,email,jane.verma94@erp.com,MOB002,2025-09-09,ERP
ECONT5291,ERP1291,email,vikas.srivastava4@erp.com,MOB004,2024-01-12,ERP
ECONT5317,ERP1317,mobile,+91-9364513008,MOB002,2024-01-09,ERP
ECONT5500,ERP1500,landline,seema.yadav96@erp.com,MOB002,2024-10-04,ERP
ECONT5082,ERP1082,phone,+91-9803712640,MOB001,2026-03-12,ERP
ECONT5606,ERP1606,work_email,anjali.patil45@erp.com,MOB005,2025-09-27,ERP
ECONT5740,ERP1740,mobile,+91-9150837560,MOB005,2024-12-14,ERP
ECONT5053,ERP1053,mobile,+91-9838969140,MOB001,2025-08-16,ERP
ECONT5033,ERP1033,work_email,sneha.guptha13@erp.com,MOB004,2024-06-04,ERP
ECONT5456,ERP1456,landline,lakshmi.iyer26@erp.com,MOB002,2024-01-23,ERP
ECONT5254,ERP1254,email,anita.kumar72@erp.com,MOB001,2025-01-29,ERP
ECONT5246,ERP1246,landline,sunita.patil92@erp.com,MOB001,2025-10-15,ERP
ECONT5285,ERP1285,landline,manish.menon16@erp.com,MOB004,2026-03-15,ERP
ECONT5102,ERP1102,landline,ravi.patil43@erp.com,MOB001,2024-11-08,ERP
ECONT5843,ERP1843,email,vinay.verma15@erp.com,MOB005,2024-09-15,ERP
ECONT5279,ERP1279,email,meena.yadav85@erp.com,MOB003,2025-09-06,ERP
ECONT5775,ERP1775,mobile,+91-9020046806,MOB005,2026-01-01,ERP
ECONT5026,ERP1026,mobile,+91-9099070870,MOB003,2025-08-29,ERP
ECONT5046,ERP1046,mobile,+91-9099666865,MOB001,2024-11-19,ERP
ECONT5437,ERP1437,email,harish.kapoor36@erp.com,MOB005,2024-02-03,ERP
ECONT5871,ERP1871,phone,+91-9088223176,MOB001,2024-01-17,ERP
ECONT5511,ERP1511,landline,neha.reddy37@erp.com,MOB005,2026-01-27,ERP
ECONT5472,ERP1472,landline,ramesh.singh88@erp.com,MOB003,2025-03-27,ERP
ECONT5452,ERP1452,mobile,+91-9022707819,MOB002,2025-10-05,ERP
ECONT5896,ERP1896,work_email,arjun.verma83@erp.com,MOB004,2026-03-13,ERP
ECONT5617,ERP1617,phone,+91-9092822736,MOB004,2024-12-30,ERP
ECONT5632,ERP1632,email,amit.malhotra53@erp.com,MOB005,2026-03-13,ERP
ECONT5274,ERP1274,mobile,+91-9582013608,MOB001,2024-05-04,ERP
ECONT5549,ERP1549,landline,sneha.iyer11@erp.com,MOB001,2024-04-20,ERP
ECONT5914,ERP1914,mobile,+91-9328692923,MOB004,2024-10-16,ERP
ECONT5331,ERP1331,work_email,vikas.nair40@erp.com,MOB002,2025-02-22,ERP
ECONT5528,ERP1528,work_email,prakash.rao43@erp.com,MOB003,2025-08-23,ERP
ECONT5603,ERP1603,landline,kavita.mehta11@erp.com,MOB005,2024-09-30,ERP
ECONT5129,ERP1129,landline,harish.shah59@erp.com,MOB003,2026-03-30,ERP
ECONT5194,ERP1194,mobile,+91-9433010470,MOB004,2024-08-16,ERP
ECONT5877,ERP1877,work_email,shreya.singh82@erp.com,MOB001,2024-09-24,ERP
ECONT5416,ERP1416,email,lakshmi.rao47@erp.com,MOB004,2025-09-24,ERP
ECONT5653,ERP1653,landline,prakash.menon78@erp.com,MOB003,2026-01-10,ERP
ECONT5040,ERP1040,email,harish.verma76@erp.com,MOB003,2025-03-16,ERP
ECONT5710,ERP1710,landline,rekha.srivastava33@erp.com,MOB002,2024-07-23,ERP
ECONT5276,ERP1276,mobile,+91-9195538742,MOB003,2024-12-31,ERP
ECONT5208,ERP1208,phone,+91-9237777259,MOB002,2024-12-25,ERP
ECONT5032,ERP1032,work_email,arvind.malhotra25@erp.com,MOB003,2025-02-05,ERP
ECONT5211,ERP1211,mobile,+91-9457504775,MOB004,2024-01-06,ERP
ECONT5835,ERP1835,mobile,+91-9525190026,MOB004,2026-03-24,ERP
ECONT5621,ERP1621,mobile,+91-9154590257,MOB004,2026-01-11,ERP
ECONT5670,ERP1670,email,sachin.tiwari55@erp.com,MOB005,2025-02-14,ERP
ECONT5418,ERP1418,email,meena.malhotra40@erp.com,MOB005,2024-04-08,ERP
ECONT5761,ERP1761,mobile,+91-9555535099,MOB003,2024-05-20,ERP
ECONT5875,ERP1875,email,harish.mehta49@erp.com,MOB004,2026-03-02,ERP
ECONT5503,ERP1503,work_email,kavita.dubey98@erp.com,MOB005,2024-05-21,ERP
ECONT5342,ERP1342,email,suresh.menon57@erp.com,MOB004,2025-04-29,ERP
ECONT5005,ERP1005,email,arjun.pandey63@erp.com,MOB003,2025-12-28,ERP
ECONT5553,ERP1553,phone,+91-9630754081,MOB001,2024-07-08,ERP
ECONT5595,ERP1595,work_email,sachin.kaur41@erp.com,MOB005,2024-11-23,ERP
ECONT5008,ERP1008,mobile,+91-9550712378,MOB005,2024-05-24,ERP
ECONT5021,ERP1021,work_email,arvind.iyer77@erp.com,MOB005,2025-03-18,ERP
ECONT5390,ERP1390,work_email,arvind.patel64@erp.com,MOB005,2026-02-11,ERP
ECONT5398,ERP1398,email,anita.yadav23@erp.com,MOB004,2026-03-16,ERP
ECONT5883,ERP1883,work_email,neha.kaur32@erp.com,MOB001,2024-09-27,ERP
ECONT5186,ERP1186,landline,sanjay.iyer55@erp.com,MOB005,2025-06-26,ERP
ECONT5313,ERP1313,work_email,kavita.verma26@erp.com,MOB003,2024-06-04,ERP
ECONT5146,ERP1146,work_email,seema.kaur5@erp.com,MOB004,2026-03-30,ERP
ECONT5240,ERP1240,phone,+91-9000742783,MOB003,2025-08-24,ERP
ECONT5377,ERP1377,work_email,ramesh.patel26@erp.com,MOB001,2024-11-02,ERP
ECONT5931,ERP1931,landline,deepak.chopra46@erp.com,MOB002,2025-12-03,ERP
ECONT5878,ERP1878,mobile,+91-9861998885,MOB004,2025-03-28,ERP
ECONT5889,ERP1889,email,anjali.pandey27@erp.com,MOB004,2024-05-21,ERP
ECONT5590,ERP1590,work_email,shreya.joshi12@erp.com,MOB005,2025-03-17,ERP
ECONT5519,ERP1519,phone,+91-9529526782,MOB003,2025-01-16,ERP
ECONT5676,ERP1676,landline,karan.yadav23@erp.com,MOB003,2024-02-15,ERP
ECONT5785,ERP1785,phone,+91-9830295523,MOB002,2024-03-21,ERP
ECONT5350,ERP1350,mobile,+91-9682438456,MOB001,2024-01-16,ERP
ECONT5566,ERP1566,email,sanjay.pandey35@erp.com,MOB005,2025-08-03,ERP
ECONT5344,ERP1344,landline,ajay.chopra64@erp.com,MOB003,2024-11-24,ERP
ECONT5005,ERP1005,email,arjun.pandey63@erp.com,MOB003,2025-12-28,ERP
ECONT5256,ERP1256,work_email,seema.rao52@erp.com,MOB003,2024-02-07,ERP
ECONT5159,ERP1159,work_email,shalini.sharma48@erp.com,MOB004,2024-08-16,ERP
ECONT5765,ERP1765,work_email,shalini.nair51@erp.com,MOB004,2024-03-24,ERP
ECONT5190,ERP1190,email,ramesh.kumar3@erp.com,MOB002,2024-06-17,ERP
ECONT5496,ERP1496,mobile,+91-9839410721,MOB001,2025-08-03,ERP
ECONT5737,ERP1737,landline,arvind.nair6@erp.com,MOB005,2024-12-11,ERP
ECONT5373,ERP1373,landline,ajay.desai20@erp.com,MOB001,2024-07-04,ERP
ECONT5145,ERP1145,phone,+91-9986821238,MOB004,2026-02-08,ERP
ECONT5121,ERP1121,work_email,sneha.rao7@erp.com,MOB002,2025-02-28,ERP
ECONT5509,ERP1509,landline,manish.guptha43@erp.com,MOB003,2024-09-25,ERP
ECONT5351,ERP1351,email,rahul.kumar37@erp.com,MOB003,2024-05-25,ERP
ECONT5214,ERP1214,phone,+91-9223201617,MOB002,2025-02-27,ERP
ECONT5481,ERP1481,email,alok.verma6@erp.com,MOB005,2025-07-29,ERP
ECONT5163,ERP1163,phone,+91-9429187564,MOB004,2025-01-11,ERP
ECONT5685,ERP1685,email,meena.desai19@erp.com,MOB001,2024-03-23,ERP
ECONT5226,ERP1226,mobile,+91-9593914313,MOB002,2025-03-29,ERP
ECONT5052,ERP1052,mobile,+91-9529518218,MOB001,2026-01-30,ERP
ECONT5143,ERP1143,landline,lakshmi.menon3@erp.com,MOB004,2024-02-17,ERP
ECONT5934,ERP1934,email,arjun.patel92@erp.com,MOB005,2024-12-28,ERP
ECONT5938,ERP1938,email,kavita.bajaj4@erp.com,MOB002,2024-08-06,ERP
ECONT5443,ERP1443,email,ramesh.shah12@erp.com,MOB003,2024-01-02,ERP
ECONT5856,ERP1856,email,arvind.singh26@erp.com,MOB004,2025-07-26,ERP
ECONT5594,ERP1594,email,anjali.yadav53@erp.com,MOB003,2025-10-04,ERP
ECONT5404,ERP1404,email,pooja.banerjee64@erp.com,MOB005,2024-06-09,ERP
ECONT5217,ERP1217,email,jane.mishra12@erp.com,MOB004,2025-03-17,ERP
ECONT5795,ERP1795,mobile,+91-9255207100,MOB005,2024-01-12,ERP
ECONT5522,ERP1522,landline,neha.guptha32@erp.com,MOB004,2025-09-02,ERP
ECONT5070,ERP1070,email,jane.reddy53@erp.com,MOB004,2026-03-29,ERP
ECONT5353,ERP1353,email,deepak.joshi27@erp.com,MOB002,2024-03-11,ERP
ECONT5399,ERP1399,work_email,prakash.dubey25@erp.com,MOB002,2025-09-14,ERP
ECONT5206,ERP1206,mobile,+91-9057526117,MOB002,2026-01-26,ERP
ECONT5604,ERP1604,email,john.kapoor75@erp.com,MOB004,2025-01-05,ERP
ECONT5751,ERP1751,mobile,+91-9889969393,MOB002,2025-12-28,ERP
ECONT5495,ERP1495,phone,+91-9555316573,MOB002,2024-02-26,ERP
ECONT5845,ERP1845,work_email,deepak.pandey36@erp.com,MOB001,2025-07-05,ERP
ECONT5300,ERP1300,phone,+91-9649420211,MOB001,2025-09-06,ERP
ECONT5003,ERP1003,landline,karan.mishra21@erp.com,MOB001,2025-02-07,ERP
ECONT5451,ERP1451,mobile,+91-9760973960,MOB005,2024-10-17,ERP
ECONT5920,ERP1920,landline,rahul.menon13@erp.com,MOB002,2024-05-04,ERP
ECONT5921,ERP1921,email,anjali.srivastava4@erp.com,MOB004,2024-06-09,ERP
ECONT5834,ERP1834,work_email,ajay.malhotra77@erp.com,MOB003,2025-03-09,ERP
ECONT5450,ERP1450,phone,+91-9283957809,MOB001,2024-12-09,ERP
ECONT5253,ERP1253,email,arvind.desai46@erp.com,MOB004,2024-04-06,ERP
ECONT5265,ERP1265,work_email,vikas.sharma18@erp.com,MOB001,2025-07-30,ERP
ECONT5151,ERP1151,email,neha.malhotra44@erp.com,MOB004,2024-11-20,ERP
ECONT5596,ERP1596,mobile,+91-9672063546,MOB003,2024-07-11,ERP
ECONT5612,ERP1612,email,seema.kapoor44@erp.com,MOB002,2025-04-15,ERP
ECONT5687,ERP1687,landline,manish.mishra16@erp.com,MOB002,2025-01-25,ERP
ECONT5693,ERP1693,email,ravi.pandey23@erp.com,MOB004,2025-12-07,ERP
ECONT5365,ERP1365,email,ajay.agarwal75@erp.com,MOB001,2024-08-03,ERP
ECONT5273,ERP1273,mobile,+91-9126572320,MOB005,2025-03-17,ERP
ECONT5442,ERP1442,mobile,+91-9509725187,MOB002,2025-04-14,ERP
ECONT5113,ERP1113,mobile,+91-9477767892,MOB001,2025-04-21,ERP
ECONT5218,ERP1218,landline,shreya.yadav86@erp.com,MOB001,2025-09-05,ERP
ECONT5876,ERP1876,landline,karan.tiwari62@erp.com,MOB003,2025-09-07,ERP
ECONT5419,ERP1419,phone,+91-9220763393,MOB002,2026-01-17,ERP
ECONT5082,ERP1082,phone,+91-9803712640,MOB001,2026-03-12,ERP
ECONT5075,ERP1075,mobile,+91-9130812114,MOB003,2025-01-01,ERP
ECONT5054,ERP1054,mobile,+91-9294579205,MOB001,2025-07-26,ERP
ECONT5485,ERP1485,landline,manish.patel7@erp.com,MOB001,2026-01-31,ERP
ECONT5466,ERP1466,landline,jane.patel67@erp.com,MOB003,2025-11-19,ERP
ECONT5222,ERP1222,phone,+91-9617024006,MOB003,2024-09-18,ERP
ECONT5325,ERP1325,landline,anjali.yadav63@erp.com,MOB005,2024-08-15,ERP
ECONT5626,ERP1626,work_email,vinod.iyer31@erp.com,MOB003,2026-03-29,ERP
ECONT5551,ERP1551,mobile,+91-9035410190,MOB005,2025-12-26,ERP
ECONT5461,ERP1461,landline,amit.dubey61@erp.com,MOB003,2025-03-19,ERP
ECONT5593,ERP1593,landline,vikas.kumar68@erp.com,MOB003,2025-11-17,ERP
ECONT5669,ERP1669,phone,+91-9543872204,MOB002,2024-04-12,ERP
ECONT5242,ERP1242,phone,+91-9788830120,MOB005,2024-05-05,ERP
ECONT5640,ERP1640,landline,shreya.menon70@erp.com,MOB003,2024-05-02,ERP
ECONT5459,ERP1459,email,seema.iyer3@erp.com,MOB003,2025-11-15,ERP
ECONT5517,ERP1517,work_email,shreya.reddy85@erp.com,MOB002,2025-04-02,ERP
ECONT5094,ERP1094,landline,karan.kaur48@erp.com,MOB001,2025-08-17,ERP
ECONT5297,ERP1297,landline,kavita.malhotra85@erp.com,MOB001,2024-10-24,ERP
ECONT5854,ERP1854,landline,sunita.kaur41@erp.com,MOB004,2025-04-12,ERP
ECONT5339,ERP1339,work_email,sneha.singh71@erp.com,MOB001,2024-12-05,ERP
ECONT5657,ERP1657,email,rajiv.tiwari51@erp.com,MOB002,2024-01-13,ERP
ECONT5469,ERP1469,landline,rajiv.agarwal9@erp.com,MOB001,2025-10-05,ERP
ECONT5448,ERP1448,phone,+91-9286128436,MOB004,2025-03-18,ERP
ECONT5662,ERP1662,landline,meena.menon29@erp.com,MOB004,2024-01-04,ERP
ECONT5405,ERP1405,landline,arvind.verma78@erp.com,MOB001,2024-03-30,ERP
ECONT5056,ERP1056,mobile,+91-9858007157,MOB004,2024-12-11,ERP
ECONT5089,ERP1089,mobile,+91-9247891943,MOB001,2024-03-29,ERP
ECONT5770,ERP1770,landline,pooja.mishra97@erp.com,MOB005,2025-05-20,ERP
ECONT5944,ERP1944,mobile,+91-9145875642,MOB002,2025-06-28,ERP
ECONT5926,ERP1926,email,amit.mehta86@erp.com,MOB001,2025-12-24,ERP
ECONT5278,ERP1278,phone,+91-9846141259,MOB002,2024-08-14,ERP
ECONT5458,ERP1458,email,sanjay.dubey35@erp.com,MOB004,2025-06-24,ERP
ECONT5323,ERP1323,email,alok.bajaj96@erp.com,MOB002,2026-01-12,ERP
ECONT5546,ERP1546,mobile,+91-9717506128,MOB004,2024-02-06,ERP
ECONT5369,ERP1369,phone,+91-9596544704,MOB004,2024-11-13,ERP
ECONT5453,ERP1453,mobile,+91-9518551504,MOB005,2024-04-22,ERP
ECONT5754,ERP1754,landline,arjun.banerjee65@erp.com,MOB005,2025-06-17,ERP
ECONT5524,ERP1524,email,neha.dubey47@erp.com,MOB005,2024-10-18,ERP
ECONT5578,ERP1578,landline,sunil.agarwal35@erp.com,MOB001,2025-01-31,ERP
ECONT5430,ERP1430,landline,rohit.verma82@erp.com,MOB003,2025-03-29,ERP
ECONT5712,ERP1712,landline,deepak.menon69@erp.com,MOB003,2024-11-28,ERP
ECONT5689,ERP1689,work_email,seema.tiwari27@erp.com,MOB003,2024-09-01,ERP
ECONT5574,ERP1574,landline,rahul.banerjee9@erp.com,MOB001,2025-11-08,ERP
ECONT5696,ERP1696,landline,meena.desai21@erp.com,MOB004,2025-08-28,ERP
ECONT5570,ERP1570,phone,+91-9433120998,MOB003,2025-10-31,ERP
ECONT5453,ERP1453,mobile,+91-9518551504,MOB005,2024-04-22,ERP
ECONT5035,ERP1035,mobile,+91-9978483367,MOB004,2024-03-28,ERP
ECONT5263,ERP1263,phone,+91-9089903713,MOB002,2025-08-28,ERP
ECONT5460,ERP1460,mobile,+91-9199425517,MOB004,2024-01-30,ERP
ECONT5387,ERP1387,landline,rahul.verma13@erp.com,MOB001,2025-12-06,ERP
ECONT5157,ERP1157,work_email,rekha.banerjee51@erp.com,MOB005,2024-08-19,ERP
ECONT5733,ERP1733,landline,shreya.kapoor46@erp.com,MOB001,2025-02-04,ERP
ECONT5803,ERP1803,work_email,ravi.rao55@erp.com,MOB002,2025-02-15,ERP
ECONT5436,ERP1436,landline,sunil.mishra34@erp.com,MOB003,2024-01-28,ERP
ECONT5110,ERP1110,mobile,+91-9876296466,MOB004,2025-12-29,ERP
ECONT5294,ERP1294,landline,manish.patel29@erp.com,MOB005,2025-10-14,ERP
ECONT5588,ERP1588,mobile,+91-9274190762,MOB004,2024-12-29,ERP
ECONT5207,ERP1207,work_email,priya.menon95@erp.com,MOB004,2024-07-27,ERP
ECONT5910,ERP1910,landline,divya.kumar88@erp.com,MOB004,2024-08-04,ERP
ECONT5303,ERP1303,phone,+91-9955777329,MOB005,2024-11-23,ERP
ECONT5199,ERP1199,phone,+91-9409239149,MOB002,2024-06-05,ERP
ECONT5837,ERP1837,landline,sneha.tiwari64@erp.com,MOB005,2025-04-09,ERP
ECONT5268,ERP1268,phone,+91-9165892596,MOB004,2024-09-18,ERP
ECONT5396,ERP1396,landline,prakash.verma10@erp.com,MOB005,2024-12-20,ERP
ECONT5499,ERP1499,phone,+91-9644248368,MOB004,2024-07-28,ERP
ECONT5109,ERP1109,email,neha.patil75@erp.com,MOB002,2024-08-27,ERP
ECONT5150,ERP1150,phone,+91-9373246805,MOB001,2025-05-01,ERP
ECONT5411,ERP1411,phone,+91-9194891906,MOB001,2025-08-21,ERP
ECONT5266,ERP1266,mobile,+91-9887816714,MOB002,2025-05-04,ERP
ECONT5706,ERP1706,email,arvind.kumar64@erp.com,MOB003,2024-02-02,ERP
ECONT5699,ERP1699,mobile,+91-9472979185,MOB004,2025-06-06,ERP
ECONT5048,ERP1048,work_email,rahul.dubey8@erp.com,MOB004,2025-02-12,ERP
ECONT5709,ERP1709,email,seema.patil58@erp.com,MOB003,2025-03-03,ERP
ECONT5679,ERP1679,mobile,+91-9591628232,MOB002,2026-01-18,ERP
ECONT5784,ERP1784,mobile,+91-9294417023,MOB002,2025-10-28,ERP
ECONT5277,ERP1277,landline,seema.dubey99@erp.com,MOB004,2025-08-17,ERP
ECONT5567,ERP1567,phone,+91-9565297712,MOB004,2025-11-10,ERP
ECONT5667,ERP1667,phone,+91-9883990834,MOB004,2025-05-22,ERP
ECONT5232,ERP1232,work_email,meera.shah31@erp.com,MOB001,2025-06-07,ERP
ECONT5813,ERP1813,email,sanjay.guptha75@erp.com,MOB004,2024-09-07,ERP
ECONT5316,ERP1316,mobile,+91-9485992944,MOB002,2024-04-20,ERP
ECONT5041,ERP1041,mobile,+91-9274987205,MOB005,2025-05-01,ERP
ECONT5138,ERP1138,phone,+91-9442311553,MOB001,2024-05-31,ERP
ECONT5845,ERP1845,work_email,deepak.pandey36@erp.com,MOB001,2025-07-05,ERP
ECONT5296,ERP1296,landline,shalini.mehta36@erp.com,MOB001,2024-11-08,ERP
ECONT5295,ERP1295,email,anita.bajaj74@erp.com,MOB001,2025-05-13,ERP
ECONT5128,ERP1128,mobile,+91-9110671759,MOB005,2025-05-31,ERP
ECONT5554,ERP1554,work_email,rajiv.malhotra70@erp.com,MOB005,2025-10-13,ERP
ECONT5107,ERP1107,phone,+91-9998814413,MOB001,2025-10-25,ERP
ECONT5348,ERP1348,work_email,jane.singh51@erp.com,MOB002,2024-04-07,ERP
ECONT5440,ERP1440,landline,pooja.desai16@erp.com,MOB002,2025-02-20,ERP
ECONT5514,ERP1514,work_email,neha.shah43@erp.com,MOB001,2025-03-30,ERP
ECONT5183,ERP1183,email,kavita.rao63@erp.com,MOB005,2026-03-21,ERP
ECONT5928,ERP1928,work_email,shreya.iyer48@erp.com,MOB001,2025-10-26,ERP
ECONT5132,ERP1132,phone,+91-9774825001,MOB004,2024-10-26,ERP
ECONT5403,ERP1403,email,karan.menon37@erp.com,MOB002,2026-02-06,ERP
ECONT5694,ERP1694,work_email,suresh.shah77@erp.com,MOB003,2026-03-05,ERP
ECONT5299,ERP1299,work_email,rekha.gupta87@erp.com,MOB005,2024-10-21,ERP
ECONT5637,ERP1637,email,neha.nair93@erp.com,MOB002,2024-08-17,ERP
ECONT5423,ERP1423,work_email,vinod.agarwal45@erp.com,MOB005,2025-01-22,ERP
ECONT5401,ERP1401,mobile,+91-9035603000,MOB001,2024-03-17,ERP
ECONT5255,ERP1255,email,priya.patel78@erp.com,MOB005,2026-02-28,ERP
ECONT5181,ERP1181,mobile,+91-9959544471,MOB004,2024-10-29,ERP
ECONT5449,ERP1449,work_email,vinay.kaur18@erp.com,MOB004,2024-07-20,ERP
ECONT5849,ERP1849,work_email,ravi.patel73@erp.com,MOB001,2026-02-24,ERP
ECONT5634,ERP1634,mobile,+91-9327047982,MOB001,2026-03-04,ERP
ECONT5304,ERP1304,mobile,+91-9144687445,MOB004,2024-05-12,ERP
ECONT5045,ERP1045,work_email,amit.menon85@erp.com,MOB004,2025-10-19,ERP
ECONT5344,ERP1344,landline,ajay.chopra64@erp.com,MOB003,2024-11-24,ERP
ECONT5311,ERP1311,work_email,neha.shah9@erp.com,MOB003,2025-05-24,ERP
ECONT5100,ERP1100,phone,+91-9872900572,MOB004,2024-02-04,ERP
ECONT5663,ERP1663,mobile,+91-9633043039,MOB003,2025-08-08,ERP
ECONT5589,ERP1589,email,pooja.srivastava33@erp.com,MOB002,2024-02-13,ERP
ECONT5880,ERP1880,landline,shalini.nair21@erp.com,MOB003,2025-04-23,ERP
ECONT5602,ERP1602,phone,+91-9046404720,MOB001,2025-01-07,ERP
ECONT5006,ERP1006,work_email,neha.gupta8@erp.com,MOB002,2024-02-11,ERP
ECONT5347,ERP1347,email,rahul.chopra78@erp.com,MOB002,2024-04-15,ERP
ECONT5555,ERP1555,work_email,sanjay.reddy84@erp.com,MOB001,2025-07-27,ERP
ECONT5700,ERP1700,mobile,+91-9851708968,MOB002,2025-08-04,ERP
ECONT5349,ERP1349,email,vinay.agarwal92@erp.com,MOB001,2024-09-20,ERP
ECONT5333,ERP1333,work_email,manish.yadav87@erp.com,MOB003,2025-01-05,ERP
ECONT5497,ERP1497,mobile,+91-9976614818,MOB003,2024-10-31,ERP
ECONT5801,ERP1801,work_email,seema.banerjee85@erp.com,MOB003,2024-04-22,ERP
ECONT5718,ERP1718,landline,sachin.dubey10@erp.com,MOB005,2025-07-12,ERP
ECONT5934,ERP1934,email,arjun.patel92@erp.com,MOB005,2024-12-28,ERP
ECONT5358,ERP1358,work_email,vinay.guptha82@erp.com,MOB003,2024-08-19,ERP
ECONT5666,ERP1666,work_email,amit.malhotra68@erp.com,MOB001,2024-12-18,ERP
ECONT5506,ERP1506,phone,+91-9831081780,MOB005,2026-03-13,ERP
ECONT5434,ERP1434,work_email,sanjay.agarwal77@erp.com,MOB001,2025-07-26,ERP
ECONT5560,ERP1560,email,priya.desai24@erp.com,MOB004,2025-03-21,ERP
ECONT5641,ERP1641,email,amit.singh30@erp.com,MOB004,2025-04-04,ERP
ECONT5526,ERP1526,mobile,+91-9468556116,MOB004,2024-05-15,ERP
ECONT5455,ERP1455,phone,+91-9510861207,MOB005,2025-10-11,ERP
ECONT5049,ERP1049,mobile,+91-9370838197,MOB005,2025-09-14,ERP
ECONT5025,ERP1025,mobile,+91-9947954198,MOB002,2025-05-29,ERP
ECONT5227,ERP1227,email,anita.yadav95@erp.com,MOB004,2025-03-29,ERP
ECONT5907,ERP1907,work_email,divya.shah86@erp.com,MOB003,2025-10-22,ERP
ECONT5287,ERP1287,email,rajiv.verma96@erp.com,MOB004,2024-02-13,ERP
ECONT5752,ERP1752,phone,+91-9324238640,MOB001,2024-06-04,ERP
ECONT5815,ERP1815,work_email,vinod.pandey31@erp.com,MOB001,2024-01-17,ERP
ECONT5174,ERP1174,phone,+91-9011962073,MOB003,2024-07-21,ERP
ECONT5013,ERP1013,email,anjali.tiwari12@erp.com,MOB002,2026-03-27,ERP
ECONT5345,ERP1345,mobile,+91-9776271239,MOB002,2024-02-26,ERP
ECONT5477,ERP1477,landline,lakshmi.desai8@erp.com,MOB005,2024-01-11,ERP
ECONT5069,ERP1069,work_email,shalini.patil53@erp.com,MOB003,2025-03-25,ERP
ECONT5290,ERP1290,landline,alok.banerjee42@erp.com,MOB003,2024-10-14,ERP
ECONT5620,ERP1620,mobile,+91-9724187497,MOB002,2025-02-18,ERP
ECONT5908,ERP1908,landline,suresh.reddy4@erp.com,MOB003,2024-01-29,ERP
ECONT5004,ERP1004,mobile,+91-9655259962,MOB002,2024-04-04,ERP
ECONT5885,ERP1885,mobile,+91-9178296026,MOB004,2025-01-11,ERP
ECONT5445,ERP1445,mobile,+91-9861318748,MOB002,2025-02-21,ERP
ECONT5814,ERP1814,work_email,prakash.srivastava10@erp.com,MOB001,2024-11-09,ERP
ECONT5059,ERP1059,phone,+91-9359761245,MOB005,2026-01-19,ERP
ECONT5552,ERP1552,work_email,pooja.malhotra91@erp.com,MOB002,2025-08-07,ERP
ECONT5540,ERP1540,mobile,+91-9323757004,MOB005,2024-04-03,ERP
ECONT5565,ERP1565,mobile,+91-9733472359,MOB005,2025-04-30,ERP
ECONT5839,ERP1839,landline,arvind.iyer62@erp.com,MOB004,2025-11-03,ERP
ECONT5015,ERP1015,phone,+91-9613830417,MOB003,2025-08-19,ERP
ECONT5202,ERP1202,email,vinod.patel79@erp.com,MOB003,2025-09-02,ERP
ECONT5172,ERP1172,mobile,+91-9007414852,MOB005,2025-12-10,ERP
ECONT5203,ERP1203,work_email,neha.menon72@erp.com,MOB005,2024-12-22,ERP
ECONT5031,ERP1031,landline,vikas.dubey5@erp.com,MOB005,2024-06-06,ERP
ECONT5940,ERP1940,phone,+91-9438789966,MOB003,2025-12-28,ERP
ECONT5809,ERP1809,mobile,+91-9473894145,MOB001,2026-03-22,ERP
ECONT5457,ERP1457,email,manish.kumar33@erp.com,MOB002,2024-11-25,ERP
ECONT5370,ERP1370,phone,+91-9274704306,MOB001,2025-04-15,ERP
ECONT5472,ERP1472,landline,ramesh.singh88@erp.com,MOB003,2025-03-27,ERP
ECONT5118,ERP1118,work_email,john.singh70@erp.com,MOB002,2025-10-17,ERP
ECONT5360,ERP1360,email,anita.patil71@erp.com,MOB004,2025-10-03,ERP
ECONT5476,ERP1476,email,rajiv.dubey34@erp.com,MOB005,2024-05-12,ERP
ECONT5739,ERP1739,work_email,meena.iyer87@erp.com,MOB002,2025-03-21,ERP
ECONT5529,ERP1529,mobile,+91-9998718644,MOB002,2026-03-06,ERP
ECONT5639,ERP1639,email,jane.patil25@erp.com,MOB004,2025-12-18,ERP
ECONT5323,ERP1323,email,alok.bajaj96@erp.com,MOB002,2026-01-12,ERP
ECONT5799,ERP1799,work_email,sachin.iyer91@erp.com,MOB001,2026-01-30,ERP
ECONT5929,ERP1929,landline,sunil.guptha39@erp.com,MOB002,2025-11-21,ERP
ECONT5636,ERP1636,mobile,+91-9651537654,MOB002,2024-07-13,ERP
ECONT5831,ERP1831,work_email,neha.rao16@erp.com,MOB002,2024-12-10,ERP
ECONT5336,ERP1336,phone,+91-9884725686,MOB002,2024-11-18,ERP
ECONT5833,ERP1833,phone,+91-9815871165,MOB002,2025-12-02,ERP
ECONT5078,ERP1078,email,anita.rao92@erp.com,MOB002,2025-12-20,ERP
ECONT5215,ERP1215,phone,+91-9830592387,MOB005,2025-08-07,ERP
ECONT5241,ERP1241,phone,+91-9432032049,MOB003,2025-03-27,ERP
ECONT5135,ERP1135,email,harish.desai13@erp.com,MOB002,2024-03-29,ERP
ECONT5039,ERP1039,work_email,harish.guptha21@erp.com,MOB001,2026-02-20,ERP
ECONT5791,ERP1791,phone,+91-9402606213,MOB001,2026-01-10,ERP
ECONT5424,ERP1424,landline,lakshmi.dubey38@erp.com,MOB002,2025-12-14,ERP
ECONT5584,ERP1584,email,rajiv.shah44@erp.com,MOB001,2026-01-22,ERP
ECONT5332,ERP1332,landline,john.kapoor99@erp.com,MOB005,2026-02-11,ERP
ECONT5717,ERP1717,landline,alok.pandey20@erp.com,MOB001,2024-01-02,ERP
ECONT5659,ERP1659,mobile,+91-9623808252,MOB002,2025-02-24,ERP
ECONT5611,ERP1611,work_email,kavita.srivastava14@erp.com,MOB004,2025-07-16,ERP
ECONT5252,ERP1252,landline,lakshmi.iyer2@erp.com,MOB001,2024-02-01,ERP
ECONT5185,ERP1185,email,neha.menon27@erp.com,MOB002,2025-10-06,ERP
ECONT5356,ERP1356,phone,+91-9176767600,MOB005,2025-03-18,ERP
ECONT5286,ERP1286,mobile,+91-9739847432,MOB005,2026-02-26,ERP
ECONT5771,ERP1771,phone,+91-9977056768,MOB004,2024-11-05,ERP
ECONT5866,ERP1866,phone,+91-9577044808,MOB001,2024-10-13,ERP
ECONT5599,ERP1599,landline,prakash.malhotra89@erp.com,MOB001,2026-03-09,ERP
ECONT5535,ERP1535,email,ravi.joshi44@erp.com,MOB005,2024-09-03,ERP
ECONT5125,ERP1125,landline,vinay.malhotra77@erp.com,MOB003,2024-03-15,ERP
ECONT5772,ERP1772,phone,+91-9522691997,MOB002,2024-03-17,ERP
ECONT5161,ERP1161,mobile,+91-9786452300,MOB004,2024-08-20,ERP
ECONT5893,ERP1893,phone,+91-9110016393,MOB002,2026-01-24,ERP
ECONT5088,ERP1088,landline,ravi.dubey46@erp.com,MOB004,2026-03-17,ERP
ECONT5490,ERP1490,landline,sanjay.patel16@erp.com,MOB003,2024-10-08,ERP
ECONT5644,ERP1644,landline,rohit.desai88@erp.com,MOB002,2024-08-05,ERP
ECONT5671,ERP1671,mobile,+91-9527053793,MOB004,2024-07-26,ERP
ECONT5575,ERP1575,work_email,anita.desai74@erp.com,MOB002,2024-09-05,ERP
ECONT5029,ERP1029,phone,+91-9727381798,MOB004,2024-11-05,ERP
ECONT5177,ERP1177,mobile,+91-9137312945,MOB003,2025-10-23,ERP
ECONT5155,ERP1155,mobile,+91-9922456474,MOB001,2024-07-17,ERP
ECONT5484,ERP1484,mobile,+91-9907034454,MOB003,2024-06-07,ERP
ECONT5061,ERP1061,email,karan.dubey70@erp.com,MOB002,2025-12-03,ERP
ECONT5623,ERP1623,phone,+91-9044742059,MOB004,2025-08-15,ERP
ECONT5001,ERP1001,landline,sneha.kaur45@erp.com,MOB002,2025-12-07,ERP
ECONT5019,ERP1019,mobile,+91-9218985733,MOB003,2026-01-28,ERP
ECONT5734,ERP1734,work_email,pooja.gupta10@erp.com,MOB003,2025-10-09,ERP
ECONT5558,ERP1558,phone,+91-9266788179,MOB003,2024-05-18,ERP
ECONT5422,ERP1422,mobile,+91-9037509445,MOB005,2024-12-17,ERP
ECONT5153,ERP1153,landline,alok.kumar66@erp.com,MOB002,2025-05-29,ERP
ECONT5539,ERP1539,landline,sunita.banerjee7@erp.com,MOB005,2026-03-12,ERP
ECONT5028,ERP1028,landline,vinod.shah70@erp.com,MOB005,2025-12-29,ERP
ECONT5714,ERP1714,email,seema.mishra35@erp.com,MOB001,2024-03-02,ERP
ECONT5917,ERP1917,work_email,anita.banerjee95@erp.com,MOB004,2025-01-07,ERP
ECONT5850,ERP1850,email,anita.mishra31@erp.com,MOB004,2026-01-07,ERP
ECONT5655,ERP1655,email,kavita.guptha74@erp.com,MOB002,2025-01-12,ERP
ECONT5622,ERP1622,mobile,+91-9008271710,MOB003,2026-02-05,ERP
ECONT5383,ERP1383,phone,+91-9377403243,MOB001,2024-06-06,ERP
ECONT5935,ERP1935,landline,deepak.guptha15@erp.com,MOB002,2025-04-04,ERP
ECONT5686,ERP1686,mobile,+91-9748428419,MOB004,2024-09-17,ERP
ECONT5465,ERP1465,work_email,meena.mehta63@erp.com,MOB004,2024-09-16,ERP
ECONT5707,ERP1707,phone,+91-9169566521,MOB001,2025-09-25,ERP
ECONT5701,ERP1701,phone,+91-9401065836,MOB001,2024-11-19,ERP
ECONT5164,ERP1164,email,meena.mehta91@erp.com,MOB005,2024-07-23,ERP
ECONT5786,ERP1786,landline,karan.patel48@erp.com,MOB005,2024-08-28,ERP
ECONT5916,ERP1916,landline,anita.dubey18@erp.com,MOB004,2024-10-31,ERP
