transaction_id,customer_id,account_id,transaction_type,amount,currency,invoice_code,tax_id,region_code,transaction_date,source_system
ETXN5810,ERP1810,EACC1810,Order,26265,INR,INV0810,TAX810,West,2024-05-22 00:00:00,ERP
ETXN5100,ERP1100,EACC1100,Credit,6461,INR,INV0100,TAX100,Central,2024-11-15 00:00:00,ERP
ETXN5876,ERP1876,EACC1876,Credit,29455,INR,INV0876,TAX876,West,2025-08-09 00:00:00,ERP
ETXN5896,ERP1896,EACC1896,Invoice,19947,INR,INV0896,TAX896,East,2024-07-31 00:00:00,ERP
ETXN5137,ERP1137,EACC1137,Invoice,643,INR,INV0137,TAX137,North,2025-01-19 00:00:00,ERP
ETXN5757,ERP1757,EACC1757,Invoice,46873,INR,INV0757,TAX757,Central,2025-04-23 00:00:00,ERP
ETXN5884,ERP1884,EACC1884,Credit,47476,INR,INV0884,TAX884,South,2024-07-25 00:00:00,ERP
ETXN5734,ERP1734,EACC1734,Order,34982,INR,INV0734,TAX734,North,2025-11-03 00:00:00,ERP
ETXN5503,ERP1503,EACC1503,Credit,39927,INR,INV0503,TAX503,North,2024-11-03 00:00:00,ERP
ETXN5094,ERP1094,EACC1094,Order,30625,INR,INV0094,TAX094,Central,2025-11-05 00:00:00,ERP
ETXN5861,ERP1861,EACC1861,Invoice,42172,INR,INV0861,TAX861,East,2026-03-05 00:00:00,ERP
ETXN5598,ERP1598,EACC1598,Payment,31362,INR,INV0598,TAX598,Central,2025-06-29 00:00:00,ERP
ETXN5151,ERP1151,EACC1151,Payment,36918,INR,INV0151,TAX151,West,2024-03-23 00:00:00,ERP
ETXN5210,ERP1210,EACC1210,Credit,35056,INR,INV0210,TAX210,East,2024-01-20 00:00:00,ERP
ETXN5358,ERP1358,EACC1358,Refund,701,INR,INV0358,TAX358,West,2026-01-12 00:00:00,ERP
ETXN5419,ERP1419,EACC1419,Credit,46693,INR,INV0419,TAX419,Central,2025-12-05 00:00:00,ERP
ETXN5672,ERP1672,EACC1672,Credit,14620,INR,INV0672,TAX672,East,2024-07-23 00:00:00,ERP
ETXN5180,ERP1180,EACC1180,Refund,16708,INR,INV0180,TAX180,West,2025-09-20 00:00:00,ERP
ETXN5131,ERP1131,EACC1131,Order,1665,INR,INV0131,TAX131,South,2025-08-14 00:00:00,ERP
ETXN5142,ERP1142,EACC1142,Order,49191,INR,INV0142,TAX142,Central,2024-06-14 00:00:00,ERP
ETXN5627,ERP1627,EACC1627,Order,49565,INR,INV0627,TAX627,East,2025-07-20 00:00:00,ERP
ETXN5906,ERP1906,EACC1906,Invoice,44314,INR,INV0906,TAX906,West,2025-06-03 00:00:00,ERP
ETXN5105,ERP1105,EACC1105,Order,41969,INR,INV0105,TAX105,East,2025-01-08 00:00:00,ERP
ETXN5264,ERP1264,EACC1264,Credit,3595,INR,INV0264,TAX264,East,2024-03-11 00:00:00,ERP
ETXN5731,ERP1731,EACC1731,Invoice,39924,INR,INV0731,TAX731,North,2025-08-27 00:00:00,ERP
ETXN5592,ERP1592,EACC1592,Refund,4517,INR,INV0592,TAX592,West,2025-04-10 00:00:00,ERP
ETXN5596,ERP1596,EACC1596,Order,4429,INR,INV0596,TAX596,West,2024-06-13 00:00:00,ERP
ETXN5916,ERP1916,EACC1916,Invoice,31516,INR,INV0916,TAX916,East,2025-10-11 00:00:00,ERP
ETXN5048,ERP1048,EACC1048,Credit,24961,INR,INV0048,TAX048,West,2026-03-25 00:00:00,ERP
ETXN5533,ERP1533,EACC1533,Credit,10924,INR,INV0533,TAX533,West,2024-05-25 00:00:00,ERP
ETXN5476,ERP1476,EACC1476,Credit,27944,INR,INV0476,TAX476,Central,2024-02-10 00:00:00,ERP
ETXN5514,ERP1514,EACC1514,Credit,9580,INR,INV0514,TAX514,East,2024-02-23 00:00:00,ERP
ETXN5517,ERP1517,EACC1517,Invoice,4396,INR,INV0517,TAX517,West,2025-09-23 00:00:00,ERP
ETXN5721,ERP1721,EACC1721,Order,42753,INR,INV0721,TAX721,Central,2025-11-02 00:00:00,ERP
ETXN5848,ERP1848,EACC1848,Credit,23323,INR,INV0848,TAX848,East,2025-07-31 00:00:00,ERP
ETXN5762,ERP1762,EACC1762,Invoice,30275,INR,INV0762,TAX762,South,2025-09-26 00:00:00,ERP
ETXN5407,ERP1407,EACC1407,Refund,46230,INR,INV0407,TAX407,North,2025-10-24 00:00:00,ERP
ETXN5743,ERP1743,EACC1743,Refund,8986,INR,INV0743,TAX743,Central,2024-01-15 00:00:00,ERP
ETXN5574,ERP1574,EACC1574,Refund,5910,INR,INV0574,TAX574,West,2025-03-01 00:00:00,ERP
ETXN5614,ERP1614,EACC1614,Invoice,2125,INR,INV0614,TAX614,East,2025-09-18 00:00:00,ERP
ETXN5480,ERP1480,EACC1480,Payment,8549,INR,INV0480,TAX480,East,2025-10-14 00:00:00,ERP
ETXN5771,ERP1771,EACC1771,Invoice,16212,INR,INV0771,TAX771,East,2025-01-06 00:00:00,ERP
ETXN5560,ERP1560,EACC1560,Invoice,3491,INR,INV0560,TAX560,East,2025-02-13 00:00:00,ERP
ETXN5803,ERP1803,EACC1803,Refund,39807,INR,INV0803,TAX803,North,2024-01-02 00:00:00,ERP
ETXN5572,ERP1572,EACC1572,Credit,45138,INR,INV0572,TAX572,North,2026-01-22 00:00:00,ERP
ETXN5788,ERP1788,EACC1788,Refund,41547,INR,INV0788,TAX788,South,2025-06-09 00:00:00,ERP
ETXN5385,ERP1385,EACC1385,Order,24926,INR,INV0385,TAX385,South,2024-08-29 00:00:00,ERP
ETXN5146,ERP1146,EACC1146,Invoice,44647,INR,INV0146,TAX146,Central,2025-10-04 00:00:00,ERP
ETXN5492,ERP1492,EACC1492,Order,1410,INR,INV0492,TAX492,South,2024-03-20 00:00:00,ERP
ETXN5837,ERP1837,EACC1837,Payment,22819,INR,INV0837,TAX837,South,2024-09-01 00:00:00,ERP
ETXN5645,ERP1645,EACC1645,Credit,20872,INR,INV0645,TAX645,West,2025-07-16 00:00:00,ERP
ETXN5702,ERP1702,EACC1702,Order,30736,INR,INV0702,TAX702,North,2024-09-10 00:00:00,ERP
ETXN5013,ERP1013,EACC1013,Invoice,25438,INR,INV0013,TAX013,North,2025-06-20 00:00:00,ERP
ETXN5867,ERP1867,EACC1867,Order,35867,INR,INV0867,TAX867,East,2024-07-12 00:00:00,ERP
ETXN5324,ERP1324,EACC1324,Invoice,30128,INR,INV0324,TAX324,West,2025-02-21 00:00:00,ERP
ETXN5947,ERP1947,EACC1947,Refund,7631,INR,INV0947,TAX947,South,2024-05-27 00:00:00,ERP
ETXN5546,ERP1546,EACC1546,Refund,12303,INR,INV0546,TAX546,Central,2024-09-05 00:00:00,ERP
ETXN5719,ERP1719,EACC1719,Refund,46386,INR,INV0719,TAX719,East,2024-11-14 00:00:00,ERP
ETXN5891,ERP1891,EACC1891,Refund,13683,INR,INV0891,TAX891,South,2025-05-22 00:00:00,ERP
ETXN5026,ERP1026,EACC1026,Order,45739,INR,INV0026,TAX026,East,2024-09-11 00:00:00,ERP
ETXN5658,ERP1658,EACC1658,Order,23512,INR,INV0658,TAX658,North,2025-09-27 00:00:00,ERP
ETXN5394,ERP1394,EACC1394,Payment,7400,INR,INV0394,TAX394,South,2026-01-30 00:00:00,ERP
ETXN5335,ERP1335,EACC1335,Invoice,22956,INR,INV0335,TAX335,West,2025-04-08 00:00:00,ERP
ETXN5348,ERP1348,EACC1348,Credit,36898,INR,INV0348,TAX348,Central,2024-03-14 00:00:00,ERP
ETXN5647,ERP1647,EACC1647,Refund,19624,INR,INV0647,TAX647,South,2024-12-17 00:00:00,ERP
ETXN5216,ERP1216,EACC1216,Refund,2794,INR,INV0216,TAX216,Central,2024-12-28 00:00:00,ERP
ETXN5794,ERP1794,EACC1794,Credit,1949,INR,INV0794,TAX794,West,2025-11-03 00:00:00,ERP
ETXN5508,ERP1508,EACC1508,Credit,6048,INR,INV0508,TAX508,South,2026-03-11 00:00:00,ERP
ETXN5293,ERP1293,EACC1293,Order,10627,INR,INV0293,TAX293,Central,2025-05-19 00:00:00,ERP
ETXN5938,ERP1938,EACC1938,Credit,33060,INR,INV0938,TAX938,South,2024-06-16 00:00:00,ERP
ETXN5423,ERP1423,EACC1423,Order,15936,INR,INV0423,TAX423,West,2025-01-31 00:00:00,ERP
ETXN5117,ERP1117,EACC1117,Order,38936,INR,INV0117,TAX117,South,2024-10-27 00:00:00,ERP
ETXN5540,ERP1540,EACC1540,Credit,38540,INR,INV0540,TAX540,East,2024-07-31 00:00:00,ERP
ETXN5368,ERP1368,EACC1368,Order,1204,INR,INV0368,TAX368,West,2025-11-16 00:00:00,ERP
ETXN5200,ERP1200,EACC1200,Credit,44814,INR,INV0200,TAX200,South,2024-11-26 00:00:00,ERP
ETXN5487,ERP1487,EACC1487,Credit,20862,INR,INV0487,TAX487,South,2024-01-21 00:00:00,ERP
ETXN5388,ERP1388,EACC1388,Credit,26731,INR,INV0388,TAX388,West,2026-01-13 00:00:00,ERP
ETXN5169,ERP1169,EACC1169,Refund,44082,INR,INV0169,TAX169,East,2025-03-28 00:00:00,ERP
ETXN5243,ERP1243,EACC1243,Order,4915,INR,INV0243,TAX243,South,2024-03-18 00:00:00,ERP
ETXN5107,ERP1107,EACC1107,Order,28936,INR,INV0107,TAX107,South,2025-12-07 00:00:00,ERP
ETXN5352,ERP1352,EACC1352,Invoice,33787,INR,INV0352,TAX352,North,2024-11-07 00:00:00,ERP
ETXN5090,ERP1090,EACC1090,Payment,9038,INR,INV0090,TAX090,West,2024-06-20 00:00:00,ERP
ETXN5338,ERP1338,EACC1338,Credit,18625,INR,INV0338,TAX338,East,2025-06-01 00:00:00,ERP
ETXN5318,ERP1318,EACC1318,Invoice,2934,INR,INV0318,TAX318,Central,2024-07-25 00:00:00,ERP
ETXN5237,ERP1237,EACC1237,Credit,6126,INR,INV0237,TAX237,West,2024-02-04 00:00:00,ERP
ETXN5565,ERP1565,EACC1565,Invoice,3215,INR,INV0565,TAX565,South,2024-11-01 00:00:00,ERP
ETXN5510,ERP1510,EACC1510,Payment,5283,INR,INV0510,TAX510,South,2026-01-26 00:00:00,ERP
ETXN5534,ERP1534,EACC1534,Order,22180,INR,INV0534,TAX534,East,2026-02-26 00:00:00,ERP
ETXN5852,ERP1852,EACC1852,Credit,30663,INR,INV0852,TAX852,West,2026-01-06 00:00:00,ERP
ETXN5636,ERP1636,EACC1636,Order,43721,INR,INV0636,TAX636,West,2025-03-01 00:00:00,ERP
ETXN5859,ERP1859,EACC1859,Payment,15137,INR,INV0859,TAX859,West,2025-08-10 00:00:00,ERP
ETXN5687,ERP1687,EACC1687,Refund,44541,INR,INV0687,TAX687,South,2025-07-27 00:00:00,ERP
ETXN5566,ERP1566,EACC1566,Payment,18123,INR,INV0566,TAX566,North,2025-11-29 00:00:00,ERP
ETXN5922,ERP1922,EACC1922,Payment,39170,INR,INV0922,TAX922,Central,2024-03-05 00:00:00,ERP
ETXN5251,ERP1251,EACC1251,Refund,49659,INR,INV0251,TAX251,South,2026-01-20 00:00:00,ERP
ETXN5780,ERP1780,EACC1780,Payment,47658,INR,INV0780,TAX780,Central,2025-09-07 00:00:00,ERP
ETXN5382,ERP1382,EACC1382,Refund,22284,INR,INV0382,TAX382,East,2024-09-26 00:00:00,ERP
ETXN5238,ERP1238,EACC1238,Payment,47749,INR,INV0238,TAX238,North,2025-08-20 00:00:00,ERP
ETXN5775,ERP1775,EACC1775,Credit,40410,INR,INV0775,TAX775,North,2025-03-21 00:00:00,ERP
ETXN5923,ERP1923,EACC1923,Credit,10582,INR,INV0923,TAX923,Central,2024-09-23 00:00:00,ERP
ETXN5548,ERP1548,EACC1548,Order,45203,INR,INV0548,TAX548,North,2025-07-28 00:00:00,ERP
ETXN5155,ERP1155,EACC1155,Payment,19601,INR,INV0155,TAX155,South,2026-01-09 00:00:00,ERP
ETXN5735,ERP1735,EACC1735,Invoice,2387,INR,INV0735,TAX735,Central,2025-09-01 00:00:00,ERP
ETXN5188,ERP1188,EACC1188,Order,25585,INR,INV0188,TAX188,East,2025-01-30 00:00:00,ERP
ETXN5714,ERP1714,EACC1714,Payment,35932,INR,INV0714,TAX714,South,2025-10-14 00:00:00,ERP
ETXN5706,ERP1706,EACC1706,Order,23729,INR,INV0706,TAX706,West,2024-09-23 00:00:00,ERP
ETXN5003,ERP1003,EACC1003,Order,28045,INR,INV0003,TAX003,East,2025-12-08 00:00:00,ERP
ETXN5444,ERP1444,EACC1444,Credit,39712,INR,INV0444,TAX444,Central,2025-12-06 00:00:00,ERP
ETXN5552,ERP1552,EACC1552,Payment,22878,INR,INV0552,TAX552,West,2024-06-10 00:00:00,ERP
ETXN5399,ERP1399,EACC1399,Invoice,5097,INR,INV0399,TAX399,South,2024-03-27 00:00:00,ERP
ETXN5156,ERP1156,EACC1156,Refund,8036,INR,INV0156,TAX156,Central,2025-03-24 00:00:00,ERP
ETXN5266,ERP1266,EACC1266,Invoice,18935,INR,INV0266,TAX266,East,2025-02-15 00:00:00,ERP
ETXN5812,ERP1812,EACC1812,Refund,3817,INR,INV0812,TAX812,Central,2025-01-03 00:00:00,ERP
ETXN5387,ERP1387,EACC1387,Payment,40345,INR,INV0387,TAX387,Central,2025-03-21 00:00:00,ERP
ETXN5791,ERP1791,EACC1791,Credit,17373,INR,INV0791,TAX791,North,2024-02-15 00:00:00,ERP
ETXN5437,ERP1437,EACC1437,Credit,22392,INR,INV0437,TAX437,East,2025-04-16 00:00:00,ERP
ETXN5186,ERP1186,EACC1186,Credit,11223,INR,INV0186,TAX186,Central,2025-03-09 00:00:00,ERP
ETXN5257,ERP1257,EACC1257,Refund,15664,INR,INV0257,TAX257,West,2025-10-14 00:00:00,ERP
ETXN5063,ERP1063,EACC1063,Refund,34011,INR,INV0063,TAX063,North,2025-06-03 00:00:00,ERP
ETXN5675,ERP1675,EACC1675,Order,45876,INR,INV0675,TAX675,Central,2025-05-25 00:00:00,ERP
ETXN5327,ERP1327,EACC1327,Order,46761,INR,INV0327,TAX327,South,2025-02-21 00:00:00,ERP
ETXN5568,ERP1568,EACC1568,Refund,5789,INR,INV0568,TAX568,Central,2025-10-30 00:00:00,ERP
ETXN5878,ERP1878,EACC1878,Invoice,27747,INR,INV0878,TAX878,Central,2024-04-02 00:00:00,ERP
ETXN5079,ERP1079,EACC1079,Refund,23883,INR,INV0079,TAX079,Central,2025-12-09 00:00:00,ERP
ETXN5389,ERP1389,EACC1389,Order,36330,INR,INV0389,TAX389,North,2025-06-10 00:00:00,ERP
ETXN5411,ERP1411,EACC1411,Credit,24176,INR,INV0411,TAX411,Central,2025-11-03 00:00:00,ERP
ETXN5227,ERP1227,EACC1227,Invoice,47423,INR,INV0227,TAX227,West,2024-08-11 00:00:00,ERP
ETXN5104,ERP1104,EACC1104,Refund,9860,INR,INV0104,TAX104,West,2024-06-09 00:00:00,ERP
ETXN5356,ERP1356,EACC1356,Payment,8372,INR,INV0356,TAX356,North,2025-06-20 00:00:00,ERP
ETXN5015,ERP1015,EACC1015,Invoice,44831,INR,INV0015,TAX015,South,2025-03-04 00:00:00,ERP
ETXN5062,ERP1062,EACC1062,Refund,2182,INR,INV0062,TAX062,South,2026-03-09 00:00:00,ERP
ETXN5822,ERP1822,EACC1822,Order,17811,INR,INV0822,TAX822,South,2024-02-16 00:00:00,ERP
ETXN5384,ERP1384,EACC1384,Invoice,18084,INR,INV0384,TAX384,South,2025-03-03 00:00:00,ERP
ETXN5461,ERP1461,EACC1461,Refund,20367,INR,INV0461,TAX461,North,2025-09-16 00:00:00,ERP
ETXN5631,ERP1631,EACC1631,Payment,20458,INR,INV0631,TAX631,South,2024-03-02 00:00:00,ERP
ETXN5268,ERP1268,EACC1268,Invoice,28826,INR,INV0268,TAX268,North,2025-04-23 00:00:00,ERP
ETXN5141,ERP1141,EACC1141,Payment,2619,INR,INV0141,TAX141,West,2024-12-17 00:00:00,ERP
ETXN5323,ERP1323,EACC1323,Order,31934,INR,INV0323,TAX323,South,2026-03-31 00:00:00,ERP
ETXN5269,ERP1269,EACC1269,Invoice,17690,INR,INV0269,TAX269,West,2024-02-04 00:00:00,ERP
ETXN5279,ERP1279,EACC1279,Refund,17216,INR,INV0279,TAX279,Central,2024-07-08 00:00:00,ERP
ETXN5948,ERP1948,EACC1948,Invoice,10836,INR,INV0948,TAX948,Central,2025-02-25 00:00:00,ERP
ETXN5158,ERP1158,EACC1158,Payment,24311,INR,INV0158,TAX158,Central,2025-01-12 00:00:00,ERP
ETXN5554,ERP1554,EACC1554,Refund,732,INR,INV0554,TAX554,South,2024-06-09 00:00:00,ERP
ETXN5779,ERP1779,EACC1779,Invoice,38970,INR,INV0779,TAX779,West,2024-03-29 00:00:00,ERP
ETXN5012,ERP1012,EACC1012,Payment,33703,INR,INV0012,TAX012,West,2026-01-11 00:00:00,ERP
ETXN5768,ERP1768,EACC1768,Credit,32437,INR,INV0768,TAX768,East,2025-09-22 00:00:00,ERP
ETXN5300,ERP1300,EACC1300,Invoice,29613,INR,INV0300,TAX300,Central,2025-10-10 00:00:00,ERP
ETXN5841,ERP1841,EACC1841,Order,19285,INR,INV0841,TAX841,North,2025-12-06 00:00:00,ERP
ETXN5904,ERP1904,EACC1904,Order,18128,INR,INV0904,TAX904,South,2024-12-25 00:00:00,ERP
ETXN5863,ERP1863,EACC1863,Credit,14409,INR,INV0863,TAX863,Central,2025-03-03 00:00:00,ERP
ETXN5814,ERP1814,EACC1814,Payment,35408,INR,INV0814,TAX814,West,2025-05-11 00:00:00,ERP
ETXN5355,ERP1355,EACC1355,Order,34087,INR,INV0355,TAX355,West,2024-11-22 00:00:00,ERP
ETXN5370,ERP1370,EACC1370,Payment,21114,INR,INV0370,TAX370,West,2024-08-03 00:00:00,ERP
ETXN5438,ERP1438,EACC1438,Invoice,36519,INR,INV0438,TAX438,West,2024-10-10 00:00:00,ERP
ETXN5500,ERP1500,EACC1500,Invoice,29047,INR,INV0500,TAX500,East,2024-11-05 00:00:00,ERP
ETXN5052,ERP1052,EACC1052,Payment,43186,INR,INV0052,TAX052,West,2024-06-29 00:00:00,ERP
ETXN5696,ERP1696,EACC1696,Refund,49146,INR,INV0696,TAX696,East,2024-09-24 00:00:00,ERP
ETXN5785,ERP1785,EACC1785,Credit,40813,INR,INV0785,TAX785,North,2024-10-08 00:00:00,ERP
ETXN5556,ERP1556,EACC1556,Credit,29811,INR,INV0556,TAX556,East,2025-06-16 00:00:00,ERP
ETXN5322,ERP1322,EACC1322,Credit,42871,INR,INV0322,TAX322,Central,2025-03-11 00:00:00,ERP
ETXN5081,ERP1081,EACC1081,Invoice,4252,INR,INV0081,TAX081,South,2025-12-03 00:00:00,ERP
ETXN5392,ERP1392,EACC1392,Order,13146,INR,INV0392,TAX392,West,2024-08-16 00:00:00,ERP
ETXN5531,ERP1531,EACC1531,Order,2986,INR,INV0531,TAX531,South,2026-02-16 00:00:00,ERP
ETXN5558,ERP1558,EACC1558,Credit,36686,INR,INV0558,TAX558,North,2025-11-11 00:00:00,ERP
ETXN5436,ERP1436,EACC1436,Credit,27498,INR,INV0436,TAX436,North,2024-03-03 00:00:00,ERP
ETXN5481,ERP1481,EACC1481,Refund,21933,INR,INV0481,TAX481,Central,2025-12-07 00:00:00,ERP
ETXN5102,ERP1102,EACC1102,Credit,25896,INR,INV0102,TAX102,North,2025-12-22 00:00:00,ERP
ETXN5309,ERP1309,EACC1309,Refund,11470,INR,INV0309,TAX309,East,2025-06-07 00:00:00,ERP
ETXN5218,ERP1218,EACC1218,Payment,2105,INR,INV0218,TAX218,West,2025-08-28 00:00:00,ERP
ETXN5110,ERP1110,EACC1110,Invoice,28104,INR,INV0110,TAX110,South,2024-11-29 00:00:00,ERP
ETXN5846,ERP1846,EACC1846,Credit,26314,INR,INV0846,TAX846,North,2024-07-21 00:00:00,ERP
ETXN5075,ERP1075,EACC1075,Order,36947,INR,INV0075,TAX075,North,2024-03-08 00:00:00,ERP
ETXN5705,ERP1705,EACC1705,Refund,2411,INR,INV0705,TAX705,East,2024-01-08 00:00:00,ERP
ETXN5857,ERP1857,EACC1857,Order,39371,INR,INV0857,TAX857,Central,2024-12-05 00:00:00,ERP
ETXN5055,ERP1055,EACC1055,Order,9686,INR,INV0055,TAX055,South,2024-11-22 00:00:00,ERP
ETXN5579,ERP1579,EACC1579,Order,36132,INR,INV0579,TAX579,South,2024-04-18 00:00:00,ERP
ETXN5833,ERP1833,EACC1833,Credit,11497,INR,INV0833,TAX833,West,2024-11-13 00:00:00,ERP
ETXN5241,ERP1241,EACC1241,Invoice,29429,INR,INV0241,TAX241,East,2026-01-16 00:00:00,ERP
ETXN5491,ERP1491,EACC1491,Payment,3976,INR,INV0491,TAX491,West,2024-10-15 00:00:00,ERP
ETXN5782,ERP1782,EACC1782,Order,28588,INR,INV0782,TAX782,West,2025-08-02 00:00:00,ERP
ETXN5707,ERP1707,EACC1707,Payment,46979,INR,INV0707,TAX707,Central,2024-02-14 00:00:00,ERP
ETXN5620,ERP1620,EACC1620,Payment,47123,INR,INV0620,TAX620,North,2025-03-10 00:00:00,ERP
ETXN5576,ERP1576,EACC1576,Order,32528,INR,INV0576,TAX576,Central,2024-08-13 00:00:00,ERP
ETXN5903,ERP1903,EACC1903,Invoice,6702,INR,INV0903,TAX903,East,2026-01-08 00:00:00,ERP
ETXN5083,ERP1083,EACC1083,Refund,35091,INR,INV0083,TAX083,North,2025-04-03 00:00:00,ERP
ETXN5890,ERP1890,EACC1890,Payment,39620,INR,INV0890,TAX890,South,2025-06-10 00:00:00,ERP
ETXN5046,ERP1046,EACC1046,Credit,34336,INR,INV0046,TAX046,West,2024-01-16 00:00:00,ERP
ETXN5366,ERP1366,EACC1366,Payment,31615,INR,INV0366,TAX366,East,2025-06-17 00:00:00,ERP
ETXN5557,ERP1557,EACC1557,Refund,22009,INR,INV0557,TAX557,North,2026-03-24 00:00:00,ERP
ETXN5166,ERP1166,EACC1166,Credit,2125,INR,INV0166,TAX166,Central,2025-06-17 00:00:00,ERP
ETXN5501,ERP1501,EACC1501,Order,5489,INR,INV0501,TAX501,Central,2026-02-10 00:00:00,ERP
ETXN5564,ERP1564,EACC1564,Refund,32935,INR,INV0564,TAX564,South,2025-09-20 00:00:00,ERP
ETXN5207,ERP1207,EACC1207,Order,22707,INR,INV0207,TAX207,South,2024-01-16 00:00:00,ERP
ETXN5626,ERP1626,EACC1626,Invoice,2412,INR,INV0626,TAX626,Central,2026-02-24 00:00:00,ERP
ETXN5189,ERP1189,EACC1189,Payment,47741,INR,INV0189,TAX189,West,2025-05-06 00:00:00,ERP
ETXN5463,ERP1463,EACC1463,Payment,37660,INR,INV0463,TAX463,West,2025-04-08 00:00:00,ERP
ETXN5505,ERP1505,EACC1505,Payment,12307,INR,INV0505,TAX505,East,2025-10-06 00:00:00,ERP
ETXN5087,ERP1087,EACC1087,Order,35434,INR,INV0087,TAX087,East,2025-09-17 00:00:00,ERP
ETXN5228,ERP1228,EACC1228,Invoice,17832,INR,INV0228,TAX228,South,2025-05-15 00:00:00,ERP
ETXN5049,ERP1049,EACC1049,Order,49665,INR,INV0049,TAX049,North,2024-09-08 00:00:00,ERP
ETXN5686,ERP1686,EACC1686,Invoice,38753,INR,INV0686,TAX686,East,2024-04-16 00:00:00,ERP
ETXN5679,ERP1679,EACC1679,Refund,9953,INR,INV0679,TAX679,North,2026-03-30 00:00:00,ERP
ETXN5940,ERP1940,EACC1940,Order,17018,INR,INV0940,TAX940,South,2024-01-19 00:00:00,ERP
ETXN5606,ERP1606,EACC1606,Payment,41999,INR,INV0606,TAX606,Central,2026-02-07 00:00:00,ERP
ETXN5637,ERP1637,EACC1637,Refund,15768,INR,INV0637,TAX637,East,2024-05-11 00:00:00,ERP
ETXN5277,ERP1277,EACC1277,Invoice,18665,INR,INV0277,TAX277,Central,2024-04-24 00:00:00,ERP
ETXN5086,ERP1086,EACC1086,Credit,36180,INR,INV0086,TAX086,Central,2024-04-04 00:00:00,ERP
ETXN5405,ERP1405,EACC1405,Order,25507,INR,INV0405,TAX405,South,2025-03-05 00:00:00,ERP
ETXN5819,ERP1819,EACC1819,Order,44692,INR,INV0819,TAX819,North,2024-02-07 00:00:00,ERP
ETXN5312,ERP1312,EACC1312,Order,46048,INR,INV0312,TAX312,West,2025-05-25 00:00:00,ERP
ETXN5617,ERP1617,EACC1617,Invoice,26232,INR,INV0617,TAX617,West,2024-12-23 00:00:00,ERP
ETXN5375,ERP1375,EACC1375,Payment,13192,INR,INV0375,TAX375,North,2025-03-27 00:00:00,ERP
ETXN5754,ERP1754,EACC1754,Invoice,1160,INR,INV0754,TAX754,West,2024-03-13 00:00:00,ERP
ETXN5567,ERP1567,EACC1567,Refund,15935,INR,INV0567,TAX567,North,2025-08-10 00:00:00,ERP
ETXN5529,ERP1529,EACC1529,Credit,33039,INR,INV0529,TAX529,South,2024-01-16 00:00:00,ERP
ETXN5145,ERP1145,EACC1145,Order,26154,INR,INV0145,TAX145,South,2025-11-08 00:00:00,ERP
ETXN5125,ERP1125,EACC1125,Credit,1773,INR,INV0125,TAX125,North,2024-01-29 00:00:00,ERP
ETXN5750,ERP1750,EACC1750,Order,22269,INR,INV0750,TAX750,South,2025-04-12 00:00:00,ERP
ETXN5632,ERP1632,EACC1632,Refund,21377,INR,INV0632,TAX632,West,2025-05-10 00:00:00,ERP
ETXN5250,ERP1250,EACC1250,Invoice,17233,INR,INV0250,TAX250,West,2025-07-05 00:00:00,ERP
ETXN5400,ERP1400,EACC1400,Invoice,18501,INR,INV0400,TAX400,East,2024-12-04 00:00:00,ERP
ETXN5774,ERP1774,EACC1774,Refund,43412,INR,INV0774,TAX774,South,2025-10-25 00:00:00,ERP
ETXN5600,ERP1600,EACC1600,Order,30390,INR,INV0600,TAX600,North,2026-01-22 00:00:00,ERP
ETXN5004,ERP1004,EACC1004,Payment,21869,INR,INV0004,TAX004,Central,2024-02-15 00:00:00,ERP
ETXN5488,ERP1488,EACC1488,Order,36637,INR,INV0488,TAX488,East,2024-09-19 00:00:00,ERP
ETXN5068,ERP1068,EACC1068,Refund,14420,INR,INV0068,TAX068,Central,2026-03-11 00:00:00,ERP
ETXN5541,ERP1541,EACC1541,Order,2432,INR,INV0541,TAX541,Central,2025-11-29 00:00:00,ERP
ETXN5127,ERP1127,EACC1127,Invoice,45173,INR,INV0127,TAX127,West,2025-05-14 00:00:00,ERP
ETXN5474,ERP1474,EACC1474,Payment,2196,INR,INV0474,TAX474,East,2025-10-10 00:00:00,ERP
ETXN5054,ERP1054,EACC1054,Credit,25621,INR,INV0054,TAX054,Central,2024-11-03 00:00:00,ERP
ETXN5459,ERP1459,EACC1459,Invoice,9833,INR,INV0459,TAX459,West,2024-05-12 00:00:00,ERP
ETXN5225,ERP1225,EACC1225,Credit,11215,INR,INV0225,TAX225,Central,2025-01-21 00:00:00,ERP
ETXN5701,ERP1701,EACC1701,Invoice,4860,INR,INV0701,TAX701,West,2025-01-14 00:00:00,ERP
ETXN5678,ERP1678,EACC1678,Payment,6666,INR,INV0678,TAX678,West,2025-04-19 00:00:00,ERP
ETXN5948,ERP1948,EACC1948,Invoice,10836,INR,INV0948,TAX948,Central,2025-02-25 00:00:00,ERP
ETXN5430,ERP1430,EACC1430,Credit,3001,INR,INV0430,TAX430,Central,2024-10-19 00:00:00,ERP
ETXN5574,ERP1574,EACC1574,Refund,5910,INR,INV0574,TAX574,West,2025-03-01 00:00:00,ERP
ETXN5549,ERP1549,EACC1549,Credit,37361,INR,INV0549,TAX549,West,2025-01-05 00:00:00,ERP
ETXN5130,ERP1130,EACC1130,Order,18062,INR,INV0130,TAX130,West,2025-01-06 00:00:00,ERP
ETXN5162,ERP1162,EACC1162,Payment,31332,INR,INV0162,TAX162,South,2024-11-18 00:00:00,ERP
ETXN5353,ERP1353,EACC1353,Invoice,32668,INR,INV0353,TAX353,East,2024-04-02 00:00:00,ERP
ETXN5736,ERP1736,EACC1736,Invoice,11416,INR,INV0736,TAX736,Central,2025-10-12 00:00:00,ERP
ETXN5925,ERP1925,EACC1925,Refund,19969,INR,INV0925,TAX925,Central,2026-03-20 00:00:00,ERP
ETXN5024,ERP1024,EACC1024,Invoice,29308,INR,INV0024,TAX024,Central,2025-08-24 00:00:00,ERP
ETXN5103,ERP1103,EACC1103,Invoice,26909,INR,INV0103,TAX103,North,2025-04-21 00:00:00,ERP
ETXN5452,ERP1452,EACC1452,Refund,16545,INR,INV0452,TAX452,North,2026-02-20 00:00:00,ERP
ETXN5836,ERP1836,EACC1836,Payment,23591,INR,INV0836,TAX836,East,2025-02-18 00:00:00,ERP
ETXN5460,ERP1460,EACC1460,Payment,45381,INR,INV0460,TAX460,Central,2025-06-12 00:00:00,ERP
ETXN5796,ERP1796,EACC1796,Order,23797,INR,INV0796,TAX796,West,2024-01-22 00:00:00,ERP
ETXN5432,ERP1432,EACC1432,Payment,17566,INR,INV0432,TAX432,West,2024-10-12 00:00:00,ERP
ETXN5358,ERP1358,EACC1358,Refund,701,INR,INV0358,TAX358,West,2026-01-12 00:00:00,ERP
ETXN5485,ERP1485,EACC1485,Credit,49177,INR,INV0485,TAX485,South,2024-09-04 00:00:00,ERP
ETXN5415,ERP1415,EACC1415,Credit,28134,INR,INV0415,TAX415,West,2024-11-17 00:00:00,ERP
ETXN5047,ERP1047,EACC1047,Payment,45983,INR,INV0047,TAX047,South,2025-05-11 00:00:00,ERP
ETXN5544,ERP1544,EACC1544,Refund,35283,INR,INV0544,TAX544,South,2026-03-15 00:00:00,ERP
ETXN5007,ERP1007,EACC1007,Credit,10935,INR,INV0007,TAX007,Central,2025-01-23 00:00:00,ERP
ETXN5319,ERP1319,EACC1319,Refund,8899,INR,INV0319,TAX319,East,2025-07-15 00:00:00,ERP
ETXN5827,ERP1827,EACC1827,Refund,25282,INR,INV0827,TAX827,East,2025-04-05 00:00:00,ERP
ETXN5294,ERP1294,EACC1294,Payment,39680,INR,INV0294,TAX294,North,2025-04-28 00:00:00,ERP
ETXN5888,ERP1888,EACC1888,Refund,12240,INR,INV0888,TAX888,West,2024-10-03 00:00:00,ERP
ETXN5864,ERP1864,EACC1864,Order,26122,INR,INV0864,TAX864,North,2025-12-18 00:00:00,ERP
ETXN5109,ERP1109,EACC1109,Payment,2284,INR,INV0109,TAX109,North,2025-02-15 00:00:00,ERP
ETXN5408,ERP1408,EACC1408,Payment,7653,INR,INV0408,TAX408,North,2024-10-18 00:00:00,ERP
ETXN5065,ERP1065,EACC1065,Payment,18325,INR,INV0065,TAX065,South,2025-05-14 00:00:00,ERP
ETXN5365,ERP1365,EACC1365,Payment,29880,INR,INV0365,TAX365,East,2025-01-08 00:00:00,ERP
ETXN5148,ERP1148,EACC1148,Refund,23160,INR,INV0148,TAX148,West,2025-07-04 00:00:00,ERP
ETXN5149,ERP1149,EACC1149,Credit,42376,INR,INV0149,TAX149,West,2026-03-14 00:00:00,ERP
ETXN5139,ERP1139,EACC1139,Credit,40083,INR,INV0139,TAX139,North,2025-02-19 00:00:00,ERP
ETXN5152,ERP1152,EACC1152,Order,15400,INR,INV0152,TAX152,West,2026-03-12 00:00:00,ERP
ETXN5524,ERP1524,EACC1524,Invoice,39555,INR,INV0524,TAX524,East,2024-10-04 00:00:00,ERP
ETXN5817,ERP1817,EACC1817,Payment,29301,INR,INV0817,TAX817,South,2025-11-16 00:00:00,ERP
ETXN5180,ERP1180,EACC1180,Refund,16708,INR,INV0180,TAX180,West,2025-09-20 00:00:00,ERP
ETXN5865,ERP1865,EACC1865,Credit,44101,INR,INV0865,TAX865,West,2025-04-15 00:00:00,ERP
ETXN5451,ERP1451,EACC1451,Credit,31835,INR,INV0451,TAX451,East,2026-03-02 00:00:00,ERP
ETXN5843,ERP1843,EACC1843,Refund,14394,INR,INV0843,TAX843,South,2025-05-08 00:00:00,ERP
ETXN5185,ERP1185,EACC1185,Refund,41029,INR,INV0185,TAX185,North,2024-01-27 00:00:00,ERP
ETXN5096,ERP1096,EACC1096,Refund,42261,INR,INV0096,TAX096,South,2024-06-08 00:00:00,ERP
ETXN5545,ERP1545,EACC1545,Credit,1491,INR,INV0545,TAX545,Central,2024-12-14 00:00:00,ERP
ETXN5477,ERP1477,EACC1477,Order,5718,INR,INV0477,TAX477,Central,2024-06-22 00:00:00,ERP
ETXN5880,ERP1880,EACC1880,Invoice,30058,INR,INV0880,TAX880,South,2024-04-21 00:00:00,ERP
ETXN5525,ERP1525,EACC1525,Invoice,36351,INR,INV0525,TAX525,North,2025-12-05 00:00:00,ERP
ETXN5712,ERP1712,EACC1712,Refund,3544,INR,INV0712,TAX712,West,2025-07-02 00:00:00,ERP
ETXN5798,ERP1798,EACC1798,Invoice,43596,INR,INV0798,TAX798,East,2025-04-02 00:00:00,ERP
ETXN5019,ERP1019,EACC1019,Refund,49472,INR,INV0019,TAX019,North,2026-03-05 00:00:00,ERP
ETXN5894,ERP1894,EACC1894,Credit,49233,INR,INV0894,TAX894,North,2024-02-15 00:00:00,ERP
ETXN5840,ERP1840,EACC1840,Credit,19253,INR,INV0840,TAX840,East,2025-04-11 00:00:00,ERP
ETXN5656,ERP1656,EACC1656,Order,40806,INR,INV0656,TAX656,East,2025-12-30 00:00:00,ERP
ETXN5894,ERP1894,EACC1894,Credit,49233,INR,INV0894,TAX894,North,2024-02-15 00:00:00,ERP
ETXN5818,ERP1818,EACC1818,Credit,40032,INR,INV0818,TAX818,North,2025-09-24 00:00:00,ERP
ETXN5804,ERP1804,EACC1804,Order,22746,INR,INV0804,TAX804,Central,2024-04-23 00:00:00,ERP
ETXN5815,ERP1815,EACC1815,Payment,30520,INR,INV0815,TAX815,West,2024-09-05 00:00:00,ERP
ETXN5414,ERP1414,EACC1414,Refund,14794,INR,INV0414,TAX414,West,2024-03-22 00:00:00,ERP
ETXN5420,ERP1420,EACC1420,Payment,20038,INR,INV0420,TAX420,South,2025-07-27 00:00:00,ERP
ETXN5623,ERP1623,EACC1623,Invoice,3953,INR,INV0623,TAX623,South,2024-12-23 00:00:00,ERP
ETXN5898,ERP1898,EACC1898,Invoice,43069,INR,INV0898,TAX898,West,2024-08-01 00:00:00,ERP
ETXN5673,ERP1673,EACC1673,Payment,37686,INR,INV0673,TAX673,South,2025-02-21 00:00:00,ERP
ETXN5123,ERP1123,EACC1123,Refund,18715,INR,INV0123,TAX123,South,2024-08-14 00:00:00,ERP
ETXN5644,ERP1644,EACC1644,Payment,31476,INR,INV0644,TAX644,South,2024-12-24 00:00:00,ERP
ETXN5751,ERP1751,EACC1751,Credit,10577,INR,INV0751,TAX751,Central,2025-02-10 00:00:00,ERP
ETXN5934,ERP1934,EACC1934,Refund,45025,INR,INV0934,TAX934,West,2024-12-21 00:00:00,ERP
ETXN5214,ERP1214,EACC1214,Order,48633,INR,INV0214,TAX214,North,2024-12-02 00:00:00,ERP
ETXN5753,ERP1753,EACC1753,Invoice,47984,INR,INV0753,TAX753,South,2024-02-22 00:00:00,ERP
ETXN5316,ERP1316,EACC1316,Order,10357,INR,INV0316,TAX316,Central,2024-01-01 00:00:00,ERP
ETXN5211,ERP1211,EACC1211,Order,48840,INR,INV0211,TAX211,West,2025-10-14 00:00:00,ERP
ETXN5111,ERP1111,EACC1111,Order,2837,INR,INV0111,TAX111,East,2025-08-13 00:00:00,ERP
ETXN5248,ERP1248,EACC1248,Order,7620,INR,INV0248,TAX248,East,2025-04-17 00:00:00,ERP
ETXN5552,ERP1552,EACC1552,Payment,22878,INR,INV0552,TAX552,West,2024-06-10 00:00:00,ERP
ETXN5245,ERP1245,EACC1245,Order,12849,INR,INV0245,TAX245,East,2025-11-21 00:00:00,ERP
ETXN5854,ERP1854,EACC1854,Order,47281,INR,INV0854,TAX854,West,2025-03-28 00:00:00,ERP
ETXN5611,ERP1611,EACC1611,Refund,21110,INR,INV0611,TAX611,South,2024-08-10 00:00:00,ERP
ETXN5577,ERP1577,EACC1577,Payment,12489,INR,INV0577,TAX577,West,2024-12-15 00:00:00,ERP
ETXN5691,ERP1691,EACC1691,Refund,13982,INR,INV0691,TAX691,South,2024-04-14 00:00:00,ERP
ETXN5828,ERP1828,EACC1828,Payment,48188,INR,INV0828,TAX828,East,2024-12-21 00:00:00,ERP
ETXN5638,ERP1638,EACC1638,Order,22377,INR,INV0638,TAX638,South,2025-03-04 00:00:00,ERP
ETXN5284,ERP1284,EACC1284,Refund,46086,INR,INV0284,TAX284,Central,2024-04-15 00:00:00,ERP
ETXN5498,ERP1498,EACC1498,Order,8854,INR,INV0498,TAX498,North,2024-08-13 00:00:00,ERP
ETXN5690,ERP1690,EACC1690,Invoice,25248,INR,INV0690,TAX690,South,2025-03-24 00:00:00,ERP
ETXN5664,ERP1664,EACC1664,Payment,45503,INR,INV0664,TAX664,South,2024-08-23 00:00:00,ERP
ETXN5217,ERP1217,EACC1217,Refund,19717,INR,INV0217,TAX217,East,2024-12-22 00:00:00,ERP
ETXN5059,ERP1059,EACC1059,Order,34925,INR,INV0059,TAX059,North,2024-04-03 00:00:00,ERP
ETXN5215,ERP1215,EACC1215,Order,32586,INR,INV0215,TAX215,North,2025-08-15 00:00:00,ERP
ETXN5342,ERP1342,EACC1342,Invoice,12958,INR,INV0342,TAX342,Central,2025-01-21 00:00:00,ERP
ETXN5830,ERP1830,EACC1830,Credit,21718,INR,INV0830,TAX830,West,2025-07-07 00:00:00,ERP
ETXN5720,ERP1720,EACC1720,Refund,7488,INR,INV0720,TAX720,East,2024-04-11 00:00:00,ERP
ETXN5808,ERP1808,EACC1808,Refund,44958,INR,INV0808,TAX808,North,2024-01-05 00:00:00,ERP
ETXN5622,ERP1622,EACC1622,Order,7322,INR,INV0622,TAX622,West,2024-05-24 00:00:00,ERP
ETXN5060,ERP1060,EACC1060,Order,30672,INR,INV0060,TAX060,North,2024-10-16 00:00:00,ERP
ETXN5167,ERP1167,EACC1167,Invoice,17609,INR,INV0167,TAX167,East,2024-02-28 00:00:00,ERP
ETXN5776,ERP1776,EACC1776,Order,43924,INR,INV0776,TAX776,Central,2024-01-28 00:00:00,ERP
ETXN5078,ERP1078,EACC1078,Invoice,7367,INR,INV0078,TAX078,North,2024-06-12 00:00:00,ERP
ETXN5464,ERP1464,EACC1464,Order,20999,INR,INV0464,TAX464,South,2025-02-07 00:00:00,ERP
ETXN5337,ERP1337,EACC1337,Payment,37387,INR,INV0337,TAX337,South,2025-12-05 00:00:00,ERP
ETXN5009,ERP1009,EACC1009,Refund,49553,INR,INV0009,TAX009,South,2025-08-13 00:00:00,ERP
ETXN5084,ERP1084,EACC1084,Order,20712,INR,INV0084,TAX084,South,2025-12-21 00:00:00,ERP
ETXN5267,ERP1267,EACC1267,Invoice,36921,INR,INV0267,TAX267,Central,2026-03-11 00:00:00,ERP
ETXN5946,ERP1946,EACC1946,Invoice,3738,INR,INV0946,TAX946,South,2025-07-14 00:00:00,ERP
ETXN5555,ERP1555,EACC1555,Refund,7014,INR,INV0555,TAX555,Central,2025-10-16 00:00:00,ERP
ETXN5465,ERP1465,EACC1465,Payment,18130,INR,INV0465,TAX465,South,2024-09-19 00:00:00,ERP
ETXN5792,ERP1792,EACC1792,Credit,11923,INR,INV0792,TAX792,West,2024-07-07 00:00:00,ERP
ETXN5128,ERP1128,EACC1128,Payment,3370,INR,INV0128,TAX128,North,2025-12-31 00:00:00,ERP
ETXN5093,ERP1093,EACC1093,Invoice,6848,INR,INV0093,TAX093,North,2024-01-20 00:00:00,ERP
ETXN5288,ERP1288,EACC1288,Invoice,2739,INR,INV0288,TAX288,South,2024-03-31 00:00:00,ERP
ETXN5912,ERP1912,EACC1912,Order,21442,INR,INV0912,TAX912,East,2024-08-30 00:00:00,ERP
ETXN5092,ERP1092,EACC1092,Order,1134,INR,INV0092,TAX092,Central,2024-12-18 00:00:00,ERP
ETXN5716,ERP1716,EACC1716,Payment,35960,INR,INV0716,TAX716,Central,2024-05-01 00:00:00,ERP
ETXN5874,ERP1874,EACC1874,Order,9671,INR,INV0874,TAX874,Central,2026-02-09 00:00:00,ERP
ETXN5182,ERP1182,EACC1182,Credit,11295,INR,INV0182,TAX182,Central,2024-04-26 00:00:00,ERP
ETXN5050,ERP1050,EACC1050,Refund,43159,INR,INV0050,TAX050,South,2025-10-11 00:00:00,ERP
ETXN5098,ERP1098,EACC1098,Invoice,43917,INR,INV0098,TAX098,West,2024-02-02 00:00:00,ERP
ETXN5113,ERP1113,EACC1113,Invoice,2826,INR,INV0113,TAX113,East,2025-11-12 00:00:00,ERP
ETXN5484,ERP1484,EACC1484,Invoice,31981,INR,INV0484,TAX484,West,2026-01-15 00:00:00,ERP
ETXN5184,ERP1184,EACC1184,Invoice,49989,INR,INV0184,TAX184,Central,2026-01-30 00:00:00,ERP
ETXN5610,ERP1610,EACC1610,Refund,35185,INR,INV0610,TAX610,East,2025-07-06 00:00:00,ERP
ETXN5536,ERP1536,EACC1536,Refund,10177,INR,INV0536,TAX536,Central,2024-11-04 00:00:00,ERP
ETXN5453,ERP1453,EACC1453,Refund,32113,INR,INV0453,TAX453,North,2025-06-15 00:00:00,ERP
ETXN5889,ERP1889,EACC1889,Invoice,22319,INR,INV0889,TAX889,North,2026-03-13 00:00:00,ERP
ETXN5028,ERP1028,EACC1028,Credit,48905,INR,INV0028,TAX028,North,2026-03-28 00:00:00,ERP
ETXN5129,ERP1129,EACC1129,Payment,28714,INR,INV0129,TAX129,Central,2024-09-03 00:00:00,ERP
ETXN5901,ERP1901,EACC1901,Invoice,39324,INR,INV0901,TAX901,Central,2025-11-10 00:00:00,ERP
ETXN5569,ERP1569,EACC1569,Credit,49586,INR,INV0569,TAX569,North,2024-05-03 00:00:00,ERP
ETXN5262,ERP1262,EACC1262,Credit,48721,INR,INV0262,TAX262,North,2025-02-18 00:00:00,ERP
ETXN5002,ERP1002,EACC1002,Invoice,15094,INR,INV0002,TAX002,East,2024-01-20 00:00:00,ERP
ETXN5448,ERP1448,EACC1448,Order,7467,INR,INV0448,TAX448,South,2025-08-12 00:00:00,ERP
ETXN5928,ERP1928,EACC1928,Invoice,13767,INR,INV0928,TAX928,Central,2024-01-04 00:00:00,ERP
ETXN5035,ERP1035,EACC1035,Invoice,1288,INR,INV0035,TAX035,Central,2025-11-03 00:00:00,ERP
ETXN5260,ERP1260,EACC1260,Credit,13236,INR,INV0260,TAX260,North,2024-05-07 00:00:00,ERP
ETXN5235,ERP1235,EACC1235,Invoice,10350,INR,INV0235,TAX235,Central,2026-03-09 00:00:00,ERP
ETXN5787,ERP1787,EACC1787,Order,37359,INR,INV0787,TAX787,Central,2024-05-03 00:00:00,ERP
ETXN5538,ERP1538,EACC1538,Payment,48553,INR,INV0538,TAX538,West,2025-07-13 00:00:00,ERP
ETXN5340,ERP1340,EACC1340,Credit,46234,INR,INV0340,TAX340,South,2025-03-26 00:00:00,ERP
ETXN5120,ERP1120,EACC1120,Refund,27689,INR,INV0120,TAX120,East,2024-09-01 00:00:00,ERP
ETXN5532,ERP1532,EACC1532,Payment,42051,INR,INV0532,TAX532,South,2024-07-09 00:00:00,ERP
ETXN5317,ERP1317,EACC1317,Payment,19823,INR,INV0317,TAX317,West,2024-04-17 00:00:00,ERP
ETXN5721,ERP1721,EACC1721,Order,42753,INR,INV0721,TAX721,Central,2025-11-02 00:00:00,ERP
ETXN5242,ERP1242,EACC1242,Invoice,30810,INR,INV0242,TAX242,South,2025-06-30 00:00:00,ERP
ETXN5253,ERP1253,EACC1253,Payment,23371,INR,INV0253,TAX253,West,2024-11-08 00:00:00,ERP
ETXN5409,ERP1409,EACC1409,Order,15975,INR,INV0409,TAX409,West,2025-05-12 00:00:00,ERP
ETXN5499,ERP1499,EACC1499,Credit,18879,INR,INV0499,TAX499,West,2025-04-10 00:00:00,ERP
ETXN5591,ERP1591,EACC1591,Order,25454,INR,INV0591,TAX591,North,2026-03-20 00:00:00,ERP
ETXN5097,ERP1097,EACC1097,Invoice,36100,INR,INV0097,TAX097,North,2024-03-17 00:00:00,ERP
ETXN5829,ERP1829,EACC1829,Invoice,22248,INR,INV0829,TAX829,Central,2025-02-27 00:00:00,ERP
ETXN5628,ERP1628,EACC1628,Order,35579,INR,INV0628,TAX628,Central,2025-12-31 00:00:00,ERP
ETXN5850,ERP1850,EACC1850,Credit,7262,INR,INV0850,TAX850,South,2024-09-09 00:00:00,ERP
ETXN5358,ERP1358,EACC1358,Refund,701,INR,INV0358,TAX358,West,2026-01-12 00:00:00,ERP
ETXN5439,ERP1439,EACC1439,Order,30408,INR,INV0439,TAX439,East,2024-04-02 00:00:00,ERP
ETXN5588,ERP1588,EACC1588,Refund,32660,INR,INV0588,TAX588,South,2024-08-05 00:00:00,ERP
ETXN5710,ERP1710,EACC1710,Order,15300,INR,INV0710,TAX710,Central,2025-11-13 00:00:00,ERP
ETXN5290,ERP1290,EACC1290,Refund,3865,INR,INV0290,TAX290,South,2024-09-07 00:00:00,ERP
ETXN5603,ERP1603,EACC1603,Payment,30288,INR,INV0603,TAX603,East,2025-04-05 00:00:00,ERP
ETXN5870,ERP1870,EACC1870,Refund,37487,INR,INV0870,TAX870,North,2025-10-17 00:00:00,ERP
ETXN5580,ERP1580,EACC1580,Invoice,1249,INR,INV0580,TAX580,North,2024-03-18 00:00:00,ERP
ETXN5479,ERP1479,EACC1479,Payment,9218,INR,INV0479,TAX479,East,2024-01-15 00:00:00,ERP
ETXN5773,ERP1773,EACC1773,Invoice,34281,INR,INV0773,TAX773,South,2024-09-25 00:00:00,ERP
ETXN5033,ERP1033,EACC1033,Payment,7956,INR,INV0033,TAX033,South,2025-10-03 00:00:00,ERP
ETXN5914,ERP1914,EACC1914,Invoice,40660,INR,INV0914,TAX914,North,2024-01-05 00:00:00,ERP
ETXN5766,ERP1766,EACC1766,Invoice,20577,INR,INV0766,TAX766,Central,2024-06-20 00:00:00,ERP
ETXN5495,ERP1495,EACC1495,Refund,24656,INR,INV0495,TAX495,South,2024-08-05 00:00:00,ERP
ETXN5856,ERP1856,EACC1856,Order,17802,INR,INV0856,TAX856,Central,2025-09-30 00:00:00,ERP
ETXN5885,ERP1885,EACC1885,Invoice,24733,INR,INV0885,TAX885,Central,2024-02-27 00:00:00,ERP
ETXN5727,ERP1727,EACC1727,Order,44684,INR,INV0727,TAX727,North,2024-05-17 00:00:00,ERP
ETXN5222,ERP1222,EACC1222,Order,45839,INR,INV0222,TAX222,East,2026-02-01 00:00:00,ERP
ETXN5607,ERP1607,EACC1607,Payment,32560,INR,INV0607,TAX607,Central,2024-03-26 00:00:00,ERP
ETXN5562,ERP1562,EACC1562,Invoice,38577,INR,INV0562,TAX562,North,2025-10-09 00:00:00,ERP
ETXN5523,ERP1523,EACC1523,Credit,18382,INR,INV0523,TAX523,West,2024-11-12 00:00:00,ERP
ETXN5246,ERP1246,EACC1246,Refund,47407,INR,INV0246,TAX246,North,2025-03-23 00:00:00,ERP
ETXN5089,ERP1089,EACC1089,Order,17651,INR,INV0089,TAX089,North,2025-01-25 00:00:00,ERP
ETXN5331,ERP1331,EACC1331,Credit,16950,INR,INV0331,TAX331,South,2025-03-01 00:00:00,ERP
ETXN5252,ERP1252,EACC1252,Payment,20949,INR,INV0252,TAX252,North,2024-10-14 00:00:00,ERP
ETXN5219,ERP1219,EACC1219,Order,20777,INR,INV0219,TAX219,South,2025-06-06 00:00:00,ERP
ETXN5208,ERP1208,EACC1208,Refund,32546,INR,INV0208,TAX208,South,2024-01-16 00:00:00,ERP
ETXN5851,ERP1851,EACC1851,Invoice,19427,INR,INV0851,TAX851,North,2025-09-22 00:00:00,ERP
ETXN5835,ERP1835,EACC1835,Order,3860,INR,INV0835,TAX835,North,2024-06-28 00:00:00,ERP
ETXN5054,ERP1054,EACC1054,Credit,25621,INR,INV0054,TAX054,Central,2024-11-03 00:00:00,ERP
ETXN5941,ERP1941,EACC1941,Order,26668,INR,INV0941,TAX941,South,2025-12-07 00:00:00,ERP
ETXN5811,ERP1811,EACC1811,Payment,46008,INR,INV0811,TAX811,East,2026-03-10 00:00:00,ERP
ETXN5542,ERP1542,EACC1542,Payment,5706,INR,INV0542,TAX542,Central,2025-05-31 00:00:00,ERP
ETXN5769,ERP1769,EACC1769,Payment,23512,INR,INV0769,TAX769,Central,2024-03-31 00:00:00,ERP
ETXN5136,ERP1136,EACC1136,Credit,1893,INR,INV0136,TAX136,South,2024-08-06 00:00:00,ERP
ETXN5284,ERP1284,EACC1284,Refund,46086,INR,INV0284,TAX284,Central,2024-04-15 00:00:00,ERP
ETXN5410,ERP1410,EACC1410,Refund,32171,INR,INV0410,TAX410,West,2025-05-13 00:00:00,ERP
ETXN5518,ERP1518,EACC1518,Order,43876,INR,INV0518,TAX518,West,2024-04-21 00:00:00,ERP
ETXN5895,ERP1895,EACC1895,Refund,688,INR,INV0895,TAX895,West,2025-02-01 00:00:00,ERP
ETXN5767,ERP1767,EACC1767,Refund,13622,INR,INV0767,TAX767,Central,2025-08-19 00:00:00,ERP
ETXN5464,ERP1464,EACC1464,Order,20999,INR,INV0464,TAX464,South,2025-02-07 00:00:00,ERP
ETXN5746,ERP1746,EACC1746,Order,1376,INR,INV0746,TAX746,Central,2024-01-09 00:00:00,ERP
ETXN5172,ERP1172,EACC1172,Refund,4382,INR,INV0172,TAX172,West,2024-01-14 00:00:00,ERP
ETXN5582,ERP1582,EACC1582,Invoice,6436,INR,INV0582,TAX582,East,2024-06-11 00:00:00,ERP
ETXN5528,ERP1528,EACC1528,Credit,23760,INR,INV0528,TAX528,North,2025-04-28 00:00:00,ERP
ETXN5506,ERP1506,EACC1506,Refund,8716,INR,INV0506,TAX506,Central,2025-11-15 00:00:00,ERP
ETXN5230,ERP1230,EACC1230,Credit,44197,INR,INV0230,TAX230,North,2024-11-30 00:00:00,ERP
ETXN5267,ERP1267,EACC1267,Invoice,36921,INR,INV0267,TAX267,Central,2026-03-11 00:00:00,ERP
ETXN5908,ERP1908,EACC1908,Payment,35626,INR,INV0908,TAX908,East,2024-06-22 00:00:00,ERP
ETXN5095,ERP1095,EACC1095,Invoice,21724,INR,INV0095,TAX095,North,2024-08-18 00:00:00,ERP
ETXN5657,ERP1657,EACC1657,Order,44991,INR,INV0657,TAX657,West,2026-03-26 00:00:00,ERP
ETXN5578,ERP1578,EACC1578,Refund,24530,INR,INV0578,TAX578,South,2025-12-18 00:00:00,ERP
ETXN5929,ERP1929,EACC1929,Refund,41377,INR,INV0929,TAX929,South,2025-02-19 00:00:00,ERP
ETXN5786,ERP1786,EACC1786,Payment,17752,INR,INV0786,TAX786,Central,2024-03-23 00:00:00,ERP
ETXN5339,ERP1339,EACC1339,Invoice,27631,INR,INV0339,TAX339,North,2025-07-02 00:00:00,ERP
ETXN5070,ERP1070,EACC1070,Credit,4092,INR,INV0070,TAX070,East,2024-08-26 00:00:00,ERP
ETXN5615,ERP1615,EACC1615,Credit,11909,INR,INV0615,TAX615,North,2026-03-17 00:00:00,ERP
ETXN5493,ERP1493,EACC1493,Credit,20614,INR,INV0493,TAX493,North,2025-10-13 00:00:00,ERP
ETXN5854,ERP1854,EACC1854,Order,47281,INR,INV0854,TAX854,West,2025-03-28 00:00:00,ERP
ETXN5363,ERP1363,EACC1363,Payment,39038,INR,INV0363,TAX363,East,2024-07-04 00:00:00,ERP
ETXN5232,ERP1232,EACC1232,Order,17903,INR,INV0232,TAX232,North,2025-12-02 00:00:00,ERP
ETXN5320,ERP1320,EACC1320,Refund,20656,INR,INV0320,TAX320,Central,2024-12-03 00:00:00,ERP
ETXN5442,ERP1442,EACC1442,Refund,36291,INR,INV0442,TAX442,South,2025-07-26 00:00:00,ERP
ETXN5630,ERP1630,EACC1630,Invoice,24573,INR,INV0630,TAX630,Central,2024-01-22 00:00:00,ERP
ETXN5428,ERP1428,EACC1428,Credit,5658,INR,INV0428,TAX428,East,2024-05-05 00:00:00,ERP
ETXN5927,ERP1927,EACC1927,Order,23125,INR,INV0927,TAX927,East,2025-05-15 00:00:00,ERP
ETXN5059,ERP1059,EACC1059,Order,34925,INR,INV0059,TAX059,North,2024-04-03 00:00:00,ERP
ETXN5259,ERP1259,EACC1259,Credit,40111,INR,INV0259,TAX259,East,2024-08-16 00:00:00,ERP
ETXN5350,ERP1350,EACC1350,Refund,47736,INR,INV0350,TAX350,West,2024-08-01 00:00:00,ERP
ETXN5697,ERP1697,EACC1697,Refund,28374,INR,INV0697,TAX697,East,2026-01-02 00:00:00,ERP
ETXN5783,ERP1783,EACC1783,Payment,41605,INR,INV0783,TAX783,South,2025-10-29 00:00:00,ERP
ETXN5416,ERP1416,EACC1416,Payment,30092,INR,INV0416,TAX416,Central,2024-05-01 00:00:00,ERP
ETXN5014,ERP1014,EACC1014,Order,24564,INR,INV0014,TAX014,East,2025-07-05 00:00:00,ERP
ETXN5756,ERP1756,EACC1756,Refund,37927,INR,INV0756,TAX756,South,2024-06-19 00:00:00,ERP
ETXN5022,ERP1022,EACC1022,Refund,46241,INR,INV0022,TAX022,Central,2025-06-05 00:00:00,ERP
ETXN5138,ERP1138,EACC1138,Payment,7391,INR,INV0138,TAX138,Central,2025-06-18 00:00:00,ERP
ETXN5429,ERP1429,EACC1429,Credit,45896,INR,INV0429,TAX429,South,2024-11-27 00:00:00,ERP
ETXN5362,ERP1362,EACC1362,Invoice,44818,INR,INV0362,TAX362,West,2026-03-24 00:00:00,ERP
ETXN5396,ERP1396,EACC1396,Refund,40638,INR,INV0396,TAX396,North,2024-06-17 00:00:00,ERP
ETXN5652,ERP1652,EACC1652,Order,25929,INR,INV0652,TAX652,West,2024-02-04 00:00:00,ERP
ETXN5703,ERP1703,EACC1703,Payment,45567,INR,INV0703,TAX703,South,2025-10-06 00:00:00,ERP
ETXN5799,ERP1799,EACC1799,Payment,45432,INR,INV0799,TAX799,South,2025-11-04 00:00:00,ERP
ETXN5427,ERP1427,EACC1427,Refund,34461,INR,INV0427,TAX427,West,2024-08-25 00:00:00,ERP
ETXN5039,ERP1039,EACC1039,Order,29831,INR,INV0039,TAX039,North,2025-07-26 00:00:00,ERP
ETXN5401,ERP1401,EACC1401,Refund,40257,INR,INV0401,TAX401,Central,2025-09-02 00:00:00,ERP
ETXN5122,ERP1122,EACC1122,Refund,15264,INR,INV0122,TAX122,Central,2025-01-05 00:00:00,ERP
ETXN5295,ERP1295,EACC1295,Invoice,27608,INR,INV0295,TAX295,East,2025-06-27 00:00:00,ERP
ETXN5314,ERP1314,EACC1314,Credit,18813,INR,INV0314,TAX314,West,2025-05-18 00:00:00,ERP
ETXN5336,ERP1336,EACC1336,Refund,47323,INR,INV0336,TAX336,West,2025-06-21 00:00:00,ERP
ETXN5747,ERP1747,EACC1747,Payment,38485,INR,INV0747,TAX747,Central,2024-01-27 00:00:00,ERP
ETXN5907,ERP1907,EACC1907,Payment,3354,INR,INV0907,TAX907,East,2026-01-17 00:00:00,ERP
ETXN5473,ERP1473,EACC1473,Order,23788,INR,INV0473,TAX473,South,2025-01-29 00:00:00,ERP
ETXN5945,ERP1945,EACC1945,Credit,5646,INR,INV0945,TAX945,North,2024-11-04 00:00:00,ERP
ETXN5345,ERP1345,EACC1345,Payment,26054,INR,INV0345,TAX345,West,2025-10-17 00:00:00,ERP
ETXN5728,ERP1728,EACC1728,Refund,31618,INR,INV0728,TAX728,North,2024-05-18 00:00:00,ERP
ETXN5020,ERP1020,EACC1020,Invoice,20209,INR,INV0020,TAX020,North,2024-10-19 00:00:00,ERP
ETXN5209,ERP1209,EACC1209,Credit,15244,INR,INV0209,TAX209,North,2024-08-20 00:00:00,ERP
ETXN5755,ERP1755,EACC1755,Order,36046,INR,INV0755,TAX755,North,2026-02-20 00:00:00,ERP
ETXN5504,ERP1504,EACC1504,Invoice,22385,INR,INV0504,TAX504,South,2024-12-13 00:00:00,ERP
ETXN5551,ERP1551,EACC1551,Refund,42117,INR,INV0551,TAX551,North,2025-04-06 00:00:00,ERP
ETXN5393,ERP1393,EACC1393,Payment,35000,INR,INV0393,TAX393,West,2024-09-23 00:00:00,ERP
ETXN5163,ERP1163,EACC1163,Refund,17164,INR,INV0163,TAX163,South,2025-04-04 00:00:00,ERP
ETXN5943,ERP1943,EACC1943,Refund,37442,INR,INV0943,TAX943,West,2024-04-13 00:00:00,ERP
ETXN5304,ERP1304,EACC1304,Refund,42852,INR,INV0304,TAX304,Central,2024-04-08 00:00:00,ERP
ETXN5919,ERP1919,EACC1919,Payment,27948,INR,INV0919,TAX919,Central,2026-03-24 00:00:00,ERP
ETXN5220,ERP1220,EACC1220,Refund,28941,INR,INV0220,TAX220,West,2024-07-31 00:00:00,ERP
ETXN5313,ERP1313,EACC1313,Credit,2424,INR,INV0313,TAX313,North,2025-11-26 00:00:00,ERP
ETXN5539,ERP1539,EACC1539,Invoice,15536,INR,INV0539,TAX539,Central,2024-09-05 00:00:00,ERP
ETXN5018,ERP1018,EACC1018,Order,24754,INR,INV0018,TAX018,South,2024-05-18 00:00:00,ERP
ETXN5406,ERP1406,EACC1406,Payment,29777,INR,INV0406,TAX406,Central,2024-07-21 00:00:00,ERP
ETXN5369,ERP1369,EACC1369,Order,22839,INR,INV0369,TAX369,West,2024-03-01 00:00:00,ERP
ETXN5224,ERP1224,EACC1224,Credit,21108,INR,INV0224,TAX224,Central,2025-04-17 00:00:00,ERP
ETXN5265,ERP1265,EACC1265,Credit,45312,INR,INV0265,TAX265,Central,2024-02-08 00:00:00,ERP
ETXN5281,ERP1281,EACC1281,Refund,36871,INR,INV0281,TAX281,North,2024-07-27 00:00:00,ERP
ETXN5530,ERP1530,EACC1530,Payment,45362,INR,INV0530,TAX530,South,2025-08-18 00:00:00,ERP
ETXN5666,ERP1666,EACC1666,Invoice,45285,INR,INV0666,TAX666,Central,2025-11-30 00:00:00,ERP
ETXN5154,ERP1154,EACC1154,Refund,49788,INR,INV0154,TAX154,East,2024-03-31 00:00:00,ERP
ETXN5589,ERP1589,EACC1589,Invoice,20206,INR,INV0589,TAX589,West,2026-01-27 00:00:00,ERP
ETXN5383,ERP1383,EACC1383,Refund,1594,INR,INV0383,TAX383,West,2025-07-23 00:00:00,ERP
ETXN5823,ERP1823,EACC1823,Invoice,10781,INR,INV0823,TAX823,South,2024-01-16 00:00:00,ERP
ETXN5417,ERP1417,EACC1417,Invoice,2473,INR,INV0417,TAX417,Central,2024-11-09 00:00:00,ERP
ETXN5893,ERP1893,EACC1893,Refund,17305,INR,INV0893,TAX893,North,2024-05-12 00:00:00,ERP
ETXN5157,ERP1157,EACC1157,Payment,22593,INR,INV0157,TAX157,South,2024-03-06 00:00:00,ERP
ETXN5507,ERP1507,EACC1507,Refund,49517,INR,INV0507,TAX507,North,2025-05-23 00:00:00,ERP
ETXN5332,ERP1332,EACC1332,Refund,46923,INR,INV0332,TAX332,South,2025-11-22 00:00:00,ERP
ETXN5280,ERP1280,EACC1280,Refund,13449,INR,INV0280,TAX280,Central,2025-12-08 00:00:00,ERP
ETXN5608,ERP1608,EACC1608,Order,38714,INR,INV0608,TAX608,Central,2026-01-03 00:00:00,ERP
ETXN5777,ERP1777,EACC1777,Payment,21548,INR,INV0777,TAX777,Central,2025-05-14 00:00:00,ERP
ETXN5330,ERP1330,EACC1330,Order,46246,INR,INV0330,TAX330,West,2025-08-30 00:00:00,ERP
ETXN5915,ERP1915,EACC1915,Payment,24458,INR,INV0915,TAX915,Central,2025-09-10 00:00:00,ERP
ETXN5619,ERP1619,EACC1619,Invoice,46958,INR,INV0619,TAX619,Central,2025-03-20 00:00:00,ERP
ETXN5008,ERP1008,EACC1008,Invoice,24441,INR,INV0008,TAX008,East,2025-06-18 00:00:00,ERP
ETXN5639,ERP1639,EACC1639,Refund,13736,INR,INV0639,TAX639,West,2024-04-27 00:00:00,ERP
ETXN5527,ERP1527,EACC1527,Credit,11307,INR,INV0527,TAX527,South,2024-04-20 00:00:00,ERP
ETXN5910,ERP1910,EACC1910,Invoice,22376,INR,INV0910,TAX910,East,2025-11-01 00:00:00,ERP
ETXN5512,ERP1512,EACC1512,Payment,41029,INR,INV0512,TAX512,North,2025-05-30 00:00:00,ERP
ETXN5205,ERP1205,EACC1205,Credit,2814,INR,INV0205,TAX205,East,2024-07-09 00:00:00,ERP
ETXN5509,ERP1509,EACC1509,Credit,19094,INR,INV0509,TAX509,West,2026-03-25 00:00:00,ERP
ETXN5464,ERP1464,EACC1464,Order,20999,INR,INV0464,TAX464,South,2025-02-07 00:00:00,ERP
ETXN5388,ERP1388,EACC1388,Credit,26731,INR,INV0388,TAX388,West,2026-01-13 00:00:00,ERP
ETXN5221,ERP1221,EACC1221,Credit,42673,INR,INV0221,TAX221,East,2024-09-08 00:00:00,ERP
ETXN5593,ERP1593,EACC1593,Invoice,32707,INR,INV0593,TAX593,West,2025-06-25 00:00:00,ERP
ETXN5326,ERP1326,EACC1326,Invoice,40556,INR,INV0326,TAX326,East,2025-10-17 00:00:00,ERP
ETXN5225,ERP1225,EACC1225,Credit,11215,INR,INV0225,TAX225,Central,2025-01-21 00:00:00,ERP
ETXN5511,ERP1511,EACC1511,Payment,3342,INR,INV0511,TAX511,West,2025-11-19 00:00:00,ERP
ETXN5261,ERP1261,EACC1261,Payment,36348,INR,INV0261,TAX261,East,2025-04-30 00:00:00,ERP
ETXN5011,ERP1011,EACC1011,Refund,49827,INR,INV0011,TAX011,South,2025-10-07 00:00:00,ERP
ETXN5924,ERP1924,EACC1924,Invoice,40642,INR,INV0924,TAX924,Central,2026-03-07 00:00:00,ERP
ETXN5802,ERP1802,EACC1802,Order,46519,INR,INV0802,TAX802,Central,2024-10-01 00:00:00,ERP
ETXN5550,ERP1550,EACC1550,Credit,45091,INR,INV0550,TAX550,Central,2024-10-26 00:00:00,ERP
ETXN5403,ERP1403,EACC1403,Payment,26784,INR,INV0403,TAX403,West,2026-03-11 00:00:00,ERP
ETXN5722,ERP1722,EACC1722,Order,2636,INR,INV0722,TAX722,North,2024-10-26 00:00:00,ERP
ETXN5115,ERP1115,EACC1115,Invoice,15005,INR,INV0115,TAX115,South,2024-01-31 00:00:00,ERP
ETXN5270,ERP1270,EACC1270,Credit,30483,INR,INV0270,TAX270,South,2026-02-21 00:00:00,ERP
ETXN5198,ERP1198,EACC1198,Invoice,34642,INR,INV0198,TAX198,East,2025-10-05 00:00:00,ERP
ETXN5887,ERP1887,EACC1887,Refund,5583,INR,INV0887,TAX887,North,2026-02-23 00:00:00,ERP
ETXN5939,ERP1939,EACC1939,Invoice,11591,INR,INV0939,TAX939,East,2024-07-05 00:00:00,ERP
ETXN5689,ERP1689,EACC1689,Payment,17854,INR,INV0689,TAX689,Central,2026-03-19 00:00:00,ERP
ETXN5900,ERP1900,EACC1900,Payment,5338,INR,INV0900,TAX900,West,2025-10-15 00:00:00,ERP
ETXN5483,ERP1483,EACC1483,Refund,34399,INR,INV0483,TAX483,West,2024-04-05 00:00:00,ERP
ETXN5179,ERP1179,EACC1179,Payment,17926,INR,INV0179,TAX179,North,2024-04-08 00:00:00,ERP
ETXN5445,ERP1445,EACC1445,Order,44800,INR,INV0445,TAX445,North,2025-07-27 00:00:00,ERP
ETXN5648,ERP1648,EACC1648,Invoice,21308,INR,INV0648,TAX648,West,2025-03-30 00:00:00,ERP
ETXN5121,ERP1121,EACC1121,Invoice,37427,INR,INV0121,TAX121,North,2024-08-15 00:00:00,ERP
ETXN5126,ERP1126,EACC1126,Credit,20058,INR,INV0126,TAX126,North,2025-02-05 00:00:00,ERP
ETXN5700,ERP1700,EACC1700,Payment,8025,INR,INV0700,TAX700,West,2025-08-29 00:00:00,ERP
ETXN5633,ERP1633,EACC1633,Invoice,6578,INR,INV0633,TAX633,North,2024-05-16 00:00:00,ERP
ETXN5118,ERP1118,EACC1118,Order,31810,INR,INV0118,TAX118,East,2024-04-05 00:00:00,ERP
ETXN5886,ERP1886,EACC1886,Invoice,19438,INR,INV0886,TAX886,East,2024-11-22 00:00:00,ERP
ETXN5553,ERP1553,EACC1553,Payment,44993,INR,INV0553,TAX553,West,2025-10-17 00:00:00,ERP
ETXN5236,ERP1236,EACC1236,Credit,29595,INR,INV0236,TAX236,West,2025-12-12 00:00:00,ERP
ETXN5855,ERP1855,EACC1855,Refund,19801,INR,INV0855,TAX855,South,2025-01-23 00:00:00,ERP
ETXN5688,ERP1688,EACC1688,Credit,3155,INR,INV0688,TAX688,Central,2024-11-15 00:00:00,ERP
ETXN5713,ERP1713,EACC1713,Invoice,13378,INR,INV0713,TAX713,East,2025-09-13 00:00:00,ERP
ETXN5053,ERP1053,EACC1053,Payment,41561,INR,INV0053,TAX053,North,2025-12-04 00:00:00,ERP
ETXN5486,ERP1486,EACC1486,Invoice,16164,INR,INV0486,TAX486,East,2025-03-22 00:00:00,ERP
ETXN5469,ERP1469,EACC1469,Credit,43239,INR,INV0469,TAX469,North,2024-03-19 00:00:00,ERP
ETXN5135,ERP1135,EACC1135,Order,33399,INR,INV0135,TAX135,North,2026-02-20 00:00:00,ERP
ETXN5693,ERP1693,EACC1693,Invoice,44435,INR,INV0693,TAX693,Central,2025-04-21 00:00:00,ERP
ETXN5124,ERP1124,EACC1124,Credit,7130,INR,INV0124,TAX124,Central,2024-11-23 00:00:00,ERP
ETXN5360,ERP1360,EACC1360,Invoice,44960,INR,INV0360,TAX360,North,2024-08-28 00:00:00,ERP
ETXN5022,ERP1022,EACC1022,Refund,46241,INR,INV0022,TAX022,Central,2025-06-05 00:00:00,ERP
ETXN5413,ERP1413,EACC1413,Invoice,18280,INR,INV0413,TAX413,Central,2025-01-27 00:00:00,ERP
ETXN5784,ERP1784,EACC1784,Order,12761,INR,INV0784,TAX784,West,2025-09-02 00:00:00,ERP
ETXN5345,ERP1345,EACC1345,Payment,26054,INR,INV0345,TAX345,West,2025-10-17 00:00:00,ERP
ETXN5695,ERP1695,EACC1695,Order,17284,INR,INV0695,TAX695,North,2025-09-29 00:00:00,ERP
ETXN5234,ERP1234,EACC1234,Refund,26529,INR,INV0234,TAX234,Central,2025-10-29 00:00:00,ERP
ETXN5587,ERP1587,EACC1587,Credit,43979,INR,INV0587,TAX587,South,2024-04-08 00:00:00,ERP
ETXN5604,ERP1604,EACC1604,Credit,1895,INR,INV0604,TAX604,South,2026-01-19 00:00:00,ERP
ETXN5825,ERP1825,EACC1825,Refund,16831,INR,INV0825,TAX825,South,2026-03-06 00:00:00,ERP
ETXN5718,ERP1718,EACC1718,Invoice,20764,INR,INV0718,TAX718,North,2025-05-13 00:00:00,ERP
ETXN5119,ERP1119,EACC1119,Invoice,22649,INR,INV0119,TAX119,Central,2025-10-08 00:00:00,ERP
ETXN5367,ERP1367,EACC1367,Refund,14405,INR,INV0367,TAX367,South,2025-07-22 00:00:00,ERP
ETXN5456,ERP1456,EACC1456,Order,26960,INR,INV0456,TAX456,South,2026-03-25 00:00:00,ERP
ETXN5866,ERP1866,EACC1866,Refund,20627,INR,INV0866,TAX866,East,2025-06-20 00:00:00,ERP
ETXN5016,ERP1016,EACC1016,Invoice,13794,INR,INV0016,TAX016,North,2025-02-22 00:00:00,ERP
ETXN5426,ERP1426,EACC1426,Refund,39986,INR,INV0426,TAX426,North,2025-06-15 00:00:00,ERP
ETXN5397,ERP1397,EACC1397,Invoice,43423,INR,INV0397,TAX397,Central,2024-08-01 00:00:00,ERP
ETXN5040,ERP1040,EACC1040,Refund,3407,INR,INV0040,TAX040,West,2025-08-06 00:00:00,ERP
ETXN5325,ERP1325,EACC1325,Order,46604,INR,INV0325,TAX325,West,2026-02-15 00:00:00,ERP
ETXN5683,ERP1683,EACC1683,Invoice,9678,INR,INV0683,TAX683,West,2025-06-24 00:00:00,ERP
ETXN5467,ERP1467,EACC1467,Order,9147,INR,INV0467,TAX467,North,2025-10-30 00:00:00,ERP
ETXN5526,ERP1526,EACC1526,Payment,17157,INR,INV0526,TAX526,North,2024-03-03 00:00:00,ERP
ETXN5847,ERP1847,EACC1847,Credit,42766,INR,INV0847,TAX847,West,2025-01-07 00:00:00,ERP
ETXN5680,ERP1680,EACC1680,Credit,32663,INR,INV0680,TAX680,East,2024-09-04 00:00:00,ERP
ETXN5091,ERP1091,EACC1091,Refund,6360,INR,INV0091,TAX091,Central,2025-08-03 00:00:00,ERP
ETXN5920,ERP1920,EACC1920,Invoice,14848,INR,INV0920,TAX920,East,2025-01-09 00:00:00,ERP
ETXN5639,ERP1639,EACC1639,Refund,13736,INR,INV0639,TAX639,West,2024-04-27 00:00:00,ERP
ETXN5380,ERP1380,EACC1380,Payment,14454,INR,INV0380,TAX380,South,2026-02-16 00:00:00,ERP
ETXN5871,ERP1871,EACC1871,Order,21555,INR,INV0871,TAX871,South,2025-11-10 00:00:00,ERP
ETXN5030,ERP1030,EACC1030,Invoice,43685,INR,INV0030,TAX030,Central,2025-02-03 00:00:00,ERP
ETXN5897,ERP1897,EACC1897,Invoice,18839,INR,INV0897,TAX897,West,2024-01-03 00:00:00,ERP
ETXN5212,ERP1212,EACC1212,Refund,30903,INR,INV0212,TAX212,West,2025-08-29 00:00:00,ERP
ETXN5282,ERP1282,EACC1282,Invoice,48214,INR,INV0282,TAX282,West,2025-10-26 00:00:00,ERP
ETXN5042,ERP1042,EACC1042,Credit,17735,INR,INV0042,TAX042,East,2024-03-17 00:00:00,ERP
ETXN5765,ERP1765,EACC1765,Invoice,22266,INR,INV0765,TAX765,Central,2026-02-26 00:00:00,ERP
ETXN5778,ERP1778,EACC1778,Payment,14128,INR,INV0778,TAX778,North,2025-12-15 00:00:00,ERP
ETXN5076,ERP1076,EACC1076,Credit,49447,INR,INV0076,TAX076,West,2024-10-12 00:00:00,ERP
ETXN5950,ERP1950,EACC1950,Invoice,42181,INR,INV0950,TAX950,East,2024-12-03 00:00:00,ERP
ETXN5088,ERP1088,EACC1088,Invoice,2084,INR,INV0088,TAX088,West,2024-08-11 00:00:00,ERP
ETXN5729,ERP1729,EACC1729,Refund,32602,INR,INV0729,TAX729,North,2024-11-25 00:00:00,ERP
ETXN5058,ERP1058,EACC1058,Credit,34213,INR,INV0058,TAX058,Central,2025-01-27 00:00:00,ERP
ETXN5752,ERP1752,EACC1752,Credit,48745,INR,INV0752,TAX752,West,2025-10-06 00:00:00,ERP
ETXN5868,ERP1868,EACC1868,Order,41021,INR,INV0868,TAX868,West,2025-10-11 00:00:00,ERP
ETXN5017,ERP1017,EACC1017,Refund,24962,INR,INV0017,TAX017,North,2024-03-06 00:00:00,ERP
ETXN5793,ERP1793,EACC1793,Credit,34366,INR,INV0793,TAX793,West,2024-12-20 00:00:00,ERP
ETXN5726,ERP1726,EACC1726,Credit,16910,INR,INV0726,TAX726,East,2025-07-27 00:00:00,ERP
ETXN5291,ERP1291,EACC1291,Credit,20875,INR,INV0291,TAX291,North,2026-01-13 00:00:00,ERP
ETXN5032,ERP1032,EACC1032,Refund,25988,INR,INV0032,TAX032,East,2024-10-22 00:00:00,ERP
ETXN5178,ERP1178,EACC1178,Payment,20106,INR,INV0178,TAX178,North,2025-05-18 00:00:00,ERP
ETXN5730,ERP1730,EACC1730,Refund,42913,INR,INV0730,TAX730,Central,2024-12-12 00:00:00,ERP
ETXN5301,ERP1301,EACC1301,Invoice,39935,INR,INV0301,TAX301,Central,2024-12-02 00:00:00,ERP
ETXN5741,ERP1741,EACC1741,Refund,28076,INR,INV0741,TAX741,East,2024-11-25 00:00:00,ERP
ETXN5197,ERP1197,EACC1197,Credit,28806,INR,INV0197,TAX197,North,2024-01-09 00:00:00,ERP
ETXN5174,ERP1174,EACC1174,Payment,21668,INR,INV0174,TAX174,South,2025-11-07 00:00:00,ERP
ETXN5450,ERP1450,EACC1450,Invoice,21622,INR,INV0450,TAX450,West,2025-04-07 00:00:00,ERP
ETXN5665,ERP1665,EACC1665,Credit,19584,INR,INV0665,TAX665,North,2025-02-06 00:00:00,ERP
ETXN5004,ERP1004,EACC1004,Payment,21869,INR,INV0004,TAX004,Central,2024-02-15 00:00:00,ERP
ETXN5801,ERP1801,EACC1801,Payment,42201,INR,INV0801,TAX801,West,2025-05-27 00:00:00,ERP
ETXN5599,ERP1599,EACC1599,Order,48106,INR,INV0599,TAX599,North,2025-11-02 00:00:00,ERP
ETXN5263,ERP1263,EACC1263,Payment,28914,INR,INV0263,TAX263,North,2025-06-15 00:00:00,ERP
ETXN5869,ERP1869,EACC1869,Payment,11153,INR,INV0869,TAX869,North,2025-12-11 00:00:00,ERP
ETXN5732,ERP1732,EACC1732,Order,45139,INR,INV0732,TAX732,West,2024-10-15 00:00:00,ERP
ETXN5021,ERP1021,EACC1021,Refund,31747,INR,INV0021,TAX021,East,2026-02-14 00:00:00,ERP
ETXN5671,ERP1671,EACC1671,Order,23526,INR,INV0671,TAX671,North,2025-10-16 00:00:00,ERP
ETXN5315,ERP1315,EACC1315,Order,6047,INR,INV0315,TAX315,East,2025-12-21 00:00:00,ERP
ETXN5805,ERP1805,EACC1805,Invoice,14332,INR,INV0805,TAX805,West,2024-06-05 00:00:00,ERP
ETXN5522,ERP1522,EACC1522,Order,15706,INR,INV0522,TAX522,North,2024-11-19 00:00:00,ERP
ETXN5858,ERP1858,EACC1858,Credit,10674,INR,INV0858,TAX858,West,2024-04-11 00:00:00,ERP
ETXN5108,ERP1108,EACC1108,Payment,15487,INR,INV0108,TAX108,South,2024-07-30 00:00:00,ERP
ETXN5716,ERP1716,EACC1716,Payment,35960,INR,INV0716,TAX716,Central,2024-05-01 00:00:00,ERP
ETXN5305,ERP1305,EACC1305,Payment,28398,INR,INV0305,TAX305,Central,2024-12-22 00:00:00,ERP
ETXN5621,ERP1621,EACC1621,Invoice,35168,INR,INV0621,TAX621,South,2024-12-15 00:00:00,ERP
ETXN5860,ERP1860,EACC1860,Payment,31323,INR,INV0860,TAX860,East,2025-09-10 00:00:00,ERP
ETXN5381,ERP1381,EACC1381,Refund,41119,INR,INV0381,TAX381,West,2024-12-02 00:00:00,ERP
ETXN5010,ERP1010,EACC1010,Invoice,48507,INR,INV0010,TAX010,West,2024-01-24 00:00:00,ERP
ETXN5649,ERP1649,EACC1649,Refund,35782,INR,INV0649,TAX649,Central,2025-08-06 00:00:00,ERP
ETXN5297,ERP1297,EACC1297,Order,16764,INR,INV0297,TAX297,Central,2024-03-31 00:00:00,ERP
ETXN5302,ERP1302,EACC1302,Credit,15133,INR,INV0302,TAX302,North,2026-03-06 00:00:00,ERP
ETXN5139,ERP1139,EACC1139,Credit,40083,INR,INV0139,TAX139,North,2025-02-19 00:00:00,ERP
ETXN5112,ERP1112,EACC1112,Payment,25263,INR,INV0112,TAX112,North,2025-05-11 00:00:00,ERP
ETXN5653,ERP1653,EACC1653,Invoice,48023,INR,INV0653,TAX653,South,2025-11-15 00:00:00,ERP
ETXN5574,ERP1574,EACC1574,Refund,5910,INR,INV0574,TAX574,West,2025-03-01 00:00:00,ERP
ETXN5610,ERP1610,EACC1610,Refund,35185,INR,INV0610,TAX610,East,2025-07-06 00:00:00,ERP
ETXN5853,ERP1853,EACC1853,Order,5807,INR,INV0853,TAX853,Central,2024-01-06 00:00:00,ERP
ETXN5537,ERP1537,EACC1537,Credit,33125,INR,INV0537,TAX537,East,2025-01-28 00:00:00,ERP
ETXN5472,ERP1472,EACC1472,Order,2044,INR,INV0472,TAX472,Central,2024-06-15 00:00:00,ERP
ETXN5699,ERP1699,EACC1699,Credit,26787,INR,INV0699,TAX699,Central,2026-03-28 00:00:00,ERP
ETXN5911,ERP1911,EACC1911,Refund,10577,INR,INV0911,TAX911,South,2024-09-19 00:00:00,ERP
ETXN5038,ERP1038,EACC1038,Refund,8496,INR,INV0038,TAX038,South,2025-06-14 00:00:00,ERP
ETXN5239,ERP1239,EACC1239,Order,31353,INR,INV0239,TAX239,North,2024-06-12 00:00:00,ERP
ETXN5643,ERP1643,EACC1643,Refund,48877,INR,INV0643,TAX643,East,2024-04-13 00:00:00,ERP
ETXN5424,ERP1424,EACC1424,Refund,18164,INR,INV0424,TAX424,Central,2025-06-17 00:00:00,ERP
ETXN5519,ERP1519,EACC1519,Order,41409,INR,INV0519,TAX519,East,2026-02-28 00:00:00,ERP
ETXN5674,ERP1674,EACC1674,Invoice,21585,INR,INV0674,TAX674,West,2025-06-24 00:00:00,ERP
ETXN5669,ERP1669,EACC1669,Refund,26557,INR,INV0669,TAX669,North,2025-11-08 00:00:00,ERP
ETXN5298,ERP1298,EACC1298,Refund,32007,INR,INV0298,TAX298,Central,2024-03-17 00:00:00,ERP
ETXN5770,ERP1770,EACC1770,Order,40436,INR,INV0770,TAX770,South,2026-02-28 00:00:00,ERP
ETXN5642,ERP1642,EACC1642,Credit,42756,INR,INV0642,TAX642,West,2024-10-07 00:00:00,ERP
ETXN5668,ERP1668,EACC1668,Credit,6207,INR,INV0668,TAX668,East,2026-01-06 00:00:00,ERP
ETXN5446,ERP1446,EACC1446,Payment,35557,INR,INV0446,TAX446,West,2025-05-06 00:00:00,ERP
ETXN5748,ERP1748,EACC1748,Order,34951,INR,INV0748,TAX748,Central,2025-06-07 00:00:00,ERP
ETXN5475,ERP1475,EACC1475,Payment,26674,INR,INV0475,TAX475,Central,2025-03-12 00:00:00,ERP
ETXN5563,ERP1563,EACC1563,Refund,17519,INR,INV0563,TAX563,Central,2024-09-14 00:00:00,ERP
ETXN5449,ERP1449,EACC1449,Credit,14622,INR,INV0449,TAX449,Central,2025-10-04 00:00:00,ERP
ETXN5289,ERP1289,EACC1289,Invoice,26552,INR,INV0289,TAX289,West,2024-03-05 00:00:00,ERP
ETXN5455,ERP1455,EACC1455,Refund,48657,INR,INV0455,TAX455,Central,2025-02-25 00:00:00,ERP
ETXN5601,ERP1601,EACC1601,Payment,26105,INR,INV0601,TAX601,East,2025-04-21 00:00:00,ERP
ETXN5283,ERP1283,EACC1283,Invoice,46286,INR,INV0283,TAX283,South,2025-10-12 00:00:00,ERP
ETXN5220,ERP1220,EACC1220,Refund,28941,INR,INV0220,TAX220,West,2024-07-31 00:00:00,ERP
ETXN5738,ERP1738,EACC1738,Credit,40982,INR,INV0738,TAX738,West,2024-11-29 00:00:00,ERP
ETXN5373,ERP1373,EACC1373,Order,49413,INR,INV0373,TAX373,West,2025-01-23 00:00:00,ERP
ETXN5921,ERP1921,EACC1921,Payment,26835,INR,INV0921,TAX921,South,2025-06-05 00:00:00,ERP
ETXN5936,ERP1936,EACC1936,Credit,42038,INR,INV0936,TAX936,North,2025-10-23 00:00:00,ERP
ETXN5080,ERP1080,EACC1080,Refund,20761,INR,INV0080,TAX080,West,2024-01-08 00:00:00,ERP
ETXN5247,ERP1247,EACC1247,Credit,9864,INR,INV0247,TAX247,West,2024-05-07 00:00:00,ERP
ETXN5842,ERP1842,EACC1842,Payment,24871,INR,INV0842,TAX842,North,2024-12-02 00:00:00,ERP
ETXN5634,ERP1634,EACC1634,Refund,7513,INR,INV0634,TAX634,West,2025-06-12 00:00:00,ERP
ETXN5031,ERP1031,EACC1031,Payment,30181,INR,INV0031,TAX031,East,2024-07-18 00:00:00,ERP
ETXN5667,ERP1667,EACC1667,Order,28969,INR,INV0667,TAX667,South,2025-07-14 00:00:00,ERP
ETXN5254,ERP1254,EACC1254,Refund,13213,INR,INV0254,TAX254,North,2025-10-29 00:00:00,ERP
ETXN5547,ERP1547,EACC1547,Credit,29709,INR,INV0547,TAX547,Central,2024-07-22 00:00:00,ERP
ETXN5422,ERP1422,EACC1422,Refund,26955,INR,INV0422,TAX422,Central,2024-10-12 00:00:00,ERP
ETXN5344,ERP1344,EACC1344,Payment,21759,INR,INV0344,TAX344,North,2024-07-05 00:00:00,ERP
ETXN5067,ERP1067,EACC1067,Refund,47289,INR,INV0067,TAX067,West,2025-05-22 00:00:00,ERP
ETXN5624,ERP1624,EACC1624,Credit,11238,INR,INV0624,TAX624,North,2025-05-01 00:00:00,ERP
ETXN5045,ERP1045,EACC1045,Invoice,5127,INR,INV0045,TAX045,West,2024-05-29 00:00:00,ERP
ETXN5123,ERP1123,EACC1123,Refund,18715,INR,INV0123,TAX123,South,2024-08-14 00:00:00,ERP
ETXN5195,ERP1195,EACC1195,Credit,10673,INR,INV0195,TAX195,East,2025-04-24 00:00:00,ERP
ETXN5273,ERP1273,EACC1273,Order,12950,INR,INV0273,TAX273,West,2024-05-16 00:00:00,ERP
ETXN5153,ERP1153,EACC1153,Payment,15408,INR,INV0153,TAX153,East,2025-05-14 00:00:00,ERP
ETXN5816,ERP1816,EACC1816,Order,45470,INR,INV0816,TAX816,Central,2024-08-05 00:00:00,ERP
ETXN5073,ERP1073,EACC1073,Payment,25128,INR,INV0073,TAX073,Central,2026-01-03 00:00:00,ERP
ETXN5490,ERP1490,EACC1490,Order,27642,INR,INV0490,TAX490,South,2025-08-12 00:00:00,ERP
ETXN5849,ERP1849,EACC1849,Payment,11217,INR,INV0849,TAX849,South,2025-08-11 00:00:00,ERP
ETXN5881,ERP1881,EACC1881,Credit,46042,INR,INV0881,TAX881,South,2024-12-22 00:00:00,ERP
ETXN5820,ERP1820,EACC1820,Refund,16873,INR,INV0820,TAX820,East,2025-10-18 00:00:00,ERP
ETXN5795,ERP1795,EACC1795,Invoice,1902,INR,INV0795,TAX795,North,2025-07-24 00:00:00,ERP
ETXN5877,ERP1877,EACC1877,Payment,25032,INR,INV0877,TAX877,Central,2024-04-06 00:00:00,ERP
ETXN5303,ERP1303,EACC1303,Credit,10675,INR,INV0303,TAX303,South,2026-03-17 00:00:00,ERP
ETXN5069,ERP1069,EACC1069,Invoice,5261,INR,INV0069,TAX069,Central,2024-03-18 00:00:00,ERP
ETXN5650,ERP1650,EACC1650,Refund,47518,INR,INV0650,TAX650,West,2026-02-10 00:00:00,ERP
ETXN5789,ERP1789,EACC1789,Payment,22597,INR,INV0789,TAX789,Central,2024-11-04 00:00:00,ERP
ETXN5144,ERP1144,EACC1144,Payment,1869,INR,INV0144,TAX144,East,2025-02-14 00:00:00,ERP
ETXN5813,ERP1813,EACC1813,Refund,45660,INR,INV0813,TAX813,West,2024-06-12 00:00:00,ERP
ETXN5278,ERP1278,EACC1278,Order,26835,INR,INV0278,TAX278,East,2025-05-16 00:00:00,ERP
ETXN5328,ERP1328,EACC1328,Credit,37790,INR,INV0328,TAX328,Central,2024-02-20 00:00:00,ERP
ETXN5441,ERP1441,EACC1441,Payment,25523,INR,INV0441,TAX441,North,2024-09-01 00:00:00,ERP
ETXN5025,ERP1025,EACC1025,Credit,31468,INR,INV0025,TAX025,North,2025-06-21 00:00:00,ERP
ETXN5944,ERP1944,EACC1944,Invoice,25521,INR,INV0944,TAX944,South,2024-12-14 00:00:00,ERP
ETXN5204,ERP1204,EACC1204,Credit,8507,INR,INV0204,TAX204,Central,2026-03-21 00:00:00,ERP
ETXN5333,ERP1333,EACC1333,Invoice,31670,INR,INV0333,TAX333,East,2025-03-02 00:00:00,ERP
ETXN5296,ERP1296,EACC1296,Credit,5150,INR,INV0296,TAX296,North,2024-12-12 00:00:00,ERP
ETXN5175,ERP1175,EACC1175,Order,12834,INR,INV0175,TAX175,East,2026-01-30 00:00:00,ERP
ETXN5274,ERP1274,EACC1274,Invoice,39131,INR,INV0274,TAX274,South,2025-06-16 00:00:00,ERP
ETXN5435,ERP1435,EACC1435,Payment,48101,INR,INV0435,TAX435,South,2025-05-06 00:00:00,ERP
ETXN5206,ERP1206,EACC1206,Credit,13945,INR,INV0206,TAX206,Central,2026-02-28 00:00:00,ERP
ETXN5255,ERP1255,EACC1255,Order,26480,INR,INV0255,TAX255,Central,2025-06-30 00:00:00,ERP
ETXN5037,ERP1037,EACC1037,Payment,9118,INR,INV0037,TAX037,Central,2025-08-02 00:00:00,ERP
ETXN5496,ERP1496,EACC1496,Payment,42085,INR,INV0496,TAX496,West,2025-01-13 00:00:00,ERP
ETXN5310,ERP1310,EACC1310,Refund,6996,INR,INV0310,TAX310,North,2024-12-14 00:00:00,ERP
ETXN5412,ERP1412,EACC1412,Invoice,49218,INR,INV0412,TAX412,South,2026-01-06 00:00:00,ERP
ETXN5583,ERP1583,EACC1583,Credit,3563,INR,INV0583,TAX583,North,2025-05-19 00:00:00,ERP
ETXN5321,ERP1321,EACC1321,Refund,12677,INR,INV0321,TAX321,South,2025-04-04 00:00:00,ERP
ETXN5051,ERP1051,EACC1051,Order,24112,INR,INV0051,TAX051,West,2025-09-04 00:00:00,ERP
ETXN5272,ERP1272,EACC1272,Credit,13289,INR,INV0272,TAX272,North,2025-06-12 00:00:00,ERP
ETXN5584,ERP1584,EACC1584,Payment,5052,INR,INV0584,TAX584,West,2025-01-21 00:00:00,ERP
ETXN5663,ERP1663,EACC1663,Order,24184,INR,INV0663,TAX663,Central,2025-12-23 00:00:00,ERP
ETXN5909,ERP1909,EACC1909,Refund,3861,INR,INV0909,TAX909,South,2026-01-09 00:00:00,ERP
ETXN5520,ERP1520,EACC1520,Credit,30275,INR,INV0520,TAX520,South,2025-10-16 00:00:00,ERP
ETXN5879,ERP1879,EACC1879,Invoice,2776,INR,INV0879,TAX879,West,2025-06-14 00:00:00,ERP
ETXN5431,ERP1431,EACC1431,Credit,3969,INR,INV0431,TAX431,East,2026-03-19 00:00:00,ERP
ETXN5457,ERP1457,EACC1457,Invoice,37312,INR,INV0457,TAX457,West,2024-07-31 00:00:00,ERP
ETXN5418,ERP1418,EACC1418,Payment,17799,INR,INV0418,TAX418,North,2024-06-16 00:00:00,ERP
ETXN5676,ERP1676,EACC1676,Refund,40840,INR,INV0676,TAX676,South,2024-10-18 00:00:00,ERP
ETXN5433,ERP1433,EACC1433,Invoice,30518,INR,INV0433,TAX433,North,2025-04-08 00:00:00,ERP
ETXN5147,ERP1147,EACC1147,Payment,13363,INR,INV0147,TAX147,Central,2025-11-21 00:00:00,ERP
ETXN5074,ERP1074,EACC1074,Payment,12072,INR,INV0074,TAX074,North,2025-07-22 00:00:00,ERP
ETXN5797,ERP1797,EACC1797,Order,37845,INR,INV0797,TAX797,West,2024-10-19 00:00:00,ERP
ETXN5670,ERP1670,EACC1670,Invoice,2250,INR,INV0670,TAX670,Central,2025-07-01 00:00:00,ERP
ETXN5183,ERP1183,EACC1183,Refund,12816,INR,INV0183,TAX183,Central,2024-07-28 00:00:00,ERP
ETXN5421,ERP1421,EACC1421,Credit,9560,INR,INV0421,TAX421,West,2025-08-25 00:00:00,ERP
ETXN5364,ERP1364,EACC1364,Payment,3305,INR,INV0364,TAX364,North,2025-02-17 00:00:00,ERP
ETXN5377,ERP1377,EACC1377,Invoice,19720,INR,INV0377,TAX377,East,2025-12-11 00:00:00,ERP
ETXN5064,ERP1064,EACC1064,Payment,37092,INR,INV0064,TAX064,Central,2024-10-20 00:00:00,ERP
ETXN5684,ERP1684,EACC1684,Invoice,48299,INR,INV0684,TAX684,East,2025-06-19 00:00:00,ERP
ETXN5114,ERP1114,EACC1114,Order,48290,INR,INV0114,TAX114,East,2024-04-12 00:00:00,ERP
ETXN5106,ERP1106,EACC1106,Order,46120,INR,INV0106,TAX106,Central,2025-07-18 00:00:00,ERP
ETXN5641,ERP1641,EACC1641,Order,26382,INR,INV0641,TAX641,Central,2025-02-24 00:00:00,ERP
ETXN5271,ERP1271,EACC1271,Refund,13713,INR,INV0271,TAX271,North,2024-09-25 00:00:00,ERP
ETXN5933,ERP1933,EACC1933,Refund,21119,INR,INV0933,TAX933,North,2024-12-07 00:00:00,ERP
ETXN5092,ERP1092,EACC1092,Order,1134,INR,INV0092,TAX092,Central,2024-12-18 00:00:00,ERP
ETXN5651,ERP1651,EACC1651,Invoice,45098,INR,INV0651,TAX651,Central,2025-01-17 00:00:00,ERP
ETXN5378,ERP1378,EACC1378,Payment,25181,INR,INV0378,TAX378,Central,2025-04-19 00:00:00,ERP
ETXN5700,ERP1700,EACC1700,Payment,8025,INR,INV0700,TAX700,West,2025-08-29 00:00:00,ERP
ETXN5694,ERP1694,EACC1694,Refund,26873,INR,INV0694,TAX694,South,2024-09-29 00:00:00,ERP
ETXN5134,ERP1134,EACC1134,Payment,42628,INR,INV0134,TAX134,South,2024-03-01 00:00:00,ERP
ETXN5341,ERP1341,EACC1341,Payment,20950,INR,INV0341,TAX341,Central,2025-08-02 00:00:00,ERP
ETXN5177,ERP1177,EACC1177,Invoice,36281,INR,INV0177,TAX177,North,2025-08-12 00:00:00,ERP
ETXN5001,ERP1001,EACC1001,Invoice,36656,INR,INV0001,TAX001,North,2025-05-17 00:00:00,ERP
ETXN5677,ERP1677,EACC1677,Refund,10000,INR,INV0677,TAX677,East,2025-12-19 00:00:00,ERP
ETXN5470,ERP1470,EACC1470,Invoice,35302,INR,INV0470,TAX470,Central,2024-09-12 00:00:00,ERP
ETXN5143,ERP1143,EACC1143,Refund,30743,INR,INV0143,TAX143,West,2025-10-11 00:00:00,ERP
ETXN5681,ERP1681,EACC1681,Order,40951,INR,INV0681,TAX681,West,2024-10-19 00:00:00,ERP
ETXN5140,ERP1140,EACC1140,Order,39417,INR,INV0140,TAX140,North,2025-05-13 00:00:00,ERP
ETXN5668,ERP1668,EACC1668,Credit,6207,INR,INV0668,TAX668,East,2026-01-06 00:00:00,ERP
ETXN5391,ERP1391,EACC1391,Order,19403,INR,INV0391,TAX391,North,2024-10-23 00:00:00,ERP
ETXN5654,ERP1654,EACC1654,Invoice,43530,INR,INV0654,TAX654,West,2026-01-27 00:00:00,ERP
ETXN5570,ERP1570,EACC1570,Order,12353,INR,INV0570,TAX570,North,2026-02-14 00:00:00,ERP
ETXN5043,ERP1043,EACC1043,Order,25687,INR,INV0043,TAX043,Central,2024-07-23 00:00:00,ERP
ETXN5372,ERP1372,EACC1372,Order,38002,INR,INV0372,TAX372,West,2024-01-07 00:00:00,ERP
ETXN5390,ERP1390,EACC1390,Refund,21486,INR,INV0390,TAX390,Central,2025-07-23 00:00:00,ERP
ETXN5662,ERP1662,EACC1662,Credit,27931,INR,INV0662,TAX662,North,2025-12-19 00:00:00,ERP
ETXN5376,ERP1376,EACC1376,Refund,27099,INR,INV0376,TAX376,North,2025-12-10 00:00:00,ERP
ETXN5758,ERP1758,EACC1758,Refund,42937,INR,INV0758,TAX758,West,2024-06-20 00:00:00,ERP
ETXN5256,ERP1256,EACC1256,Payment,39327,INR,INV0256,TAX256,South,2025-02-18 00:00:00,ERP
ETXN5561,ERP1561,EACC1561,Credit,3579,INR,INV0561,TAX561,West,2024-10-21 00:00:00,ERP
ETXN5276,ERP1276,EACC1276,Invoice,715,INR,INV0276,TAX276,Central,2026-03-17 00:00:00,ERP
ETXN5101,ERP1101,EACC1101,Order,5398,INR,INV0101,TAX101,East,2025-02-01 00:00:00,ERP
ETXN5635,ERP1635,EACC1635,Order,551,INR,INV0635,TAX635,Central,2025-06-27 00:00:00,ERP
ETXN5761,ERP1761,EACC1761,Credit,4399,INR,INV0761,TAX761,West,2024-01-03 00:00:00,ERP
ETXN5173,ERP1173,EACC1173,Invoice,11867,INR,INV0173,TAX173,East,2024-06-22 00:00:00,ERP
ETXN5359,ERP1359,EACC1359,Credit,14064,INR,INV0359,TAX359,Central,2026-03-20 00:00:00,ERP
ETXN5772,ERP1772,EACC1772,Credit,33540,INR,INV0772,TAX772,East,2025-04-11 00:00:00,ERP
ETXN5646,ERP1646,EACC1646,Credit,22499,INR,INV0646,TAX646,South,2025-10-13 00:00:00,ERP
ETXN5902,ERP1902,EACC1902,Refund,2972,INR,INV0902,TAX902,South,2024-12-04 00:00:00,ERP
ETXN5478,ERP1478,EACC1478,Invoice,12830,INR,INV0478,TAX478,North,2026-03-15 00:00:00,ERP
ETXN5292,ERP1292,EACC1292,Refund,34651,INR,INV0292,TAX292,West,2025-02-17 00:00:00,ERP
ETXN5468,ERP1468,EACC1468,Refund,25422,INR,INV0468,TAX468,South,2024-02-19 00:00:00,ERP
ETXN5809,ERP1809,EACC1809,Invoice,23106,INR,INV0809,TAX809,North,2025-08-08 00:00:00,ERP
ETXN5404,ERP1404,EACC1404,Credit,32292,INR,INV0404,TAX404,South,2024-09-12 00:00:00,ERP
ETXN5306,ERP1306,EACC1306,Invoice,39399,INR,INV0306,TAX306,East,2024-09-07 00:00:00,ERP
ETXN5516,ERP1516,EACC1516,Payment,27872,INR,INV0516,TAX516,East,2024-03-20 00:00:00,ERP
ETXN5311,ERP1311,EACC1311,Refund,44542,INR,INV0311,TAX311,South,2024-08-24 00:00:00,ERP
ETXN5618,ERP1618,EACC1618,Payment,17663,INR,INV0618,TAX618,West,2024-12-21 00:00:00,ERP
ETXN5447,ERP1447,EACC1447,Refund,527,INR,INV0447,TAX447,West,2025-01-01 00:00:00,ERP
ETXN5571,ERP1571,EACC1571,Invoice,26554,INR,INV0571,TAX571,West,2024-07-03 00:00:00,ERP
ETXN5072,ERP1072,EACC1072,Credit,31234,INR,INV0072,TAX072,Central,2025-05-14 00:00:00,ERP
ETXN5925,ERP1925,EACC1925,Refund,19969,INR,INV0925,TAX925,Central,2026-03-20 00:00:00,ERP
ETXN5573,ERP1573,EACC1573,Refund,41026,INR,INV0573,TAX573,East,2024-05-08 00:00:00,ERP
ETXN5005,ERP1005,EACC1005,Payment,34481,INR,INV0005,TAX005,South,2025-09-19 00:00:00,ERP
ETXN5824,ERP1824,EACC1824,Payment,37440,INR,INV0824,TAX824,West,2024-12-18 00:00:00,ERP
ETXN5006,ERP1006,EACC1006,Payment,3230,INR,INV0006,TAX006,West,2025-11-26 00:00:00,ERP
ETXN5015,ERP1015,EACC1015,Invoice,44831,INR,INV0015,TAX015,South,2025-03-04 00:00:00,ERP
ETXN5196,ERP1196,EACC1196,Order,38518,INR,INV0196,TAX196,Central,2024-06-23 00:00:00,ERP
ETXN5913,ERP1913,EACC1913,Order,27081,INR,INV0913,TAX913,North,2024-04-28 00:00:00,ERP
ETXN5873,ERP1873,EACC1873,Payment,21376,INR,INV0873,TAX873,West,2024-11-02 00:00:00,ERP
ETXN5759,ERP1759,EACC1759,Order,24504,INR,INV0759,TAX759,East,2024-03-11 00:00:00,ERP
ETXN5949,ERP1949,EACC1949,Order,18166,INR,INV0949,TAX949,North,2026-01-02 00:00:00,ERP
ETXN5231,ERP1231,EACC1231,Refund,27074,INR,INV0231,TAX231,East,2025-11-30 00:00:00,ERP
ETXN5133,ERP1133,EACC1133,Credit,47463,INR,INV0133,TAX133,East,2025-02-01 00:00:00,ERP
ETXN5489,ERP1489,EACC1489,Payment,29843,INR,INV0489,TAX489,West,2025-01-22 00:00:00,ERP
ETXN5821,ERP1821,EACC1821,Refund,20645,INR,INV0821,TAX821,North,2025-06-01 00:00:00,ERP
ETXN5892,ERP1892,EACC1892,Order,10583,INR,INV0892,TAX892,South,2024-04-12 00:00:00,ERP
ETXN5717,ERP1717,EACC1717,Refund,1513,INR,INV0717,TAX717,South,2025-01-08 00:00:00,ERP
ETXN5845,ERP1845,EACC1845,Order,4803,INR,INV0845,TAX845,Central,2024-04-16 00:00:00,ERP
ETXN5061,ERP1061,EACC1061,Credit,49294,INR,INV0061,TAX061,South,2024-07-28 00:00:00,ERP
ETXN5354,ERP1354,EACC1354,Invoice,29142,INR,INV0354,TAX354,Central,2025-07-16 00:00:00,ERP
ETXN5585,ERP1585,EACC1585,Payment,14314,INR,INV0585,TAX585,North,2025-07-17 00:00:00,ERP
ETXN5371,ERP1371,EACC1371,Credit,47494,INR,INV0371,TAX371,East,2024-04-28 00:00:00,ERP
ETXN5494,ERP1494,EACC1494,Refund,16603,INR,INV0494,TAX494,South,2025-10-15 00:00:00,ERP
ETXN5575,ERP1575,EACC1575,Refund,18495,INR,INV0575,TAX575,West,2024-03-08 00:00:00,ERP
ETXN5834,ERP1834,EACC1834,Credit,31496,INR,INV0834,TAX834,North,2024-08-17 00:00:00,ERP
ETXN5275,ERP1275,EACC1275,Order,20523,INR,INV0275,TAX275,East,2024-01-07 00:00:00,ERP
ETXN5763,ERP1763,EACC1763,Invoice,46017,INR,INV0763,TAX763,Central,2024-11-11 00:00:00,ERP
ETXN5655,ERP1655,EACC1655,Order,7043,INR,INV0655,TAX655,East,2025-11-23 00:00:00,ERP
ETXN5594,ERP1594,EACC1594,Credit,41037,INR,INV0594,TAX594,South,2024-03-15 00:00:00,ERP
ETXN5034,ERP1034,EACC1034,Payment,25629,INR,INV0034,TAX034,South,2024-06-22 00:00:00,ERP
ETXN5781,ERP1781,EACC1781,Order,44835,INR,INV0781,TAX781,Central,2024-10-31 00:00:00,ERP
ETXN5249,ERP1249,EACC1249,Refund,11678,INR,INV0249,TAX249,North,2025-03-31 00:00:00,ERP
ETXN5349,ERP1349,EACC1349,Refund,7605,INR,INV0349,TAX349,North,2024-08-27 00:00:00,ERP
ETXN5023,ERP1023,EACC1023,Refund,14363,INR,INV0023,TAX023,West,2024-04-01 00:00:00,ERP
ETXN5625,ERP1625,EACC1625,Invoice,25946,INR,INV0625,TAX625,South,2025-12-02 00:00:00,ERP
ETXN5826,ERP1826,EACC1826,Refund,36889,INR,INV0826,TAX826,South,2025-05-28 00:00:00,ERP
ETXN5749,ERP1749,EACC1749,Order,953,INR,INV0749,TAX749,South,2024-01-01 00:00:00,ERP
ETXN5082,ERP1082,EACC1082,Invoice,7505,INR,INV0082,TAX082,South,2024-03-14 00:00:00,ERP
ETXN5640,ERP1640,EACC1640,Order,1318,INR,INV0640,TAX640,West,2026-02-22 00:00:00,ERP
ETXN5807,ERP1807,EACC1807,Credit,42804,INR,INV0807,TAX807,East,2026-03-14 00:00:00,ERP
ETXN5374,ERP1374,EACC1374,Order,27240,INR,INV0374,TAX374,North,2025-11-06 00:00:00,ERP
ETXN5597,ERP1597,EACC1597,Credit,2166,INR,INV0597,TAX597,Central,2025-11-07 00:00:00,ERP
ETXN5905,ERP1905,EACC1905,Order,31619,INR,INV0905,TAX905,South,2025-10-27 00:00:00,ERP
ETXN5521,ERP1521,EACC1521,Refund,10693,INR,INV0521,TAX521,East,2024-09-01 00:00:00,ERP
ETXN5458,ERP1458,EACC1458,Credit,8323,INR,INV0458,TAX458,South,2024-01-11 00:00:00,ERP
ETXN5882,ERP1882,EACC1882,Credit,20622,INR,INV0882,TAX882,North,2024-06-24 00:00:00,ERP
ETXN5733,ERP1733,EACC1733,Payment,32445,INR,INV0733,TAX733,Central,2024-09-15 00:00:00,ERP
ETXN5213,ERP1213,EACC1213,Invoice,46116,INR,INV0213,TAX213,North,2025-08-18 00:00:00,ERP
ETXN5240,ERP1240,EACC1240,Payment,12695,INR,INV0240,TAX240,South,2025-03-14 00:00:00,ERP
ETXN5745,ERP1745,EACC1745,Payment,28010,INR,INV0745,TAX745,South,2025-02-27 00:00:00,ERP
ETXN5501,ERP1501,EACC1501,Order,5489,INR,INV0501,TAX501,Central,2026-02-10 00:00:00,ERP
ETXN5839,ERP1839,EACC1839,Payment,9428,INR,INV0839,TAX839,Central,2024-09-28 00:00:00,ERP
ETXN5567,ERP1567,EACC1567,Refund,15935,INR,INV0567,TAX567,North,2025-08-10 00:00:00,ERP
ETXN5351,ERP1351,EACC1351,Invoice,39107,INR,INV0351,TAX351,East,2024-01-03 00:00:00,ERP
ETXN5862,ERP1862,EACC1862,Refund,26087,INR,INV0862,TAX862,Central,2025-06-30 00:00:00,ERP
ETXN5361,ERP1361,EACC1361,Invoice,41294,INR,INV0361,TAX361,East,2024-02-03 00:00:00,ERP
ETXN5116,ERP1116,EACC1116,Credit,26439,INR,INV0116,TAX116,West,2024-07-26 00:00:00,ERP
ETXN5286,ERP1286,EACC1286,Invoice,43698,INR,INV0286,TAX286,Central,2024-07-08 00:00:00,ERP
ETXN5471,ERP1471,EACC1471,Payment,33771,INR,INV0471,TAX471,South,2025-06-29 00:00:00,ERP
ETXN5659,ERP1659,EACC1659,Credit,25402,INR,INV0659,TAX659,South,2024-05-24 00:00:00,ERP
ETXN5926,ERP1926,EACC1926,Refund,38500,INR,INV0926,TAX926,Central,2024-02-13 00:00:00,ERP
ETXN5194,ERP1194,EACC1194,Payment,16740,INR,INV0194,TAX194,Central,2025-08-17 00:00:00,ERP
ETXN5709,ERP1709,EACC1709,Credit,30622,INR,INV0709,TAX709,Central,2024-11-01 00:00:00,ERP
ETXN5629,ERP1629,EACC1629,Refund,46023,INR,INV0629,TAX629,North,2024-04-19 00:00:00,ERP
ETXN5711,ERP1711,EACC1711,Invoice,8295,INR,INV0711,TAX711,South,2025-04-12 00:00:00,ERP
ETXN5161,ERP1161,EACC1161,Refund,47613,INR,INV0161,TAX161,Central,2024-12-24 00:00:00,ERP
ETXN5425,ERP1425,EACC1425,Refund,33674,INR,INV0425,TAX425,Central,2025-08-20 00:00:00,ERP
ETXN5942,ERP1942,EACC1942,Order,38127,INR,INV0942,TAX942,North,2024-02-08 00:00:00,ERP
ETXN5036,ERP1036,EACC1036,Invoice,18891,INR,INV0036,TAX036,West,2024-09-19 00:00:00,ERP
ETXN5357,ERP1357,EACC1357,Refund,7163,INR,INV0357,TAX357,Central,2025-08-30 00:00:00,ERP
ETXN5660,ERP1660,EACC1660,Invoice,4298,INR,INV0660,TAX660,East,2025-05-14 00:00:00,ERP
ETXN5715,ERP1715,EACC1715,Invoice,17285,INR,INV0715,TAX715,East,2024-05-09 00:00:00,ERP
ETXN5233,ERP1233,EACC1233,Invoice,20697,INR,INV0233,TAX233,South,2024-01-22 00:00:00,ERP
ETXN5724,ERP1724,EACC1724,Order,41745,INR,INV0724,TAX724,South,2025-08-13 00:00:00,ERP
ETXN5590,ERP1590,EACC1590,Payment,18900,INR,INV0590,TAX590,West,2024-04-28 00:00:00,ERP
ETXN5226,ERP1226,EACC1226,Invoice,48790,INR,INV0226,TAX226,West,2024-08-20 00:00:00,ERP
ETXN5581,ERP1581,EACC1581,Refund,5746,INR,INV0581,TAX581,Central,2024-08-14 00:00:00,ERP
ETXN5661,ERP1661,EACC1661,Refund,10392,INR,INV0661,TAX661,East,2026-01-04 00:00:00,ERP
ETXN5844,ERP1844,EACC1844,Order,28510,INR,INV0844,TAX844,Central,2024-12-08 00:00:00,ERP
ETXN5682,ERP1682,EACC1682,Refund,20253,INR,INV0682,TAX682,South,2025-09-09 00:00:00,ERP
ETXN5930,ERP1930,EACC1930,Refund,563,INR,INV0930,TAX930,Central,2025-11-20 00:00:00,ERP
ETXN5027,ERP1027,EACC1027,Credit,12579,INR,INV0027,TAX027,Central,2025-08-20 00:00:00,ERP
ETXN5692,ERP1692,EACC1692,Invoice,22626,INR,INV0692,TAX692,Central,2024-04-08 00:00:00,ERP
ETXN5454,ERP1454,EACC1454,Refund,12381,INR,INV0454,TAX454,West,2025-02-20 00:00:00,ERP
ETXN5398,ERP1398,EACC1398,Order,39864,INR,INV0398,TAX398,East,2024-10-28 00:00:00,ERP
ETXN5379,ERP1379,EACC1379,Credit,6490,INR,INV0379,TAX379,Central,2024-03-27 00:00:00,ERP
ETXN5831,ERP1831,EACC1831,Payment,2103,INR,INV0831,TAX831,West,2026-02-19 00:00:00,ERP
ETXN5258,ERP1258,EACC1258,Order,1404,INR,INV0258,TAX258,Central,2025-10-24 00:00:00,ERP
ETXN5159,ERP1159,EACC1159,Payment,1504,INR,INV0159,TAX159,Central,2024-02-22 00:00:00,ERP
ETXN5605,ERP1605,EACC1605,Invoice,26613,INR,INV0605,TAX605,West,2026-01-15 00:00:00,ERP
ETXN5190,ERP1190,EACC1190,Refund,17520,INR,INV0190,TAX190,West,2025-07-22 00:00:00,ERP
ETXN5935,ERP1935,EACC1935,Payment,34305,INR,INV0935,TAX935,Central,2026-02-22 00:00:00,ERP
ETXN5347,ERP1347,EACC1347,Credit,11841,INR,INV0347,TAX347,Central,2024-12-06 00:00:00,ERP
ETXN5319,ERP1319,EACC1319,Refund,8899,INR,INV0319,TAX319,East,2025-07-15 00:00:00,ERP
ETXN5176,ERP1176,EACC1176,Order,29998,INR,INV0176,TAX176,West,2024-07-09 00:00:00,ERP
ETXN5077,ERP1077,EACC1077,Refund,11387,INR,INV0077,TAX077,Central,2024-04-03 00:00:00,ERP
ETXN5307,ERP1307,EACC1307,Refund,39170,INR,INV0307,TAX307,Central,2026-01-16 00:00:00,ERP
ETXN5285,ERP1285,EACC1285,Credit,5427,INR,INV0285,TAX285,East,2024-12-19 00:00:00,ERP
ETXN5099,ERP1099,EACC1099,Invoice,2459,INR,INV0099,TAX099,Central,2025-10-30 00:00:00,ERP
ETXN5704,ERP1704,EACC1704,Credit,19968,INR,INV0704,TAX704,East,2024-09-23 00:00:00,ERP
ETXN5737,ERP1737,EACC1737,Order,26868,INR,INV0737,TAX737,East,2024-04-09 00:00:00,ERP
ETXN5899,ERP1899,EACC1899,Invoice,47984,INR,INV0899,TAX899,East,2025-02-11 00:00:00,ERP
ETXN5044,ERP1044,EACC1044,Credit,47714,INR,INV0044,TAX044,South,2025-09-23 00:00:00,ERP
ETXN5872,ERP1872,EACC1872,Order,9292,INR,INV0872,TAX872,West,2024-01-21 00:00:00,ERP
ETXN5838,ERP1838,EACC1838,Payment,29645,INR,INV0838,TAX838,Central,2025-06-05 00:00:00,ERP
ETXN5518,ERP1518,EACC1518,Order,43876,INR,INV0518,TAX518,West,2024-04-21 00:00:00,ERP
ETXN5723,ERP1723,EACC1723,Refund,15074,INR,INV0723,TAX723,Central,2025-10-18 00:00:00,ERP
ETXN5883,ERP1883,EACC1883,Invoice,49230,INR,INV0883,TAX883,East,2024-12-01 00:00:00,ERP
ETXN5595,ERP1595,EACC1595,Payment,8511,INR,INV0595,TAX595,Central,2024-04-30 00:00:00,ERP
ETXN5790,ERP1790,EACC1790,Credit,48909,INR,INV0790,TAX790,West,2024-10-03 00:00:00,ERP
ETXN5917,ERP1917,EACC1917,Invoice,13366,INR,INV0917,TAX917,East,2024-02-22 00:00:00,ERP
ETXN5698,ERP1698,EACC1698,Invoice,8957,INR,INV0698,TAX698,East,2025-02-14 00:00:00,ERP
ETXN5730,ERP1730,EACC1730,Refund,42913,INR,INV0730,TAX730,Central,2024-12-12 00:00:00,ERP
ETXN5149,ERP1149,EACC1149,Credit,42376,INR,INV0149,TAX149,West,2026-03-14 00:00:00,ERP
ETXN5395,ERP1395,EACC1395,Refund,8425,INR,INV0395,TAX395,Central,2024-09-03 00:00:00,ERP
ETXN5029,ERP1029,EACC1029,Invoice,46667,INR,INV0029,TAX029,South,2025-11-01 00:00:00,ERP
ETXN5616,ERP1616,EACC1616,Refund,2615,INR,INV0616,TAX616,North,2024-01-25 00:00:00,ERP
ETXN5346,ERP1346,EACC1346,Order,10684,INR,INV0346,TAX346,North,2025-05-05 00:00:00,ERP
ETXN5223,ERP1223,EACC1223,Payment,27576,INR,INV0223,TAX223,West,2025-03-10 00:00:00,ERP
ETXN5111,ERP1111,EACC1111,Order,2837,INR,INV0111,TAX111,East,2025-08-13 00:00:00,ERP
ETXN5740,ERP1740,EACC1740,Invoice,46017,INR,INV0740,TAX740,Central,2024-09-07 00:00:00,ERP
ETXN5181,ERP1181,EACC1181,Order,23502,INR,INV0181,TAX181,Central,2024-10-01 00:00:00,ERP
ETXN5334,ERP1334,EACC1334,Order,33739,INR,INV0334,TAX334,East,2024-12-28 00:00:00,ERP
ETXN5513,ERP1513,EACC1513,Payment,1709,INR,INV0513,TAX513,East,2025-12-16 00:00:00,ERP
ETXN5931,ERP1931,EACC1931,Payment,1158,INR,INV0931,TAX931,East,2024-09-14 00:00:00,ERP
ETXN5085,ERP1085,EACC1085,Invoice,9711,INR,INV0085,TAX085,West,2024-11-18 00:00:00,ERP
ETXN5806,ERP1806,EACC1806,Payment,46618,INR,INV0806,TAX806,South,2024-10-27 00:00:00,ERP
ETXN5494,ERP1494,EACC1494,Refund,16603,INR,INV0494,TAX494,South,2025-10-15 00:00:00,ERP
ETXN5535,ERP1535,EACC1535,Payment,46824,INR,INV0535,TAX535,East,2026-01-12 00:00:00,ERP
ETXN5202,ERP1202,EACC1202,Invoice,44578,INR,INV0202,TAX202,Central,2026-02-18 00:00:00,ERP
ETXN5229,ERP1229,EACC1229,Order,12994,INR,INV0229,TAX229,Central,2024-03-21 00:00:00,ERP
ETXN5875,ERP1875,EACC1875,Payment,22520,INR,INV0875,TAX875,Central,2025-01-11 00:00:00,ERP
ETXN5543,ERP1543,EACC1543,Credit,23666,INR,INV0543,TAX543,West,2025-07-14 00:00:00,ERP
ETXN5165,ERP1165,EACC1165,Refund,41734,INR,INV0165,TAX165,North,2024-02-08 00:00:00,ERP
ETXN5191,ERP1191,EACC1191,Payment,25561,INR,INV0191,TAX191,South,2024-12-04 00:00:00,ERP
ETXN5170,ERP1170,EACC1170,Order,10387,INR,INV0170,TAX170,South,2025-03-04 00:00:00,ERP
ETXN5164,ERP1164,EACC1164,Invoice,39395,INR,INV0164,TAX164,East,2024-07-27 00:00:00,ERP
ETXN5609,ERP1609,EACC1609,Credit,38771,INR,INV0609,TAX609,South,2026-01-30 00:00:00,ERP
ETXN5171,ERP1171,EACC1171,Order,29315,INR,INV0171,TAX171,East,2024-04-25 00:00:00,ERP
ETXN5443,ERP1443,EACC1443,Order,15467,INR,INV0443,TAX443,East,2025-02-27 00:00:00,ERP
ETXN5287,ERP1287,EACC1287,Payment,45613,INR,INV0287,TAX287,Central,2025-07-01 00:00:00,ERP
ETXN5066,ERP1066,EACC1066,Invoice,7900,INR,INV0066,TAX066,South,2024-06-26 00:00:00,ERP
ETXN5160,ERP1160,EACC1160,Order,10012,INR,INV0160,TAX160,Central,2024-01-19 00:00:00,ERP
ETXN5515,ERP1515,EACC1515,Payment,44515,INR,INV0515,TAX515,East,2026-02-26 00:00:00,ERP
ETXN5199,ERP1199,EACC1199,Payment,7516,INR,INV0199,TAX199,East,2024-09-01 00:00:00,ERP
ETXN5308,ERP1308,EACC1308,Invoice,16423,INR,INV0308,TAX308,South,2024-02-13 00:00:00,ERP
ETXN5708,ERP1708,EACC1708,Refund,27762,INR,INV0708,TAX708,West,2024-11-15 00:00:00,ERP
ETXN5187,ERP1187,EACC1187,Payment,28947,INR,INV0187,TAX187,North,2024-05-19 00:00:00,ERP
ETXN5760,ERP1760,EACC1760,Payment,46166,INR,INV0760,TAX760,North,2025-08-15 00:00:00,ERP
ETXN5744,ERP1744,EACC1744,Invoice,16097,INR,INV0744,TAX744,Central,2025-01-29 00:00:00,ERP
ETXN5557,ERP1557,EACC1557,Refund,22009,INR,INV0557,TAX557,North,2026-03-24 00:00:00,ERP
ETXN5201,ERP1201,EACC1201,Payment,9737,INR,INV0201,TAX201,North,2024-09-09 00:00:00,ERP
ETXN5466,ERP1466,EACC1466,Credit,43087,INR,INV0466,TAX466,East,2024-10-21 00:00:00,ERP
ETXN5886,ERP1886,EACC1886,Invoice,19438,INR,INV0886,TAX886,East,2024-11-22 00:00:00,ERP
ETXN5462,ERP1462,EACC1462,Payment,26871,INR,INV0462,TAX462,West,2025-01-10 00:00:00,ERP
ETXN5725,ERP1725,EACC1725,Credit,43247,INR,INV0725,TAX725,South,2024-11-16 00:00:00,ERP
ETXN5175,ERP1175,EACC1175,Order,12834,INR,INV0175,TAX175,East,2026-01-30 00:00:00,ERP
ETXN5586,ERP1586,EACC1586,Refund,2086,INR,INV0586,TAX586,East,2024-05-31 00:00:00,ERP
ETXN5559,ERP1559,EACC1559,Invoice,2764,INR,INV0559,TAX559,West,2024-12-15 00:00:00,ERP
ETXN5685,ERP1685,EACC1685,Refund,2084,INR,INV0685,TAX685,Central,2026-01-06 00:00:00,ERP
ETXN5613,ERP1613,EACC1613,Payment,14525,INR,INV0613,TAX613,South,2024-09-27 00:00:00,ERP
ETXN5832,ERP1832,EACC1832,Refund,18022,INR,INV0832,TAX832,Central,2025-05-03 00:00:00,ERP
ETXN5329,ERP1329,EACC1329,Refund,24075,INR,INV0329,TAX329,West,2024-10-25 00:00:00,ERP
ETXN5299,ERP1299,EACC1299,Invoice,35305,INR,INV0299,TAX299,Central,2025-11-16 00:00:00,ERP
ETXN5150,ERP1150,EACC1150,Invoice,1165,INR,INV0150,TAX150,South,2024-01-04 00:00:00,ERP
ETXN5602,ERP1602,EACC1602,Refund,49009,INR,INV0602,TAX602,East,2025-07-06 00:00:00,ERP
ETXN5192,ERP1192,EACC1192,Order,36877,INR,INV0192,TAX192,East,2024-12-27 00:00:00,ERP
ETXN5440,ERP1440,EACC1440,Credit,16601,INR,INV0440,TAX440,Central,2024-05-06 00:00:00,ERP
ETXN5203,ERP1203,EACC1203,Refund,22608,INR,INV0203,TAX203,Central,2024-04-30 00:00:00,ERP
ETXN5800,ERP1800,EACC1800,Credit,8944,INR,INV0800,TAX800,East,2024-12-18 00:00:00,ERP
ETXN5937,ERP1937,EACC1937,Refund,21673,INR,INV0937,TAX937,Central,2025-02-10 00:00:00,ERP
ETXN5273,ERP1273,EACC1273,Order,12950,INR,INV0273,TAX273,West,2024-05-16 00:00:00,ERP
ETXN5764,ERP1764,EACC1764,Invoice,43898,INR,INV0764,TAX764,Central,2025-02-22 00:00:00,ERP
ETXN5502,ERP1502,EACC1502,Credit,40978,INR,INV0502,TAX502,South,2025-12-23 00:00:00,ERP
ETXN5071,ERP1071,EACC1071,Credit,19966,INR,INV0071,TAX071,South,2024-02-17 00:00:00,ERP
ETXN5432,ERP1432,EACC1432,Payment,17566,INR,INV0432,TAX432,West,2024-10-12 00:00:00,ERP
ETXN5168,ERP1168,EACC1168,Credit,8130,INR,INV0168,TAX168,East,2025-12-27 00:00:00,ERP
ETXN5742,ERP1742,EACC1742,Invoice,27760,INR,INV0742,TAX742,East,2025-07-22 00:00:00,ERP
ETXN5860,ERP1860,EACC1860,Payment,31323,INR,INV0860,TAX860,East,2025-09-10 00:00:00,ERP
ETXN5482,ERP1482,EACC1482,Payment,46060,INR,INV0482,TAX482,South,2025-04-18 00:00:00,ERP
ETXN5434,ERP1434,EACC1434,Invoice,24243,INR,INV0434,TAX434,East,2024-10-06 00:00:00,ERP
ETXN5343,ERP1343,EACC1343,Order,18984,INR,INV0343,TAX343,South,2024-10-02 00:00:00,ERP
ETXN5739,ERP1739,EACC1739,Credit,49576,INR,INV0739,TAX739,East,2024-02-03 00:00:00,ERP
ETXN5125,ERP1125,EACC1125,Credit,1773,INR,INV0125,TAX125,North,2024-01-29 00:00:00,ERP
ETXN5932,ERP1932,EACC1932,Refund,24766,INR,INV0932,TAX932,North,2024-04-15 00:00:00,ERP
ETXN5193,ERP1193,EACC1193,Order,49303,INR,INV0193,TAX193,North,2025-10-26 00:00:00,ERP
ETXN5092,ERP1092,EACC1092,Order,1134,INR,INV0092,TAX092,Central,2024-12-18 00:00:00,ERP
ETXN5497,ERP1497,EACC1497,Payment,18944,INR,INV0497,TAX497,West,2026-02-04 00:00:00,ERP
ETXN5132,ERP1132,EACC1132,Payment,41992,INR,INV0132,TAX132,East,2025-01-04 00:00:00,ERP
ETXN5057,ERP1057,EACC1057,Credit,38670,INR,INV0057,TAX057,North,2025-11-24 00:00:00,ERP
ETXN5386,ERP1386,EACC1386,Credit,36318,INR,INV0386,TAX386,South,2025-10-06 00:00:00,ERP
ETXN5244,ERP1244,EACC1244,Credit,17722,INR,INV0244,TAX244,South,2024-10-21 00:00:00,ERP
ETXN5702,ERP1702,EACC1702,Order,30736,INR,INV0702,TAX702,North,2024-09-10 00:00:00,ERP
ETXN5918,ERP1918,EACC1918,Credit,32731,INR,INV0918,TAX918,North,2026-02-09 00:00:00,ERP
ETXN5252,ERP1252,EACC1252,Payment,20949,INR,INV0252,TAX252,North,2024-10-14 00:00:00,ERP
ETXN5402,ERP1402,EACC1402,Order,3181,INR,INV0402,TAX402,West,2024-07-08 00:00:00,ERP
ETXN5056,ERP1056,EACC1056,Invoice,36355,INR,INV0056,TAX056,Central,2025-07-13 00:00:00,ERP
ETXN5612,ERP1612,EACC1612,Order,35761,INR,INV0612,TAX612,North,2024-10-22 00:00:00,ERP
ETXN5041,ERP1041,EACC1041,Credit,43242,INR,INV0041,TAX041,South,2025-09-11 00:00:00,ERP
