account_id,account_name,industry,account_owner,created_ts,source_system
ACC2427,Verma Retail,Construction,Sunita Dubey,2026-03-19,CRM
ACC2115,Kumar Consulting,Transportation,Vijay Singh,2026-05-13,CRM
ACC2259,Singh Pharmaceuticals,Healthcare,Jane Bose,2026-06-08,CRM
ACC2940,Patel Retail,Construction,Sandeep Iyer,2026-05-21,CRM
ACC2944,Das Textiles,Healthcare,Neha Verma,2026-05-23,CRM
ACC2279,Kumar Finance,Healthcare,Pooja Sharma,2026-02-02,CRM
ACC2905,Pandey Industries,Manufacturing,Neha Patel,2026-04-24,CRM
ACC2540,Tiwari Group,Construction,Sanjay Bajaj,2026-06-10,CRM
ACC2836,Nair Foods,Technology,Anjali Shah,2026-01-26,CRM
ACC2595,Singh Enterprises,Healthcare,Priya Mishra,2026-01-22,CRM
ACC2190,Dubey Foods,Financial Services,Mala Tiwari,2026-04-23,CRM
ACC2646,Verma Logistics,Financial Services,Anil Nair,2026-04-28,CRM
ACC2928,Malhotra Foods,Manufacturing,Jane Menon,2026-05-26,CRM
ACC2014,Desai Healthcare,Transportation,Sachin Desai,2026-03-10,CRM
ACC2482,Iyer Enterprises,Manufacturing,Geeta Mehta,2026-02-24,CRM
ACC2440,Shah Logistics,Retail,Sandeep Reddy,2026-03-23,CRM
ACC2439,Menon Pharmaceuticals,Manufacturing,Sachin Kapoor,2026-02-22,CRM
ACC2437,Singh Consulting,Retail,Deepak Shukla,2026-06-25,CRM
ACC2590,Verma Textiles,Construction,Kavita Patel,2026-01-20,CRM
ACC2165,Menon Enterprises,Technology,Prakash Desai,2026-03-26,CRM
ACC2488,Mehta Group,Manufacturing,Sachin Menon,2026-05-03,CRM
ACC2151,Menon Logistics,Transportation,Dinesh Verma,2026-04-28,CRM
ACC2468,Bose Healthcare,Healthcare,Anjali Dubey,2026-05-27,CRM
ACC2743,Shah Enterprises,Financial Services,Dinesh Patel,2026-01-24,CRM
ACC2672,Mishra Textiles,Healthcare,Arjun Yadav,2026-03-12,CRM
ACC2518,Agrawal Textiles,Manufacturing,Suresh Shah,2026-05-25,CRM
ACC2059,Krishnan Technologies,Transportation,Sanjay Tiwari,2026-03-22,CRM
ACC2759,Kapoor Industries,Retail,Alok Verma,2026-02-05,CRM
ACC2653,Banerjee Traders,Construction,Sachin Shukla,2026-03-22,CRM
ACC2659,Iyer Healthcare,Technology,Priya Patel,2026-03-15,CRM
ACC2186,Bose Healthcare,Financial Services,Suresh Gupta,2026-06-10,CRM
ACC2606,Menon Finance,Manufacturing,Meera Kumar,2026-03-18,CRM
ACC2623,Patel Consulting,Financial Services,Nisha Krishnan,2026-06-29,CRM
ACC2715,Shah Finance,Healthcare,Usha Reddy,2026-03-21,CRM
ACC2021,Shah Healthcare,Transportation,Anjali Iyer,2026-05-24,CRM
ACC2449,Patel Finance,Manufacturing,Kavita Patel,2026-06-02,CRM
ACC2681,Chopra Services,Financial Services,Dinesh Iyer,2026-03-28,CRM
ACC2613,Kumar Textiles,Financial Services,Lakshmi Chopra,2026-03-16,CRM
ACC2375,Sharma Group,Healthcare,Geeta Reddy,2026-01-05,CRM
ACC2869,Chopra Services,Financial Services,Shalini Mehta,2026-03-08,CRM
ACC2591,Yadav Foods,Technology,Sandeep Reddy,2026-04-12,CRM
ACC2669,Desai Retail,Financial Services,Sunita Nair,2026-06-02,CRM
ACC2570,Shukla Technologies,Healthcare,Lakshmi Bose,2026-05-17,CRM
ACC2936,Bose Solutions,Manufacturing,Kavita Bose,2026-02-08,CRM
ACC2469,Sharma Pharmaceuticals,Financial Services,Ravi Joshi,2026-04-18,CRM
ACC2036,Gupta Consulting,Technology,Dinesh Dubey,2026-02-02,CRM
ACC2394,Desai Services,Retail,Arvind Banerjee,2026-01-13,CRM
ACC2238,Mishra Pharmaceuticals,Financial Services,Rahul Bajaj,2026-06-23,CRM
ACC2581,Verma Group,Technology,Anita Srivastava,2026-01-11,CRM
ACC2213,Das Healthcare,Technology,Rajesh Shah,2026-05-11,CRM
ACC2441,Shah Consulting,Financial Services,Kavita Das,2026-05-12,CRM
ACC2114,Yadav Services,Retail,Rahul Bajaj,2026-01-28,CRM
ACC2735,Das Industries,Manufacturing,Prakash Patel,2026-03-14,CRM
ACC2464,Mishra Group,Transportation,Sanjay Banerjee,2026-06-26,CRM
ACC2941,Dubey Healthcare,Healthcare,Sneha Das,2026-04-28,CRM
ACC2818,Shukla Group,Transportation,Anil Shukla,2026-03-09,CRM
ACC2668,Shah Consulting,Construction,Sachin Reddy,2026-02-22,CRM
ACC2880,Gupta Healthcare,Financial Services,Sandeep Mehta,2026-02-27,CRM
ACC2081,Dubey Logistics,Technology,Usha Patel,2026-05-22,CRM
ACC2462,Pandey Foods,Financial Services,Usha Shukla,2026-05-02,CRM
ACC2527,Agrawal Traders,Transportation,Usha Das,2026-02-27,CRM
ACC2777,Shukla Retail,Financial Services,Sunita Mishra,2026-05-30,CRM
ACC2159,Bajaj Foods,Transportation,Sandeep Iyer,2026-03-12,CRM
ACC2167,Tiwari Healthcare,Financial Services,Vikram Verma,2026-01-31,CRM
ACC2601,Krishnan Industries,Technology,John Desai,2026-06-03,CRM
ACC2393,Iyer Technologies,Retail,Usha Shukla,2026-06-15,CRM
ACC2624,Mehta Group,Healthcare,Usha Reddy,2026-01-28,CRM
ACC2609,Sharma Textiles,Financial Services,Arjun Banerjee,2026-06-08,CRM
ACC2421,Reddy Group,Healthcare,Rajesh Shah,2026-01-17,CRM
ACC2819,Krishnan Textiles,Construction,John Mehta,2026-04-05,CRM
ACC2740,Singh Retail,Financial Services,Nisha Sharma,2026-06-12,CRM
ACC2355,Banerjee Services,Retail,Anjali Gupta,2026-01-26,CRM
ACC2016,Das Finance,Transportation,Sachin Kapoor,2026-06-26,CRM
ACC2251,Joshi Traders,Retail,Nisha Kumar,2026-05-19,CRM
ACC2494,Banerjee Foods,Technology,Amit Sharma,2026-01-28,CRM
ACC2368,Agrawal Traders,Retail,Geeta Bajaj,2026-04-22,CRM
ACC2580,Srivastava Textiles,Transportation,John Shukla,2026-03-26,CRM
ACC2706,Patel Consulting,Retail,Priya Mehta,2026-03-03,CRM
ACC2816,Sharma Healthcare,Construction,Arvind Verma,2026-06-13,CRM
ACC2839,Shukla Foods,Technology,Sneha Mehta,2026-05-02,CRM
ACC2053,Krishnan Services,Healthcare,Sunita Mehta,2026-01-24,CRM
ACC2525,Bose Solutions,Retail,Sneha Gupta,2026-05-19,CRM
ACC2531,Mishra Solutions,Manufacturing,Ravi Patel,2026-06-07,CRM
ACC2924,Chopra Traders,Healthcare,Rohit Dubey,2026-04-13,CRM
ACC2481,Banerjee Enterprises,Healthcare,Priya Patel,2026-03-30,CRM
ACC2577,Bose Services,Retail,Vikram Banerjee,2026-01-21,CRM
ACC2880,Gupta Healthcare,Financial Services,Sandeep Mehta,2026-02-27,CRM
ACC2410,Iyer Healthcare,Healthcare,Pooja Mehta,2026-01-07,CRM
ACC2154,Dubey Enterprises,Technology,Suresh Menon,2026-03-10,CRM
ACC2034,Dubey Consulting,Financial Services,Rohit Bajaj,2026-03-03,CRM
ACC2200,Kumar Logistics,Manufacturing,Jane Srivastava,2026-06-27,CRM
ACC2791,Chopra Traders,Construction,Sandeep Banerjee,2026-04-22,CRM
ACC2654,Patel Services,Financial Services,Geeta Reddy,2026-01-03,CRM
ACC2170,Verma Services,Construction,Mala Banerjee,2026-03-17,CRM
ACC2903,Bajaj Solutions,Financial Services,Amit Das,2026-05-17,CRM
ACC2894,Bose Technologies,Transportation,Arvind Sharma,2026-03-05,CRM
ACC2388,Desai Retail,Financial Services,Arjun Patel,2026-06-14,CRM
ACC2805,Kapoor Industries,Retail,Vikram Kumar,2026-01-09,CRM
ACC2012,Banerjee Industries,Retail,Vikram Yadav,2026-03-01,CRM
ACC2612,Chopra Foods,Transportation,Arjun Banerjee,2026-02-21,CRM
ACC2500,Srivastava Solutions,Manufacturing,Manish Reddy,2026-04-20,CRM
ACC2947,Desai Services,Healthcare,Suresh Chopra,2026-02-27,CRM
ACC2364,Joshi Consulting,Technology,Sachin Dubey,2026-02-05,CRM
ACC2482,Iyer Enterprises,Manufacturing,Geeta Mehta,2026-02-24,CRM
ACC2166,Kapoor Finance,Financial Services,Kavita Pandey,2026-03-06,CRM
ACC2231,Kumar Enterprises,Financial Services,Jane Kapoor,2026-01-08,CRM
ACC2379,Verma Services,Manufacturing,Suresh Gupta,2026-06-02,CRM
ACC2583,Patel Group,Healthcare,Lakshmi Iyer,2026-06-25,CRM
ACC2324,Menon Services,Healthcare,Rohit Gupta,2026-03-04,CRM
ACC2409,Shah Retail,Financial Services,Meera Nair,2026-04-12,CRM
ACC2015,Mehta Traders,Technology,Meera Reddy,2026-03-04,CRM
ACC2841,Pandey Textiles,Healthcare,Mala Bose,2026-04-12,CRM
ACC2412,Iyer Enterprises,Manufacturing,Krishna Yadav,2026-02-24,CRM
ACC2343,Agrawal Retail,Technology,Geeta Kapoor,2026-02-10,CRM
ACC2168,Pandey Traders,Construction,Usha Yadav,2026-02-25,CRM
ACC2433,Dubey Group,Technology,Mala Chopra,2026-01-11,CRM
ACC2359,Kapoor Technologies,Manufacturing,Sachin Tiwari,2026-04-04,CRM
ACC2916,Nair Solutions,Manufacturing,Ravi Dubey,2026-02-08,CRM
ACC2920,Mishra Solutions,Financial Services,Priya Desai,2026-04-20,CRM
ACC2155,Singh Services,Healthcare,Pooja Srivastava,2026-03-13,CRM
ACC2798,Gupta Healthcare,Financial Services,Sandeep Tiwari,2026-03-23,CRM
ACC2120,Srivastava Pharmaceuticals,Manufacturing,Sachin Tiwari,2026-03-08,CRM
ACC2153,Mishra Group,Technology,Shalini Reddy,2026-05-04,CRM
ACC2333,Mehta Logistics,Construction,Pooja Srivastava,2026-04-23,CRM
ACC2871,Srivastava Consulting,Retail,Sunita Mishra,2026-06-03,CRM
ACC2629,Nair Healthcare,Manufacturing,Sanjay Pandey,2026-04-06,CRM
ACC2692,Bose Pharmaceuticals,Healthcare,Vikram Agrawal,2026-01-03,CRM
ACC2317,Das Retail,Transportation,Manish Shah,2026-02-28,CRM
ACC2542,Agrawal Logistics,Transportation,Sneha Mishra,2026-04-17,CRM
ACC2250,Shah Industries,Financial Services,Rohit Tiwari,2026-03-25,CRM
ACC2496,Shah Services,Technology,Dinesh Bajaj,2026-04-30,CRM
ACC2361,Singh Finance,Retail,Vikram Krishnan,2026-05-01,CRM
ACC2822,Shah Consulting,Transportation,Anita Patel,2026-06-20,CRM
ACC2125,Joshi Industries,Manufacturing,Anjali Pandey,2026-04-15,CRM
ACC2931,Shukla Industries,Manufacturing,Lakshmi Malhotra,2026-04-23,CRM
ACC2142,Kapoor Enterprises,Financial Services,Anita Joshi,2026-04-05,CRM
ACC2948,Krishnan Consulting,Technology,Suresh Chopra,2026-06-03,CRM
ACC2778,Verma Healthcare,Transportation,Vikram Kumar,2026-03-03,CRM
ACC2318,Dubey Solutions,Retail,Radha Krishnan,2026-04-01,CRM
ACC2793,Bose Foods,Retail,Kavita Singh,2026-02-14,CRM
ACC2138,Dubey Industries,Manufacturing,Nisha Iyer,2026-01-05,CRM
ACC2604,Kumar Solutions,Manufacturing,Anita Agrawal,2026-02-13,CRM
ACC2918,Singh Pharmaceuticals,Financial Services,Krishna Mehta,2026-03-09,CRM
ACC2452,Patel Textiles,Healthcare,Anil Desai,2026-05-26,CRM
ACC2030,Yadav Traders,Technology,Krishna Agrawal,2026-01-28,CRM
ACC2358,Das Traders,Construction,Arjun Reddy,2026-02-16,CRM
ACC2492,Bajaj Services,Construction,Manish Menon,2026-01-10,CRM
ACC2315,Yadav Traders,Retail,Deepak Joshi,2026-03-07,CRM
ACC2600,Agrawal Textiles,Healthcare,Rajesh Krishnan,2026-01-07,CRM
ACC2227,Gupta Services,Financial Services,Anil Mehta,2026-06-22,CRM
ACC2676,Kapoor Industries,Transportation,Nisha Das,2026-01-24,CRM
ACC2883,Srivastava Solutions,Technology,Lakshmi Patel,2026-05-29,CRM
ACC2711,Nair Industries,Healthcare,Meera Sharma,2026-03-09,CRM
ACC2061,Agrawal Industries,Retail,Sachin Patel,2026-02-17,CRM
ACC2304,Sharma Traders,Retail,Sandeep Desai,2026-02-06,CRM
ACC2311,Menon Finance,Construction,Mala Kapoor,2026-05-12,CRM
ACC2127,Bajaj Consulting,Technology,Nisha Das,2026-06-28,CRM
ACC2878,Banerjee Industries,Manufacturing,Rajesh Kumar,2026-02-02,CRM
ACC2290,Srivastava Healthcare,Manufacturing,Rajesh Tiwari,2026-04-26,CRM
ACC2528,Sharma Finance,Manufacturing,Rahul Yadav,2026-06-22,CRM
ACC2268,Singh Services,Financial Services,Geeta Kapoor,2026-01-26,CRM
ACC2650,Das Textiles,Technology,Anjali Agrawal,2026-02-05,CRM
ACC2206,Iyer Retail,Construction,Sunita Joshi,2026-03-15,CRM
ACC2844,Dubey Pharmaceuticals,Retail,Deepak Iyer,2026-06-28,CRM
ACC2694,Gupta Healthcare,Manufacturing,Arjun Shukla,2026-01-23,CRM
ACC2854,Malhotra Industries,Transportation,Anil Mehta,2026-01-08,CRM
ACC2255,Bose Enterprises,Transportation,Vikram Srivastava,2026-04-12,CRM
ACC2750,Singh Industries,Construction,Geeta Iyer,2026-02-04,CRM
ACC2236,Malhotra Foods,Construction,Alok Shukla,2026-03-01,CRM
ACC2919,Verma Services,Construction,Suresh Patel,2026-01-11,CRM
ACC2851,Joshi Group,Retail,Neha Kumar,2026-02-21,CRM
ACC2423,Menon Services,Technology,Nisha Yadav,2026-01-19,CRM
ACC2910,Tiwari Foods,Healthcare,Jane Agrawal,2026-03-14,CRM
ACC2402,Kapoor Technologies,Transportation,Geeta Desai,2026-04-01,CRM
ACC2615,Mishra Textiles,Financial Services,Shalini Dubey,2026-01-30,CRM
ACC2506,Banerjee Traders,Manufacturing,Ravi Kapoor,2026-06-25,CRM
ACC2619,Shukla Traders,Transportation,Nisha Bose,2026-03-19,CRM
ACC2597,Das Logistics,Financial Services,Anjali Tiwari,2026-01-28,CRM
ACC2381,Menon Technologies,Technology,Anjali Banerjee,2026-04-01,CRM
ACC2512,Mishra Industries,Technology,Mala Srivastava,2026-04-25,CRM
ACC2589,Pandey Enterprises,Healthcare,Arjun Mishra,2026-05-09,CRM
ACC2363,Das Retail,Technology,Priya Yadav,2026-04-18,CRM
ACC2682,Shah Foods,Retail,Rajesh Nair,2026-05-05,CRM
ACC2056,Malhotra Consulting,Retail,Sneha Iyer,2026-04-27,CRM
ACC2162,Pandey Pharmaceuticals,Manufacturing,Lakshmi Mehta,2026-01-05,CRM
ACC2097,Iyer Technologies,Transportation,Anita Joshi,2026-04-22,CRM
ACC2242,Nair Logistics,Technology,Alok Das,2026-03-17,CRM
ACC2221,Tiwari Pharmaceuticals,Transportation,Amit Chopra,2026-04-08,CRM
ACC2704,Srivastava Solutions,Financial Services,Neha Srivastava,2026-02-22,CRM
ACC2838,Desai Group,Manufacturing,Usha Bajaj,2026-03-09,CRM
ACC2736,Gupta Retail,Manufacturing,Deepak Chopra,2026-01-03,CRM
ACC2248,Verma Group,Transportation,Arjun Mehta,2026-06-15,CRM
ACC2194,Sharma Industries,Construction,Mala Iyer,2026-06-22,CRM
ACC2174,Banerjee Pharmaceuticals,Manufacturing,Rahul Nair,2026-04-23,CRM
ACC2457,Agrawal Technologies,Healthcare,Radha Das,2026-01-10,CRM
ACC2625,Bose Logistics,Construction,Alok Bose,2026-06-15,CRM
ACC2675,Shah Foods,Transportation,Anil Shukla,2026-03-10,CRM
ACC2062,Gupta Solutions,Retail,Meera Reddy,2026-03-02,CRM
ACC2210,Verma Solutions,Retail,Ravi Kapoor,2026-02-09,CRM
ACC2123,Iyer Logistics,Financial Services,Priya Singh,2026-05-19,CRM
ACC2658,Sharma Consulting,Retail,John Nair,2026-02-26,CRM
ACC2856,Krishnan Logistics,Financial Services,Lakshmi Nair,2026-02-11,CRM
ACC2622,Agrawal Group,Retail,Anil Krishnan,2026-06-27,CRM
ACC2840,Iyer Textiles,Construction,Amit Kumar,2026-06-08,CRM
ACC2534,Patel Textiles,Manufacturing,Alok Tiwari,2026-03-01,CRM
ACC2782,Nair Technologies,Transportation,Kavita Malhotra,2026-06-29,CRM
ACC2411,Agrawal Textiles,Technology,Manish Shukla,2026-01-31,CRM
ACC2557,Tiwari Pharmaceuticals,Retail,Jane Mishra,2026-03-23,CRM
ACC2845,Singh Traders,Financial Services,Jane Srivastava,2026-04-24,CRM
ACC2348,Shah Logistics,Healthcare,Mala Srivastava,2026-05-30,CRM
ACC2876,Mishra Pharmaceuticals,Transportation,Usha Mehta,2026-04-02,CRM
ACC2275,Shah Consulting,Technology,Sandeep Yadav,2026-01-01,CRM
ACC2428,Chopra Group,Transportation,Sachin Kumar,2026-02-27,CRM
ACC2450,Krishnan Technologies,Retail,Lakshmi Banerjee,2026-01-28,CRM
ACC2128,Bajaj Consulting,Technology,Neha Srivastava,2026-04-08,CRM
ACC2572,Sharma Retail,Retail,Usha Banerjee,2026-06-28,CRM
ACC2442,Chopra Healthcare,Manufacturing,Rajesh Verma,2026-02-01,CRM
ACC2027,Sharma Solutions,Transportation,Rajesh Srivastava,2026-01-30,CRM
ACC2393,Iyer Technologies,Retail,Usha Shukla,2026-06-15,CRM
ACC2607,Gupta Logistics,Financial Services,Lakshmi Mishra,2026-03-05,CRM
ACC2585,Srivastava Logistics,Healthcare,Manish Malhotra,2026-02-23,CRM
ACC2380,Mehta Retail,Technology,Usha Sharma,2026-03-03,CRM
ACC2001,Verma Solutions,Transportation,Arjun Tiwari,2026-05-20,CRM
ACC2775,Kumar Technologies,Financial Services,Sneha Iyer,2026-06-02,CRM
ACC2504,Nair Enterprises,Technology,Sandeep Banerjee,2026-01-03,CRM
ACC2891,Menon Solutions,Manufacturing,Arjun Reddy,2026-04-14,CRM
ACC2419,Shah Healthcare,Retail,Arvind Mishra,2026-05-07,CRM
ACC2155,Singh Services,Healthcare,Pooja Srivastava,2026-03-13,CRM
ACC2921,Srivastava Consulting,Healthcare,Ravi Verma,2026-01-03,CRM
ACC2408,Kapoor Logistics,Financial Services,Anjali Bose,2026-04-24,CRM
ACC2906,Krishnan Finance,Manufacturing,Sneha Verma,2026-06-29,CRM
ACC2787,Pandey Traders,Retail,Arjun Chopra,2026-03-24,CRM
ACC2327,Mehta Industries,Technology,Meera Agrawal,2026-05-11,CRM
ACC2541,Shukla Technologies,Financial Services,Vijay Krishnan,2026-06-14,CRM
ACC2234,Mishra Traders,Construction,Anita Bose,2026-02-14,CRM
ACC2489,Banerjee Logistics,Financial Services,Arvind Yadav,2026-06-15,CRM
ACC2875,Tiwari Enterprises,Construction,Arvind Chopra,2026-06-25,CRM
ACC2334,Kapoor Solutions,Financial Services,Meera Shukla,2026-03-12,CRM
ACC2708,Agrawal Group,Healthcare,Mala Gupta,2026-04-03,CRM
ACC2140,Sharma Healthcare,Construction,Amit Yadav,2026-01-06,CRM
ACC2023,Singh Traders,Technology,Anil Desai,2026-05-07,CRM
ACC2235,Srivastava Textiles,Technology,John Reddy,2026-06-24,CRM
ACC2277,Bose Services,Healthcare,Manish Verma,2026-02-03,CRM
ACC2508,Malhotra Finance,Financial Services,Ravi Mehta,2026-06-07,CRM
ACC2884,Bajaj Healthcare,Technology,Meera Shukla,2026-01-31,CRM
ACC2340,Reddy Pharmaceuticals,Technology,Arvind Chopra,2026-02-08,CRM
ACC2447,Banerjee Pharmaceuticals,Healthcare,Dinesh Bajaj,2026-01-24,CRM
ACC2783,Nair Traders,Technology,Kavita Nair,2026-02-18,CRM
ACC2150,Chopra Technologies,Retail,Radha Mehta,2026-04-18,CRM
ACC2864,Desai Pharmaceuticals,Financial Services,Sneha Srivastava,2026-02-25,CRM
ACC2101,Bose Textiles,Financial Services,Radha Banerjee,2026-04-14,CRM
ACC2739,Mishra Healthcare,Construction,Usha Yadav,2026-01-02,CRM
ACC2391,Banerjee Healthcare,Healthcare,Suresh Patel,2026-02-21,CRM
ACC2888,Mehta Traders,Financial Services,Dinesh Chopra,2026-06-12,CRM
ACC2934,Srivastava Logistics,Technology,Vikram Bose,2026-05-14,CRM
ACC2501,Gupta Textiles,Transportation,Radha Chopra,2026-01-25,CRM
ACC2747,Nair Technologies,Manufacturing,Meera Nair,2026-06-19,CRM
ACC2673,Srivastava Traders,Construction,Arjun Pandey,2026-02-07,CRM
ACC2377,Verma Consulting,Financial Services,Prakash Menon,2026-03-02,CRM
ACC2837,Yadav Industries,Retail,Jane Nair,2026-03-15,CRM
ACC2184,Menon Pharmaceuticals,Transportation,Sachin Sharma,2026-06-02,CRM
ACC2018,Patel Consulting,Financial Services,Vikram Dubey,2026-04-13,CRM
ACC2086,Menon Technologies,Construction,Manish Bajaj,2026-03-27,CRM
ACC2949,Bose Logistics,Transportation,Lakshmi Pandey,2026-04-26,CRM
ACC2723,Desai Traders,Transportation,Krishna Kumar,2026-03-10,CRM
ACC2476,Singh Finance,Retail,Rajesh Banerjee,2026-03-15,CRM
ACC2697,Agrawal Foods,Healthcare,Anjali Gupta,2026-06-06,CRM
ACC2099,Menon Industries,Transportation,Arvind Desai,2026-03-26,CRM
ACC2532,Joshi Industries,Healthcare,Neha Singh,2026-06-02,CRM
ACC2265,Nair Enterprises,Transportation,Usha Menon,2026-02-09,CRM
ACC2399,Dubey Traders,Technology,Vijay Reddy,2026-03-17,CRM
ACC2655,Joshi Services,Manufacturing,Dinesh Shah,2026-05-24,CRM
ACC2537,Reddy Consulting,Transportation,Pooja Nair,2026-03-24,CRM
ACC2253,Dubey Pharmaceuticals,Retail,Krishna Malhotra,2026-03-17,CRM
ACC2714,Das Industries,Transportation,Vijay Pandey,2026-05-18,CRM
ACC2029,Menon Traders,Manufacturing,Ravi Banerjee,2026-01-01,CRM
ACC2146,Pandey Services,Transportation,Meera Nair,2026-03-04,CRM
ACC2341,Verma Consulting,Retail,Sunita Kapoor,2026-03-29,CRM
ACC2745,Bajaj Logistics,Manufacturing,Nisha Pandey,2026-01-22,CRM
ACC2196,Yadav Consulting,Construction,Anita Patel,2026-05-01,CRM
ACC2516,Bose Healthcare,Transportation,Geeta Verma,2026-05-30,CRM
ACC2886,Chopra Textiles,Technology,Arjun Joshi,2026-04-28,CRM
ACC2389,Yadav Solutions,Manufacturing,Manish Dubey,2026-06-28,CRM
ACC2113,Das Healthcare,Construction,Sneha Shukla,2026-06-17,CRM
ACC2134,Malhotra Textiles,Technology,Usha Sharma,2026-05-25,CRM
ACC2032,Yadav Traders,Technology,Anjali Desai,2026-05-16,CRM
ACC2045,Shah Enterprises,Technology,Rekha Krishnan,2026-05-28,CRM
ACC2434,Patel Solutions,Retail,Neha Gupta,2026-05-28,CRM
ACC2430,Mehta Retail,Financial Services,Krishna Joshi,2026-02-02,CRM
ACC2767,Menon Traders,Financial Services,Sneha Bose,2026-02-24,CRM
ACC2687,Srivastava Group,Financial Services,Deepak Kumar,2026-01-24,CRM
ACC2346,Chopra Industries,Technology,Sandeep Gupta,2026-06-23,CRM
ACC2199,Menon Logistics,Financial Services,Lakshmi Desai,2026-06-21,CRM
ACC2362,Bose Foods,Manufacturing,Arvind Desai,2026-04-29,CRM
ACC2026,Reddy Pharmaceuticals,Technology,Sneha Das,2026-03-06,CRM
ACC2281,Desai Retail,Technology,Geeta Yadav,2026-01-28,CRM
ACC2173,Srivastava Consulting,Manufacturing,Arjun Mehta,2026-01-27,CRM
ACC2373,Shah Traders,Healthcare,Sandeep Mishra,2026-03-15,CRM
ACC2260,Malhotra Foods,Construction,Rajesh Chopra,2026-06-15,CRM
ACC2927,Pandey Enterprises,Healthcare,Ravi Shah,2026-02-10,CRM
ACC2051,Iyer Pharmaceuticals,Construction,Vijay Kumar,2026-01-20,CRM
ACC2544,Srivastava Healthcare,Financial Services,Lakshmi Singh,2026-02-06,CRM
ACC2511,Bose Services,Construction,Usha Mishra,2026-03-05,CRM
ACC2685,Srivastava Traders,Manufacturing,Ravi Malhotra,2026-04-27,CRM
ACC2342,Mehta Traders,Healthcare,John Agrawal,2026-03-05,CRM
ACC2070,Singh Logistics,Financial Services,Meera Bajaj,2026-02-10,CRM
ACC2795,Sharma Enterprises,Technology,Manish Tiwari,2026-04-11,CRM
ACC2505,Desai Enterprises,Construction,Krishna Mehta,2026-01-16,CRM
ACC2344,Malhotra Finance,Manufacturing,Rohit Desai,2026-04-15,CRM
ACC2917,Agrawal Industries,Transportation,John Yadav,2026-01-26,CRM
ACC2490,Yadav Industries,Transportation,Sunita Malhotra,2026-05-27,CRM
ACC2316,Verma Technologies,Manufacturing,Priya Chopra,2026-04-21,CRM
ACC2284,Das Textiles,Transportation,Lakshmi Srivastava,2026-01-28,CRM
ACC2286,Shah Industries,Construction,Pooja Reddy,2026-03-12,CRM
ACC2371,Gupta Logistics,Construction,Alok Das,2026-01-08,CRM
ACC2091,Bose Healthcare,Manufacturing,Vikram Sharma,2026-03-26,CRM
ACC2247,Yadav Enterprises,Retail,Krishna Bose,2026-06-18,CRM
ACC2901,Tiwari Traders,Construction,Vikram Singh,2026-01-06,CRM
ACC2282,Singh Foods,Healthcare,Geeta Agrawal,2026-06-18,CRM
ACC2753,Banerjee Pharmaceuticals,Financial Services,Rekha Kapoor,2026-01-31,CRM
ACC2899,Bajaj Pharmaceuticals,Financial Services,Arjun Chopra,2026-02-18,CRM
ACC2203,Das Services,Technology,Ravi Yadav,2026-01-01,CRM
ACC2458,Chopra Consulting,Manufacturing,Arjun Pandey,2026-05-13,CRM
ACC2608,Reddy Healthcare,Manufacturing,Dinesh Reddy,2026-01-28,CRM
ACC2187,Mishra Group,Construction,Sanjay Bose,2026-04-19,CRM
ACC2755,Joshi Services,Retail,Mala Patel,2026-03-25,CRM
ACC2729,Tiwari Retail,Healthcare,Ravi Singh,2026-01-12,CRM
ACC2274,Joshi Services,Retail,Rekha Nair,2026-03-01,CRM
ACC2830,Joshi Traders,Healthcare,Rekha Mishra,2026-04-19,CRM
ACC2129,Desai Finance,Retail,Lakshmi Sharma,2026-04-10,CRM
ACC2299,Shah Solutions,Manufacturing,Radha Joshi,2026-02-27,CRM
ACC2730,Patel Pharmaceuticals,Financial Services,Rahul Singh,2026-04-09,CRM
ACC2651,Menon Traders,Manufacturing,Anita Das,2026-06-12,CRM
ACC2923,Iyer Group,Transportation,Geeta Reddy,2026-01-24,CRM
ACC2484,Verma Foods,Transportation,Shalini Shah,2026-05-31,CRM
ACC2349,Desai Finance,Transportation,Anjali Malhotra,2026-06-28,CRM
ACC2161,Krishnan Consulting,Construction,Nisha Shukla,2026-06-26,CRM
ACC2521,Patel Textiles,Financial Services,Sanjay Gupta,2026-06-29,CRM
ACC2335,Desai Retail,Healthcare,Sanjay Patel,2026-03-21,CRM
ACC2192,Krishnan Pharmaceuticals,Manufacturing,Shalini Agrawal,2026-01-21,CRM
ACC2471,Srivastava Enterprises,Transportation,Lakshmi Srivastava,2026-01-16,CRM
ACC2660,Kapoor Foods,Transportation,Sachin Yadav,2026-05-07,CRM
ACC2384,Agrawal Retail,Healthcare,Radha Mishra,2026-04-10,CRM
ACC2603,Gupta Enterprises,Technology,Sneha Yadav,2026-03-04,CRM
ACC2295,Shah Retail,Healthcare,Rohit Mishra,2026-05-31,CRM
ACC2536,Banerjee Healthcare,Retail,Arjun Agrawal,2026-05-28,CRM
ACC2002,Menon Technologies,Healthcare,John Nair,2026-01-24,CRM
ACC2096,Reddy Retail,Healthcare,Pooja Menon,2026-04-09,CRM
ACC2618,Banerjee Services,Transportation,Geeta Mishra,2026-01-18,CRM
ACC2209,Krishnan Textiles,Healthcare,Rajesh Sharma,2026-02-27,CRM
ACC2278,Mishra Consulting,Construction,Rahul Desai,2026-05-31,CRM
ACC2843,Desai Technologies,Financial Services,Shalini Bajaj,2026-03-19,CRM
ACC2435,Joshi Consulting,Technology,Krishna Mehta,2026-04-17,CRM
ACC2896,Agrawal Foods,Financial Services,Jane Das,2026-02-12,CRM
ACC2119,Dubey Group,Technology,Radha Menon,2026-04-25,CRM
ACC2548,Tiwari Services,Construction,John Krishnan,2026-01-14,CRM
ACC2130,Tiwari Enterprises,Technology,Nisha Krishnan,2026-06-04,CRM
ACC2455,Verma Textiles,Financial Services,Ravi Shah,2026-03-28,CRM
ACC2832,Reddy Finance,Financial Services,Anjali Dubey,2026-01-18,CRM
ACC2050,Joshi Retail,Manufacturing,Alok Joshi,2026-02-05,CRM
ACC2559,Shah Technologies,Financial Services,Vikram Tiwari,2026-05-22,CRM
ACC2356,Krishnan Services,Transportation,Radha Yadav,2026-05-15,CRM
ACC2846,Tiwari Textiles,Technology,Pooja Iyer,2026-06-15,CRM
ACC2582,Bajaj Services,Transportation,Vikram Joshi,2026-05-26,CRM
ACC2195,Sharma Consulting,Transportation,Anita Nair,2026-03-10,CRM
ACC2722,Shukla Logistics,Technology,Rahul Kumar,2026-05-13,CRM
ACC2503,Singh Pharmaceuticals,Retail,Krishna Das,2026-03-10,CRM
ACC2219,Chopra Services,Construction,Suresh Malhotra,2026-06-28,CRM
ACC2271,Joshi Solutions,Transportation,John Bose,2026-06-02,CRM
ACC2790,Bose Textiles,Technology,Rohit Pandey,2026-01-26,CRM
ACC2460,Reddy Logistics,Construction,Pooja Malhotra,2026-04-11,CRM
ACC2189,Patel Traders,Retail,Anjali Gupta,2026-03-20,CRM
ACC2742,Joshi Retail,Construction,Deepak Verma,2026-04-18,CRM
ACC2696,Dubey Consulting,Retail,Sneha Yadav,2026-02-04,CRM
ACC2220,Das Healthcare,Retail,Alok Nair,2026-04-16,CRM
ACC2332,Nair Pharmaceuticals,Transportation,Anita Yadav,2026-05-25,CRM
ACC2347,Iyer Enterprises,Retail,Sneha Banerjee,2026-06-18,CRM
ACC2000,Tiwari Finance,Construction,Ravi Sharma,2026-02-27,CRM
ACC2276,Shah Traders,Technology,Shalini Srivastava,2026-03-06,CRM
ACC2810,Menon Traders,Healthcare,Mala Bajaj,2026-01-26,CRM
ACC2066,Iyer Textiles,Construction,Pooja Singh,2026-06-21,CRM
ACC2416,Gupta Retail,Technology,Kavita Pandey,2026-03-16,CRM
ACC2429,Bajaj Finance,Retail,Kavita Agrawal,2026-01-21,CRM
ACC2643,Mishra Services,Technology,Anita Verma,2026-02-17,CRM
ACC2671,Srivastava Retail,Transportation,Anita Iyer,2026-01-25,CRM
ACC2788,Shah Foods,Transportation,Sunita Sharma,2026-02-06,CRM
ACC2272,Mishra Logistics,Construction,Neha Patel,2026-02-02,CRM
ACC2573,Malhotra Traders,Healthcare,Vijay Mishra,2026-01-25,CRM
ACC2424,Mehta Industries,Manufacturing,Arjun Chopra,2026-04-30,CRM
ACC2314,Reddy Technologies,Healthcare,Vikram Das,2026-02-22,CRM
ACC2887,Srivastava Enterprises,Construction,Anjali Chopra,2026-01-21,CRM
ACC2090,Dubey Consulting,Retail,Kavita Banerjee,2026-02-28,CRM
ACC2049,Das Enterprises,Financial Services,Jane Patel,2026-01-28,CRM
ACC2431,Krishnan Industries,Technology,Deepak Reddy,2026-06-14,CRM
ACC2487,Yadav Traders,Healthcare,Jane Bose,2026-05-21,CRM
ACC2883,Srivastava Solutions,Technology,Lakshmi Patel,2026-05-29,CRM
ACC2350,Reddy Enterprises,Healthcare,Anil Shah,2026-03-21,CRM
ACC2637,Tiwari Healthcare,Technology,Sachin Malhotra,2026-02-14,CRM
ACC2267,Patel Enterprises,Financial Services,Nisha Iyer,2026-02-25,CRM
ACC2103,Tiwari Group,Construction,Sneha Bose,2026-06-07,CRM
ACC2008,Srivastava Logistics,Technology,Jane Desai,2026-03-09,CRM
ACC2632,Malhotra Industries,Healthcare,Priya Menon,2026-02-06,CRM
ACC2734,Bajaj Technologies,Construction,Radha Bose,2026-02-27,CRM
ACC2744,Singh Group,Retail,Amit Malhotra,2026-05-14,CRM
ACC2193,Bajaj Textiles,Transportation,Mala Patel,2026-03-24,CRM
ACC2478,Malhotra Group,Retail,Kavita Krishnan,2026-03-12,CRM
ACC2035,Bajaj Foods,Healthcare,Sunita Singh,2026-01-22,CRM
ACC2467,Mehta Enterprises,Technology,Sachin Agrawal,2026-04-08,CRM
ACC2857,Dubey Enterprises,Healthcare,Krishna Tiwari,2026-03-14,CRM
ACC2232,Mishra Technologies,Financial Services,Amit Chopra,2026-04-02,CRM
ACC2175,Patel Finance,Retail,Sandeep Kumar,2026-05-03,CRM
ACC2693,Verma Services,Manufacturing,Sandeep Dubey,2026-06-27,CRM
ACC2370,Patel Textiles,Technology,Neha Menon,2026-04-06,CRM
ACC2813,Das Foods,Technology,Jane Patel,2026-05-06,CRM
ACC2043,Gupta Group,Healthcare,Sunita Singh,2026-03-26,CRM
ACC2930,Bose Group,Retail,Neha Srivastava,2026-02-03,CRM
ACC2337,Srivastava Services,Healthcare,Meera Mehta,2026-06-07,CRM
ACC2319,Srivastava Enterprises,Healthcare,Meera Das,2026-04-22,CRM
ACC2093,Bose Services,Technology,Radha Das,2026-03-26,CRM
ACC2392,Malhotra Finance,Technology,Amit Chopra,2026-04-12,CRM
ACC2436,Bajaj Solutions,Technology,Neha Shukla,2026-03-16,CRM
ACC2298,Banerjee Logistics,Healthcare,Priya Reddy,2026-05-28,CRM
ACC2567,Sharma Textiles,Construction,Sunita Yadav,2026-06-11,CRM
ACC2911,Verma Pharmaceuticals,Construction,Ravi Mishra,2026-06-05,CRM
ACC2307,Chopra Traders,Financial Services,Nisha Kapoor,2026-03-21,CRM
ACC2900,Malhotra Consulting,Manufacturing,Sachin Malhotra,2026-01-05,CRM
ACC2795,Sharma Enterprises,Technology,Manish Tiwari,2026-04-11,CRM
ACC2112,Bajaj Solutions,Technology,Suresh Menon,2026-02-19,CRM
ACC2102,Shah Healthcare,Manufacturing,Priya Krishnan,2026-06-20,CRM
ACC2814,Desai Technologies,Manufacturing,Anjali Patel,2026-01-23,CRM
ACC2241,Das Services,Manufacturing,Deepak Joshi,2026-01-28,CRM
ACC2310,Kapoor Solutions,Manufacturing,John Iyer,2026-05-05,CRM
ACC2892,Das Technologies,Healthcare,Vijay Shukla,2026-05-17,CRM
ACC2110,Mishra Healthcare,Construction,Deepak Singh,2026-01-07,CRM
ACC2530,Desai Traders,Financial Services,Alok Kapoor,2026-02-18,CRM
ACC2642,Yadav Enterprises,Retail,Rekha Iyer,2026-01-17,CRM
ACC2420,Krishnan Foods,Financial Services,Neha Desai,2026-04-30,CRM
ACC2479,Nair Solutions,Technology,Priya Verma,2026-04-08,CRM
ACC2578,Das Textiles,Manufacturing,Amit Gupta,2026-05-22,CRM
ACC2474,Krishnan Logistics,Transportation,Usha Chopra,2026-06-24,CRM
ACC2774,Malhotra Foods,Technology,Dinesh Desai,2026-03-24,CRM
ACC2326,Chopra Healthcare,Financial Services,Deepak Tiwari,2026-02-13,CRM
ACC2678,Chopra Foods,Healthcare,Suresh Shukla,2026-01-24,CRM
ACC2908,Bose Industries,Transportation,Deepak Menon,2026-05-14,CRM
ACC2509,Shah Pharmaceuticals,Construction,Vikram Singh,2026-04-27,CRM
ACC2510,Menon Enterprises,Technology,Mala Desai,2026-05-01,CRM
ACC2895,Bajaj Logistics,Financial Services,Vikram Pandey,2026-02-03,CRM
ACC2132,Chopra Solutions,Transportation,Neha Das,2026-04-14,CRM
ACC2085,Malhotra Healthcare,Retail,Anjali Malhotra,2026-02-11,CRM
ACC2028,Iyer Consulting,Transportation,Usha Yadav,2026-03-29,CRM
ACC2713,Mehta Enterprises,Technology,Radha Banerjee,2026-04-17,CRM
ACC2458,Chopra Consulting,Manufacturing,Arjun Pandey,2026-05-13,CRM
ACC2020,Shukla Textiles,Transportation,Rekha Mehta,2026-04-28,CRM
ACC2758,Srivastava Pharmaceuticals,Technology,Neha Das,2026-05-21,CRM
ACC2322,Verma Textiles,Healthcare,Nisha Banerjee,2026-03-25,CRM
ACC2626,Mehta Solutions,Transportation,Amit Nair,2026-04-13,CRM
ACC2466,Tiwari Technologies,Technology,Anita Singh,2026-05-03,CRM
ACC2746,Agrawal Traders,Transportation,Sanjay Verma,2026-04-11,CRM
ACC2930,Bose Group,Retail,Neha Srivastava,2026-02-03,CRM
ACC2065,Agrawal Logistics,Financial Services,Sanjay Nair,2026-02-22,CRM
ACC2022,Tiwari Foods,Manufacturing,Usha Iyer,2026-05-30,CRM
ACC2124,Shah Healthcare,Manufacturing,John Shah,2026-06-27,CRM
ACC2661,Verma Foods,Healthcare,Rajesh Agrawal,2026-03-10,CRM
ACC2823,Bose Logistics,Retail,Jane Gupta,2026-05-19,CRM
ACC2875,Tiwari Enterprises,Construction,Arvind Chopra,2026-06-25,CRM
ACC2904,Patel Solutions,Healthcare,Sunita Reddy,2026-06-17,CRM
ACC2082,Shah Technologies,Financial Services,Anjali Menon,2026-04-04,CRM
ACC2666,Mishra Enterprises,Technology,Alok Joshi,2026-06-26,CRM
ACC2107,Shukla Consulting,Retail,Rekha Agrawal,2026-02-13,CRM
ACC2717,Das Foods,Transportation,Usha Chopra,2026-06-16,CRM
ACC2245,Shukla Services,Financial Services,Mala Tiwari,2026-02-28,CRM
ACC2345,Reddy Technologies,Retail,Sandeep Bose,2026-06-11,CRM
ACC2811,Joshi Textiles,Transportation,Sandeep Joshi,2026-05-22,CRM
ACC2058,Joshi Finance,Construction,Dinesh Shah,2026-01-15,CRM
ACC2593,Desai Retail,Manufacturing,Dinesh Singh,2026-04-21,CRM
ACC2693,Verma Services,Manufacturing,Sandeep Dubey,2026-06-27,CRM
ACC2415,Bose Services,Financial Services,John Mishra,2026-06-20,CRM
ACC2212,Shukla Pharmaceuticals,Construction,Nisha Dubey,2026-04-27,CRM
ACC2493,Shukla Traders,Transportation,Anil Mishra,2026-03-16,CRM
ACC2620,Bose Traders,Transportation,Alok Iyer,2026-04-19,CRM
ACC2060,Nair Pharmaceuticals,Technology,Sunita Patel,2026-05-16,CRM
ACC2507,Bajaj Group,Transportation,Radha Malhotra,2026-03-21,CRM
ACC2539,Banerjee Finance,Healthcare,Vikram Menon,2026-05-23,CRM
ACC2681,Chopra Services,Financial Services,Dinesh Iyer,2026-03-28,CRM
ACC2634,Desai Pharmaceuticals,Healthcare,Prakash Shukla,2026-04-23,CRM
ACC2080,Verma Industries,Transportation,Rajesh Sharma,2026-02-08,CRM
ACC2095,Verma Foods,Manufacturing,Krishna Patel,2026-03-30,CRM
ACC2842,Singh Technologies,Transportation,Sandeep Pandey,2026-05-02,CRM
ACC2942,Nair Pharmaceuticals,Healthcare,Geeta Mishra,2026-05-08,CRM
ACC2545,Patel Retail,Manufacturing,Suresh Malhotra,2026-04-17,CRM
ACC2329,Verma Traders,Financial Services,Anjali Singh,2026-02-20,CRM
ACC2263,Verma Healthcare,Technology,Dinesh Verma,2026-02-04,CRM
ACC2039,Banerjee Textiles,Transportation,Arvind Pandey,2026-06-16,CRM
ACC2865,Bose Retail,Retail,Suresh Banerjee,2026-06-09,CRM
ACC2852,Patel Pharmaceuticals,Healthcare,Sunita Singh,2026-04-03,CRM
ACC2670,Chopra Enterprises,Financial Services,Usha Kumar,2026-03-16,CRM
ACC2614,Mishra Healthcare,Financial Services,Dinesh Nair,2026-04-07,CRM
ACC2451,Bajaj Finance,Transportation,Vijay Shah,2026-04-04,CRM
ACC2625,Bose Logistics,Construction,Alok Bose,2026-06-15,CRM
ACC2003,Agrawal Foods,Healthcare,Rekha Singh,2026-05-24,CRM
ACC2309,Yadav Foods,Healthcare,Anjali Kumar,2026-06-22,CRM
ACC2454,Kapoor Consulting,Technology,Sneha Agrawal,2026-03-13,CRM
ACC2769,Banerjee Pharmaceuticals,Manufacturing,Alok Mehta,2026-05-21,CRM
ACC2405,Shah Services,Technology,Sachin Sharma,2026-06-23,CRM
ACC2938,Srivastava Pharmaceuticals,Retail,Sachin Agrawal,2026-05-07,CRM
ACC2176,Gupta Textiles,Manufacturing,Ravi Dubey,2026-01-19,CRM
ACC2444,Srivastava Foods,Manufacturing,Priya Das,2026-03-05,CRM
ACC2418,Desai Retail,Construction,Manish Mishra,2026-02-01,CRM
ACC2180,Kapoor Group,Manufacturing,Prakash Das,2026-03-18,CRM
ACC2866,Verma Technologies,Technology,Anil Nair,2026-06-19,CRM
ACC2705,Agrawal Healthcare,Transportation,Prakash Reddy,2026-04-11,CRM
ACC2853,Desai Services,Manufacturing,Arvind Iyer,2026-05-10,CRM
ACC2797,Nair Industries,Manufacturing,Vikram Mehta,2026-02-06,CRM
ACC2324,Menon Services,Healthcare,Rohit Gupta,2026-03-04,CRM
ACC2079,Kapoor Retail,Transportation,Sachin Tiwari,2026-04-20,CRM
ACC2561,Singh Textiles,Technology,Arvind Chopra,2026-03-04,CRM
ACC2387,Nair Enterprises,Retail,Jane Yadav,2026-03-27,CRM
ACC2385,Mehta Textiles,Financial Services,Lakshmi Patel,2026-03-06,CRM
ACC2178,Gupta Healthcare,Healthcare,Anita Banerjee,2026-05-23,CRM
ACC2576,Das Pharmaceuticals,Technology,John Desai,2026-03-04,CRM
ACC2570,Shukla Technologies,Healthcare,Lakshmi Bose,2026-05-17,CRM
ACC2105,Joshi Textiles,Retail,Deepak Banerjee,2026-05-29,CRM
ACC2331,Yadav Solutions,Manufacturing,Meera Kumar,2026-04-29,CRM
ACC2764,Bajaj Services,Retail,Arjun Gupta,2026-03-26,CRM
ACC2047,Verma Solutions,Manufacturing,Arvind Verma,2026-04-01,CRM
ACC2465,Shukla Finance,Transportation,Neha Reddy,2026-05-29,CRM
ACC2480,Desai Consulting,Retail,Anil Dubey,2026-02-07,CRM
ACC2685,Srivastava Traders,Manufacturing,Ravi Malhotra,2026-04-27,CRM
ACC2784,Banerjee Traders,Manufacturing,Dinesh Krishnan,2026-01-10,CRM
ACC2211,Pandey Finance,Technology,Dinesh Malhotra,2026-03-11,CRM
ACC2043,Gupta Group,Healthcare,Sunita Singh,2026-03-26,CRM
ACC2239,Gupta Pharmaceuticals,Financial Services,Usha Kumar,2026-05-31,CRM
ACC2378,Patel Healthcare,Manufacturing,Deepak Verma,2026-06-13,CRM
ACC2831,Menon Healthcare,Retail,John Bose,2026-06-10,CRM
ACC2695,Chopra Logistics,Financial Services,Jane Verma,2026-02-05,CRM
ACC2237,Iyer Pharmaceuticals,Financial Services,Suresh Mehta,2026-06-20,CRM
ACC2499,Banerjee Foods,Transportation,Sandeep Mishra,2026-02-19,CRM
ACC2224,Srivastava Pharmaceuticals,Healthcare,Jane Srivastava,2026-05-15,CRM
ACC2835,Mishra Textiles,Healthcare,Sanjay Agrawal,2026-04-17,CRM
ACC2587,Kumar Foods,Construction,Meera Banerjee,2026-05-26,CRM
ACC2495,Kapoor Solutions,Technology,Sandeep Banerjee,2026-05-15,CRM
ACC2912,Iyer Services,Technology,Arvind Yadav,2026-02-21,CRM
ACC2183,Singh Traders,Technology,John Kumar,2026-01-20,CRM
ACC2796,Kumar Foods,Financial Services,Anita Patel,2026-06-06,CRM
ACC2909,Reddy Enterprises,Construction,Shalini Reddy,2026-04-18,CRM
ACC2605,Banerjee Finance,Manufacturing,Arjun Iyer,2026-02-07,CRM
ACC2848,Agrawal Services,Financial Services,Dinesh Yadav,2026-01-15,CRM
ACC2169,Tiwari Foods,Retail,Lakshmi Iyer,2026-05-15,CRM
ACC2244,Srivastava Solutions,Retail,Rahul Nair,2026-01-13,CRM
ACC2010,Banerjee Services,Transportation,John Krishnan,2026-06-08,CRM
ACC2772,Mishra Retail,Retail,Alok Mehta,2026-01-05,CRM
ACC2372,Verma Services,Transportation,Pooja Malhotra,2026-06-16,CRM
ACC2406,Shah Industries,Construction,Geeta Patel,2026-06-15,CRM
ACC2092,Gupta Consulting,Financial Services,Shalini Srivastava,2026-03-31,CRM
ACC2522,Patel Group,Healthcare,Meera Krishnan,2026-05-01,CRM
ACC2513,Desai Industries,Technology,Prakash Pandey,2026-01-29,CRM
ACC2475,Shukla Healthcare,Construction,Krishna Reddy,2026-03-13,CRM
ACC2592,Mehta Finance,Retail,Pooja Sharma,2026-04-26,CRM
ACC2627,Menon Industries,Healthcare,Sandeep Mishra,2026-01-26,CRM
ACC2228,Chopra Solutions,Transportation,Usha Das,2026-05-05,CRM
ACC2401,Reddy Enterprises,Manufacturing,Deepak Kapoor,2026-02-12,CRM
ACC2374,Dubey Traders,Retail,Lakshmi Pandey,2026-05-01,CRM
ACC2152,Kumar Enterprises,Technology,Anjali Menon,2026-06-16,CRM
ACC2483,Krishnan Finance,Technology,Arvind Dubey,2026-06-28,CRM
ACC2552,Sharma Healthcare,Construction,Deepak Malhotra,2026-01-31,CRM
ACC2862,Sharma Healthcare,Financial Services,Mala Mishra,2026-06-05,CRM
ACC2266,Verma Services,Manufacturing,Nisha Mehta,2026-06-07,CRM
ACC2133,Kapoor Group,Construction,Sachin Dubey,2026-06-09,CRM
ACC2037,Shukla Retail,Construction,Arjun Bose,2026-03-09,CRM
ACC2217,Shah Pharmaceuticals,Technology,Dinesh Srivastava,2026-05-04,CRM
ACC2700,Bajaj Industries,Construction,Rekha Gupta,2026-02-01,CRM
ACC2674,Singh Consulting,Retail,Pooja Dubey,2026-06-23,CRM
ACC2519,Kapoor Solutions,Retail,Sunita Krishnan,2026-03-20,CRM
ACC2019,Joshi Group,Technology,Shalini Gupta,2026-03-22,CRM
ACC2077,Menon Services,Financial Services,John Mehta,2026-01-12,CRM
ACC2078,Yadav Traders,Transportation,Rahul Chopra,2026-03-09,CRM
ACC2269,Bajaj Solutions,Financial Services,Rohit Krishnan,2026-01-16,CRM
ACC2850,Yadav Services,Technology,Anil Shah,2026-05-26,CRM
ACC2551,Shukla Healthcare,Retail,Rajesh Joshi,2026-03-27,CRM
ACC2143,Reddy Enterprises,Transportation,Sachin Reddy,2026-01-30,CRM
ACC2287,Pandey Logistics,Manufacturing,Sanjay Krishnan,2026-06-02,CRM
ACC2083,Desai Healthcare,Transportation,Amit Bajaj,2026-03-05,CRM
ACC2179,Reddy Consulting,Technology,Nisha Reddy,2026-02-27,CRM
ACC2111,Shukla Foods,Retail,Amit Singh,2026-01-19,CRM
ACC2564,Mishra Logistics,Construction,Sachin Tiwari,2026-02-05,CRM
ACC2879,Mishra Retail,Retail,Krishna Tiwari,2026-02-16,CRM
ACC2860,Mehta Textiles,Technology,Rekha Iyer,2026-01-06,CRM
ACC2902,Kumar Industries,Financial Services,Sanjay Agrawal,2026-06-16,CRM
ACC2749,Dubey Enterprises,Financial Services,Anil Pandey,2026-03-23,CRM
ACC2473,Das Logistics,Construction,Lakshmi Agrawal,2026-04-28,CRM
ACC2945,Dubey Industries,Retail,Rajesh Sharma,2026-06-04,CRM
ACC2046,Mishra Pharmaceuticals,Retail,Lakshmi Singh,2026-04-15,CRM
ACC2137,Chopra Consulting,Manufacturing,Suresh Chopra,2026-03-13,CRM
ACC2368,Agrawal Traders,Retail,Geeta Bajaj,2026-04-22,CRM
ACC2283,Kapoor Solutions,Healthcare,Prakash Banerjee,2026-01-16,CRM
ACC2446,Kumar Pharmaceuticals,Technology,Arvind Yadav,2026-04-30,CRM
ACC2178,Gupta Healthcare,Healthcare,Anita Banerjee,2026-05-23,CRM
ACC2252,Agrawal Group,Financial Services,Rohit Agrawal,2026-02-12,CRM
ACC2872,Chopra Solutions,Construction,Anil Bose,2026-01-07,CRM
ACC2004,Mehta Enterprises,Technology,Arvind Pandey,2026-04-18,CRM
ACC2172,Patel Technologies,Technology,Arjun Iyer,2026-03-16,CRM
ACC2834,Kapoor Group,Retail,Shalini Agrawal,2026-01-04,CRM
ACC2763,Joshi Group,Transportation,Neha Gupta,2026-04-24,CRM
ACC2373,Shah Traders,Healthcare,Sandeep Mishra,2026-03-15,CRM
ACC2939,Yadav Pharmaceuticals,Financial Services,Sachin Gupta,2026-03-03,CRM
ACC2579,Mehta Technologies,Transportation,Lakshmi Patel,2026-02-13,CRM
ACC2156,Yadav Pharmaceuticals,Technology,Geeta Singh,2026-06-06,CRM
ACC2828,Bajaj Retail,Retail,Radha Nair,2026-05-27,CRM
ACC2313,Agrawal Solutions,Financial Services,Sanjay Shukla,2026-01-12,CRM
ACC2336,Patel Technologies,Financial Services,Suresh Kapoor,2026-03-15,CRM
ACC2720,Reddy Technologies,Financial Services,Suresh Reddy,2026-06-20,CRM
ACC2497,Mishra Industries,Financial Services,Shalini Joshi,2026-02-11,CRM
ACC2893,Desai Technologies,Financial Services,Arvind Tiwari,2026-05-16,CRM
ACC2473,Das Logistics,Construction,Lakshmi Agrawal,2026-04-28,CRM
ACC2071,Krishnan Enterprises,Financial Services,Geeta Dubey,2026-06-06,CRM
ACC2291,Chopra Services,Manufacturing,Vikram Menon,2026-04-13,CRM
ACC2102,Shah Healthcare,Manufacturing,Priya Krishnan,2026-06-20,CRM
ACC2240,Menon Enterprises,Financial Services,Deepak Mehta,2026-04-27,CRM
ACC2131,Singh Finance,Manufacturing,Vikram Shukla,2026-05-05,CRM
ACC2365,Mehta Pharmaceuticals,Retail,Krishna Patel,2026-04-06,CRM
ACC2825,Agrawal Textiles,Technology,Sneha Dubey,2026-06-25,CRM
ACC2748,Banerjee Finance,Retail,Arjun Singh,2026-03-22,CRM
ACC2594,Nair Solutions,Manufacturing,Manish Bose,2026-01-22,CRM
ACC2202,Gupta Logistics,Financial Services,Amit Kapoor,2026-03-24,CRM
ACC2100,Srivastava Industries,Transportation,Pooja Bose,2026-03-18,CRM
ACC2913,Menon Finance,Construction,Kavita Pandey,2026-01-11,CRM
ACC2068,Reddy Foods,Healthcare,Rahul Kapoor,2026-01-19,CRM
ACC2101,Bose Textiles,Financial Services,Radha Banerjee,2026-04-14,CRM
ACC2732,Chopra Healthcare,Manufacturing,Nisha Singh,2026-03-23,CRM
ACC2638,Chopra Retail,Manufacturing,Rajesh Kumar,2026-04-29,CRM
ACC2472,Joshi Retail,Financial Services,Arjun Agrawal,2026-06-19,CRM
ACC2562,Mehta Solutions,Financial Services,Dinesh Krishnan,2026-03-07,CRM
ACC2882,Banerjee Pharmaceuticals,Retail,Krishna Nair,2026-01-31,CRM
ACC2580,Srivastava Textiles,Transportation,John Shukla,2026-03-26,CRM
ACC2185,Patel Healthcare,Financial Services,Lakshmi Banerjee,2026-03-14,CRM
ACC2855,Shukla Foods,Manufacturing,Alok Desai,2026-02-15,CRM
ACC2847,Kapoor Healthcare,Retail,John Joshi,2026-04-15,CRM
ACC2258,Das Services,Transportation,Krishna Nair,2026-04-06,CRM
ACC2631,Desai Technologies,Manufacturing,Radha Shah,2026-01-27,CRM
ACC2789,Agrawal Services,Financial Services,Ravi Srivastava,2026-01-19,CRM
ACC2800,Sharma Finance,Construction,Sandeep Kapoor,2026-03-05,CRM
ACC2829,Yadav Pharmaceuticals,Construction,Anjali Verma,2026-02-12,CRM
ACC2145,Malhotra Textiles,Manufacturing,Anita Bose,2026-02-20,CRM
ACC2127,Bajaj Consulting,Technology,Nisha Das,2026-06-28,CRM
ACC2121,Mehta Finance,Retail,Alok Dubey,2026-05-14,CRM
ACC2216,Banerjee Services,Technology,Priya Tiwari,2026-05-29,CRM
ACC2352,Mehta Solutions,Manufacturing,Prakash Gupta,2026-05-11,CRM
ACC2733,Gupta Foods,Financial Services,Shalini Dubey,2026-01-31,CRM
ACC2312,Menon Industries,Financial Services,Ravi Desai,2026-06-23,CRM
ACC2087,Bose Services,Transportation,Nisha Mishra,2026-03-05,CRM
ACC2733,Gupta Foods,Financial Services,Shalini Dubey,2026-01-31,CRM
ACC2725,Gupta Finance,Transportation,Shalini Agrawal,2026-05-28,CRM
ACC2403,Mehta Consulting,Healthcare,Vijay Iyer,2026-01-20,CRM
ACC2610,Srivastava Logistics,Manufacturing,Sneha Mishra,2026-03-27,CRM
ACC2809,Sharma Textiles,Transportation,Lakshmi Pandey,2026-02-12,CRM
ACC2826,Bajaj Healthcare,Manufacturing,Lakshmi Nair,2026-03-18,CRM
ACC2042,Nair Healthcare,Healthcare,Rajesh Singh,2026-01-19,CRM
ACC2126,Kapoor Textiles,Healthcare,Sandeep Krishnan,2026-02-22,CRM
ACC2144,Verma Foods,Healthcare,Sachin Banerjee,2026-03-21,CRM
ACC2568,Pandey Traders,Healthcare,Vikram Gupta,2026-02-25,CRM
ACC2680,Joshi Textiles,Retail,Usha Das,2026-02-24,CRM
ACC2011,Joshi Enterprises,Healthcare,Rohit Nair,2026-01-12,CRM
ACC2382,Menon Traders,Transportation,Alok Nair,2026-06-21,CRM
ACC2305,Das Industries,Construction,Anita Bose,2026-06-12,CRM
ACC2147,Yadav Finance,Retail,Jane Pandey,2026-06-25,CRM
ACC2649,Verma Traders,Financial Services,Alok Banerjee,2026-06-27,CRM
ACC2503,Singh Pharmaceuticals,Retail,Krishna Das,2026-03-10,CRM
ACC2558,Chopra Textiles,Healthcare,Rekha Desai,2026-05-25,CRM
ACC2400,Gupta Logistics,Transportation,Pooja Verma,2026-03-17,CRM
ACC2139,Desai Healthcare,Transportation,Usha Patel,2026-01-18,CRM
ACC2801,Iyer Consulting,Healthcare,Meera Desai,2026-01-01,CRM
ACC2737,Banerjee Foods,Retail,Rohit Joshi,2026-03-19,CRM
ACC2160,Agrawal Healthcare,Healthcare,Rajesh Sharma,2026-03-03,CRM
ACC2485,Patel Solutions,Technology,Alok Singh,2026-02-27,CRM
ACC2031,Mehta Retail,Technology,Deepak Dubey,2026-02-20,CRM
ACC2404,Agrawal Consulting,Transportation,Anil Desai,2026-06-23,CRM
ACC2868,Verma Pharmaceuticals,Healthcare,Deepak Bose,2026-03-28,CRM
ACC2448,Kapoor Healthcare,Construction,Anil Agrawal,2026-05-30,CRM
ACC2288,Kapoor Retail,Technology,Prakash Banerjee,2026-04-21,CRM
ACC2088,Mishra Enterprises,Healthcare,Shalini Kumar,2026-04-08,CRM
ACC2621,Kapoor Foods,Manufacturing,Sneha Gupta,2026-05-30,CRM
ACC2812,Bose Finance,Financial Services,Usha Iyer,2026-03-02,CRM
ACC2296,Chopra Solutions,Healthcare,Rajesh Krishnan,2026-04-16,CRM
ACC2108,Agrawal Solutions,Transportation,John Banerjee,2026-06-08,CRM
ACC2514,Krishnan Group,Technology,Sunita Dubey,2026-02-21,CRM
ACC2874,Patel Foods,Transportation,Sneha Tiwari,2026-05-27,CRM
ACC2806,Chopra Finance,Healthcare,Priya Sharma,2026-01-19,CRM
ACC2046,Mishra Pharmaceuticals,Retail,Lakshmi Singh,2026-04-15,CRM
ACC2599,Gupta Traders,Manufacturing,Jane Shah,2026-04-25,CRM
ACC2064,Reddy Industries,Manufacturing,Mala Patel,2026-06-18,CRM
ACC2478,Malhotra Group,Retail,Kavita Krishnan,2026-03-12,CRM
ACC2656,Shukla Textiles,Transportation,Radha Mehta,2026-05-06,CRM
ACC2006,Menon Logistics,Financial Services,Sachin Pandey,2026-02-09,CRM
ACC2547,Mehta Industries,Manufacturing,Rekha Chopra,2026-04-05,CRM
ACC2121,Mehta Finance,Retail,Alok Dubey,2026-05-14,CRM
ACC2689,Das Solutions,Financial Services,Sachin Patel,2026-06-29,CRM
ACC2897,Patel Finance,Financial Services,Meera Dubey,2026-04-27,CRM
ACC2017,Bose Logistics,Retail,Rajesh Singh,2026-01-15,CRM
ACC2323,Reddy Pharmaceuticals,Retail,Sachin Mishra,2026-06-26,CRM
ACC2443,Singh Traders,Healthcare,Shalini Kapoor,2026-01-13,CRM
ACC2414,Gupta Pharmaceuticals,Construction,Arjun Srivastava,2026-04-24,CRM
ACC2645,Mehta Logistics,Technology,Dinesh Agrawal,2026-04-10,CRM
ACC2461,Chopra Retail,Retail,Deepak Nair,2026-05-11,CRM
ACC2397,Pandey Pharmaceuticals,Financial Services,Manish Shukla,2026-05-13,CRM
ACC2417,Kumar Enterprises,Transportation,Deepak Srivastava,2026-06-29,CRM
ACC2264,Desai Solutions,Transportation,Sneha Kapoor,2026-06-28,CRM
ACC2233,Shah Healthcare,Technology,Rohit Menon,2026-04-16,CRM
ACC2588,Bajaj Retail,Financial Services,Sneha Bose,2026-04-09,CRM
ACC2072,Bose Services,Technology,Prakash Sharma,2026-03-18,CRM
ACC2571,Sharma Technologies,Technology,Rajesh Menon,2026-03-12,CRM
ACC2932,Iyer Solutions,Financial Services,Amit Gupta,2026-01-04,CRM
ACC2277,Bose Services,Healthcare,Manish Verma,2026-02-03,CRM
ACC2870,Shah Retail,Retail,Deepak Joshi,2026-03-03,CRM
ACC2075,Bose Solutions,Retail,Sandeep Joshi,2026-03-09,CRM
ACC2089,Shukla Healthcare,Construction,Amit Srivastava,2026-04-28,CRM
ACC2038,Reddy Textiles,Construction,Prakash Srivastava,2026-05-19,CRM
ACC2785,Singh Foods,Construction,John Patel,2026-01-06,CRM
ACC2470,Pandey Healthcare,Manufacturing,Anjali Menon,2026-05-09,CRM
ACC2024,Patel Services,Healthcare,John Yadav,2026-02-09,CRM
ACC2820,Kumar Pharmaceuticals,Healthcare,Sneha Desai,2026-03-09,CRM
ACC2702,Iyer Solutions,Healthcare,Arjun Singh,2026-03-05,CRM
ACC2073,Shah Finance,Healthcare,Jane Bajaj,2026-01-28,CRM
ACC2890,Kumar Pharmaceuticals,Retail,Anita Yadav,2026-01-23,CRM
ACC2445,Chopra Group,Technology,Sachin Dubey,2026-03-22,CRM
ACC2719,Gupta Group,Manufacturing,Sunita Singh,2026-01-30,CRM
ACC2738,Desai Foods,Manufacturing,Alok Kapoor,2026-02-20,CRM
ACC2210,Verma Solutions,Retail,Ravi Kapoor,2026-02-09,CRM
ACC2106,Chopra Pharmaceuticals,Manufacturing,Mala Mehta,2026-04-24,CRM
ACC2434,Patel Solutions,Retail,Neha Gupta,2026-05-28,CRM
ACC2873,Iyer Group,Manufacturing,Dinesh Banerjee,2026-04-14,CRM
ACC2788,Shah Foods,Transportation,Sunita Sharma,2026-02-06,CRM
ACC2644,Joshi Pharmaceuticals,Healthcare,Rohit Chopra,2026-03-09,CRM
ACC2922,Mehta Traders,Financial Services,Arjun Bose,2026-04-02,CRM
ACC2215,Mishra Retail,Financial Services,Sandeep Malhotra,2026-01-01,CRM
ACC2067,Chopra Group,Retail,Deepak Kapoor,2026-01-19,CRM
ACC2641,Menon Textiles,Healthcare,Geeta Nair,2026-02-24,CRM
ACC2007,Chopra Industries,Healthcare,Rekha Yadav,2026-04-08,CRM
ACC2935,Bose Enterprises,Construction,Jane Menon,2026-05-04,CRM
ACC2550,Mishra Consulting,Technology,Meera Joshi,2026-06-21,CRM
ACC2171,Kumar Finance,Healthcare,Vikram Desai,2026-05-17,CRM
ACC2098,Malhotra Consulting,Technology,Rahul Agrawal,2026-06-25,CRM
ACC2084,Yadav Retail,Retail,Jane Desai,2026-04-15,CRM
ACC2751,Shah Industries,Construction,Sanjay Verma,2026-04-26,CRM
ACC2762,Nair Finance,Retail,John Nair,2026-01-20,CRM
ACC2197,Kapoor Group,Financial Services,Prakash Mehta,2026-02-16,CRM
ACC2667,Pandey Foods,Transportation,Kavita Srivastava,2026-04-20,CRM
ACC2303,Kumar Finance,Transportation,Shalini Sharma,2026-03-21,CRM
ACC2044,Singh Finance,Transportation,Meera Agrawal,2026-05-05,CRM
ACC2498,Iyer Enterprises,Construction,Suresh Mehta,2026-01-04,CRM
ACC2776,Bajaj Consulting,Retail,Vikram Sharma,2026-03-13,CRM
ACC2520,Iyer Services,Healthcare,Neha Das,2026-02-25,CRM
ACC2838,Desai Group,Manufacturing,Usha Bajaj,2026-03-09,CRM
ACC2383,Desai Industries,Technology,John Agrawal,2026-05-20,CRM
ACC2529,Krishnan Textiles,Retail,Usha Menon,2026-02-28,CRM
ACC2926,Menon Solutions,Retail,Lakshmi Mishra,2026-02-12,CRM
ACC2289,Pandey Industries,Retail,Jane Mishra,2026-06-17,CRM
ACC2741,Sharma Consulting,Transportation,Rahul Chopra,2026-04-07,CRM
ACC2553,Singh Enterprises,Technology,Lakshmi Malhotra,2026-02-22,CRM
ACC2262,Shah Technologies,Healthcare,Nisha Verma,2026-03-19,CRM
ACC2395,Verma Consulting,Financial Services,Sandeep Iyer,2026-04-22,CRM
ACC2116,Krishnan Healthcare,Retail,Suresh Patel,2026-02-01,CRM
ACC2877,Srivastava Traders,Retail,Radha Banerjee,2026-06-18,CRM
ACC2328,Yadav Logistics,Financial Services,Arvind Bajaj,2026-06-15,CRM
ACC2698,Desai Enterprises,Construction,Sachin Kapoor,2026-06-10,CRM
ACC2821,Iyer Healthcare,Retail,Geeta Kapoor,2026-03-10,CRM
ACC2249,Mishra Pharmaceuticals,Healthcare,Amit Banerjee,2026-05-29,CRM
ACC2636,Chopra Solutions,Healthcare,Neha Srivastava,2026-06-23,CRM
ACC2628,Agrawal Enterprises,Technology,Krishna Singh,2026-05-23,CRM
ACC2657,Dubey Pharmaceuticals,Manufacturing,Nisha Pandey,2026-02-12,CRM
ACC2246,Desai Healthcare,Transportation,Mala Mishra,2026-02-18,CRM
ACC2456,Yadav Traders,Construction,Rajesh Desai,2026-06-04,CRM
ACC2354,Shukla Healthcare,Construction,Sandeep Yadav,2026-02-05,CRM
ACC2684,Mishra Services,Manufacturing,Jane Mehta,2026-01-05,CRM
ACC2117,Mishra Pharmaceuticals,Transportation,Suresh Shah,2026-05-16,CRM
ACC2009,Kapoor Retail,Healthcare,Amit Tiwari,2026-04-07,CRM
ACC2664,Srivastava Technologies,Manufacturing,Alok Banerjee,2026-03-09,CRM
ACC2781,Singh Foods,Financial Services,Manish Kumar,2026-06-28,CRM
ACC2889,Kapoor Finance,Construction,Sunita Sharma,2026-02-13,CRM
ACC2486,Verma Textiles,Financial Services,Vikram Patel,2026-05-01,CRM
ACC2543,Banerjee Textiles,Construction,Nisha Shah,2026-05-18,CRM
ACC2633,Chopra Pharmaceuticals,Retail,Kavita Banerjee,2026-02-22,CRM
ACC2770,Gupta Finance,Manufacturing,Lakshmi Patel,2026-02-05,CRM
ACC2223,Shah Retail,Technology,Dinesh Patel,2026-03-26,CRM
ACC2300,Srivastava Retail,Financial Services,Jane Desai,2026-01-30,CRM
ACC2369,Singh Services,Manufacturing,John Malhotra,2026-03-31,CRM
ACC2786,Sharma Logistics,Technology,Prakash Shukla,2026-02-21,CRM
ACC2339,Malhotra Consulting,Technology,Amit Kapoor,2026-06-16,CRM
ACC2679,Bose Enterprises,Financial Services,Suresh Mehta,2026-01-17,CRM
ACC2218,Krishnan Consulting,Technology,Kavita Chopra,2026-04-07,CRM
ACC2226,Shukla Consulting,Financial Services,Anjali Gupta,2026-03-28,CRM
ACC2357,Chopra Group,Retail,Amit Bose,2026-06-08,CRM
ACC2094,Bajaj Finance,Construction,Neha Verma,2026-05-29,CRM
ACC2413,Malhotra Pharmaceuticals,Construction,Priya Pandey,2026-02-01,CRM
ACC2549,Bose Foods,Technology,Shalini Das,2026-01-11,CRM
ACC2556,Agrawal Group,Manufacturing,Krishna Desai,2026-04-30,CRM
ACC2425,Shah Group,Retail,Prakash Desai,2026-05-22,CRM
ACC2163,Singh Textiles,Transportation,John Banerjee,2026-03-04,CRM
ACC2517,Bajaj Retail,Manufacturing,Dinesh Gupta,2026-01-15,CRM
ACC2069,Agrawal Finance,Construction,Usha Joshi,2026-03-31,CRM
ACC2533,Reddy Solutions,Transportation,Amit Kapoor,2026-01-13,CRM
ACC2188,Singh Solutions,Construction,Ravi Krishnan,2026-03-10,CRM
ACC2225,Tiwari Traders,Manufacturing,Suresh Sharma,2026-06-17,CRM
ACC2538,Bajaj Traders,Transportation,Alok Banerjee,2026-05-14,CRM
ACC2325,Das Retail,Healthcare,Vijay Nair,2026-04-12,CRM
ACC2724,Bajaj Technologies,Financial Services,Ravi Yadav,2026-04-20,CRM
ACC2802,Kapoor Enterprises,Manufacturing,Sunita Das,2026-02-12,CRM
ACC2074,Iyer Finance,Technology,Rajesh Shah,2026-02-23,CRM
ACC2366,Verma Enterprises,Retail,Rajesh Malhotra,2026-05-13,CRM
ACC2563,Mehta Enterprises,Manufacturing,Dinesh Tiwari,2026-04-28,CRM
ACC2586,Yadav Services,Transportation,Sanjay Shah,2026-04-12,CRM
ACC2808,Gupta Logistics,Technology,Rajesh Bajaj,2026-06-07,CRM
ACC2502,Shukla Logistics,Construction,Manish Shah,2026-01-02,CRM
ACC2308,Nair Foods,Healthcare,Pooja Yadav,2026-01-14,CRM
ACC2677,Tiwari Finance,Transportation,Anil Agrawal,2026-04-05,CRM
ACC2933,Tiwari Foods,Transportation,Prakash Yadav,2026-05-25,CRM
ACC2640,Sharma Enterprises,Technology,Vijay Das,2026-02-20,CRM
ACC2792,Chopra Traders,Transportation,Dinesh Mehta,2026-05-24,CRM
ACC2052,Srivastava Services,Technology,Geeta Mishra,2026-01-26,CRM
ACC2611,Dubey Services,Transportation,Vijay Dubey,2026-06-02,CRM
ACC2721,Sharma Enterprises,Construction,Manish Verma,2026-06-29,CRM
ACC2157,Sharma Pharmaceuticals,Retail,Sneha Chopra,2026-03-25,CRM
ACC2040,Bajaj Retail,Manufacturing,Rohit Kapoor,2026-01-31,CRM
ACC2158,Joshi Logistics,Retail,Manish Shukla,2026-03-08,CRM
ACC2858,Patel Traders,Retail,Neha Das,2026-05-27,CRM
ACC2477,Pandey Pharmaceuticals,Financial Services,Rekha Pandey,2026-05-03,CRM
ACC2338,Das Pharmaceuticals,Technology,Mala Agrawal,2026-05-22,CRM
ACC2005,Nair Finance,Retail,Vikram Kapoor,2026-01-02,CRM
ACC2261,Dubey Pharmaceuticals,Transportation,Meera Mehta,2026-03-19,CRM
ACC2598,Banerjee Pharmaceuticals,Financial Services,John Sharma,2026-03-11,CRM
ACC2916,Nair Solutions,Manufacturing,Ravi Dubey,2026-02-08,CRM
ACC2133,Kapoor Group,Construction,Sachin Dubey,2026-06-09,CRM
ACC2270,Joshi Industries,Retail,Anil Iyer,2026-04-27,CRM
ACC2569,Desai Technologies,Technology,Radha Kapoor,2026-06-13,CRM
ACC2285,Malhotra Pharmaceuticals,Healthcare,Dinesh Pandey,2026-01-21,CRM
ACC2438,Kapoor Industries,Transportation,Anil Banerjee,2026-01-16,CRM
ACC2041,Gupta Logistics,Healthcare,Alok Singh,2026-05-31,CRM
ACC2386,Mishra Industries,Financial Services,Neha Desai,2026-03-03,CRM
ACC2122,Singh Finance,Manufacturing,Dinesh Mehta,2026-01-20,CRM
ACC2526,Srivastava Logistics,Healthcare,Arjun Mehta,2026-02-15,CRM
ACC2752,Menon Industries,Technology,Suresh Chopra,2026-04-02,CRM
ACC2177,Bose Technologies,Construction,Anita Mehta,2026-02-08,CRM
ACC2191,Pandey Finance,Transportation,Ravi Kapoor,2026-04-14,CRM
ACC2076,Iyer Group,Retail,Radha Shukla,2026-01-14,CRM
ACC2914,Malhotra Healthcare,Transportation,Rajesh Shukla,2026-05-04,CRM
ACC2181,Banerjee Foods,Technology,Sanjay Menon,2026-01-16,CRM
ACC2459,Reddy Group,Technology,Suresh Shah,2026-02-05,CRM
ACC2549,Bose Foods,Technology,Shalini Das,2026-01-11,CRM
ACC2198,Mehta Services,Manufacturing,Sanjay Menon,2026-01-24,CRM
ACC2742,Joshi Retail,Construction,Deepak Verma,2026-04-18,CRM
ACC2794,Tiwari Enterprises,Financial Services,Sneha Banerjee,2026-02-02,CRM
ACC2201,Bose Textiles,Retail,Dinesh Banerjee,2026-05-21,CRM
ACC2617,Tiwari Pharmaceuticals,Transportation,Rajesh Sharma,2026-02-23,CRM
ACC2756,Pandey Healthcare,Financial Services,Anjali Gupta,2026-04-12,CRM
ACC2559,Shah Technologies,Financial Services,Vikram Tiwari,2026-05-22,CRM
ACC2602,Das Technologies,Financial Services,Pooja Srivastava,2026-04-16,CRM
ACC2773,Pandey Logistics,Manufacturing,Sneha Mishra,2026-05-20,CRM
ACC2376,Dubey Traders,Technology,Krishna Joshi,2026-06-05,CRM
ACC2663,Joshi Textiles,Healthcare,Geeta Krishnan,2026-06-17,CRM
ACC2726,Kapoor Retail,Financial Services,Meera Shukla,2026-01-15,CRM
ACC2721,Sharma Enterprises,Construction,Manish Verma,2026-06-29,CRM
ACC2648,Bose Traders,Financial Services,Sanjay Gupta,2026-01-31,CRM
ACC2230,Tiwari Industries,Manufacturing,Priya Singh,2026-01-26,CRM
ACC2849,Kumar Industries,Financial Services,Radha Mishra,2026-05-10,CRM
ACC2453,Desai Retail,Financial Services,Rajesh Joshi,2026-01-19,CRM
ACC2799,Bajaj Industries,Retail,Sachin Mehta,2026-06-21,CRM
ACC2635,Gupta Finance,Healthcare,Geeta Chopra,2026-01-30,CRM
ACC2207,Pandey Pharmaceuticals,Healthcare,Geeta Bajaj,2026-01-08,CRM
ACC2257,Verma Pharmaceuticals,Financial Services,Krishna Krishnan,2026-06-22,CRM
ACC2761,Dubey Textiles,Financial Services,Arjun Joshi,2026-06-25,CRM
ACC2929,Reddy Textiles,Retail,Geeta Kumar,2026-04-02,CRM
ACC2055,Patel Traders,Manufacturing,Anil Bajaj,2026-01-01,CRM
ACC2565,Kumar Group,Technology,Usha Shukla,2026-06-14,CRM
ACC2320,Malhotra Industries,Retail,Neha Kapoor,2026-03-22,CRM
ACC2701,Das Logistics,Manufacturing,Sanjay Tiwari,2026-03-22,CRM
ACC2807,Bajaj Textiles,Construction,Sandeep Kumar,2026-01-20,CRM
ACC2426,Yadav Traders,Manufacturing,Sanjay Kumar,2026-05-09,CRM
ACC2396,Kapoor Group,Manufacturing,Anil Tiwari,2026-03-28,CRM
ACC2925,Iyer Services,Manufacturing,Anil Kapoor,2026-06-26,CRM
ACC2048,Kapoor Services,Transportation,Vijay Menon,2026-01-14,CRM
ACC2680,Joshi Textiles,Retail,Usha Das,2026-02-24,CRM
ACC2365,Mehta Pharmaceuticals,Retail,Krishna Patel,2026-04-06,CRM
ACC2294,Gupta Industries,Manufacturing,John Dubey,2026-01-25,CRM
ACC2712,Malhotra Technologies,Retail,Rekha Patel,2026-04-12,CRM
ACC2817,Shukla Services,Healthcare,Priya Gupta,2026-03-20,CRM
ACC2815,Bose Solutions,Technology,Priya Dubey,2026-05-03,CRM
ACC2908,Bose Industries,Transportation,Deepak Menon,2026-05-14,CRM
ACC2523,Menon Traders,Retail,Amit Banerjee,2026-02-04,CRM
ACC2243,Dubey Solutions,Manufacturing,Priya Sharma,2026-03-12,CRM
ACC2398,Gupta Enterprises,Manufacturing,Shalini Mishra,2026-01-21,CRM
ACC2574,Singh Healthcare,Technology,Prakash Shah,2026-05-15,CRM
ACC2662,Desai Retail,Retail,Usha Dubey,2026-01-11,CRM
ACC2760,Patel Services,Retail,Ravi Sharma,2026-02-26,CRM
ACC2229,Reddy Industries,Construction,Usha Patel,2026-06-11,CRM
ACC2885,Banerjee Textiles,Healthcare,Sneha Agrawal,2026-02-08,CRM
ACC2946,Agrawal Retail,Construction,Deepak Bajaj,2026-06-17,CRM
ACC2757,Bose Finance,Financial Services,Radha Patel,2026-02-14,CRM
ACC2691,Shukla Industries,Construction,Rahul Joshi,2026-06-01,CRM
ACC2888,Mehta Traders,Financial Services,Dinesh Chopra,2026-06-12,CRM
ACC2630,Yadav Solutions,Technology,Anil Kapoor,2026-06-26,CRM
ACC2104,Das Retail,Retail,Anita Banerjee,2026-01-01,CRM
ACC2168,Pandey Traders,Construction,Usha Yadav,2026-02-25,CRM
ACC2833,Krishnan Textiles,Technology,John Das,2026-03-25,CRM
ACC2367,Gupta Consulting,Construction,Ravi Banerjee,2026-03-11,CRM
ACC2033,Chopra Pharmaceuticals,Healthcare,Rahul Reddy,2026-01-29,CRM
ACC2554,Singh Retail,Financial Services,Anil Malhotra,2026-03-14,CRM
ACC2771,Mehta Group,Retail,Nisha Joshi,2026-05-15,CRM
ACC2208,Singh Enterprises,Construction,Mala Mishra,2026-03-21,CRM
ACC2302,Reddy Group,Transportation,Rajesh Sharma,2026-06-27,CRM
ACC2803,Bajaj Textiles,Financial Services,Nisha Shukla,2026-05-20,CRM
ACC2707,Verma Healthcare,Manufacturing,Dinesh Das,2026-06-13,CRM
ACC2063,Bajaj Foods,Construction,Anil Verma,2026-05-29,CRM
ACC2859,Singh Solutions,Construction,Rekha Srivastava,2026-06-23,CRM
ACC2149,Menon Solutions,Financial Services,Kavita Krishnan,2026-01-18,CRM
ACC2256,Gupta Consulting,Manufacturing,Rajesh Desai,2026-01-04,CRM
ACC2699,Menon Foods,Transportation,Anjali Malhotra,2026-04-24,CRM
ACC2293,Shah Solutions,Manufacturing,Krishna Desai,2026-01-18,CRM
ACC2164,Nair Logistics,Manufacturing,Deepak Bose,2026-05-22,CRM
ACC2804,Dubey Pharmaceuticals,Retail,Sneha Verma,2026-05-28,CRM
ACC2768,Iyer Pharmaceuticals,Construction,Manish Iyer,2026-01-09,CRM
ACC2273,Gupta Services,Retail,Anita Joshi,2026-05-22,CRM
ACC2204,Menon Technologies,Construction,Usha Kapoor,2026-05-13,CRM
ACC2057,Pandey Enterprises,Retail,Priya Menon,2026-05-23,CRM
ACC2686,Joshi Enterprises,Construction,Rahul Menon,2026-06-16,CRM
ACC2054,Menon Pharmaceuticals,Manufacturing,Alok Kumar,2026-02-24,CRM
ACC2148,Verma Consulting,Technology,Mala Mishra,2026-01-11,CRM
ACC2390,Kumar Consulting,Construction,Lakshmi Mehta,2026-01-17,CRM
ACC2025,Bose Textiles,Technology,Sachin Mishra,2026-01-17,CRM
ACC2109,Dubey Consulting,Construction,Sandeep Gupta,2026-06-22,CRM
ACC2535,Yadav Services,Retail,Usha Joshi,2026-01-15,CRM
ACC2013,Iyer Pharmaceuticals,Transportation,Jane Das,2026-04-04,CRM
ACC2827,Bajaj Services,Transportation,John Das,2026-01-09,CRM
ACC2432,Nair Traders,Construction,Sachin Nair,2026-06-18,CRM
ACC2867,Mehta Foods,Technology,Rohit Krishnan,2026-03-14,CRM
ACC2898,Agrawal Logistics,Manufacturing,Prakash Reddy,2026-06-25,CRM
ACC2292,Verma Logistics,Manufacturing,Nisha Tiwari,2026-03-22,CRM
ACC2546,Shah Textiles,Construction,Rajesh Agrawal,2026-03-07,CRM
ACC2861,Malhotra Traders,Transportation,Rahul Shukla,2026-02-14,CRM
ACC2915,Sharma Technologies,Transportation,Sandeep Singh,2026-01-23,CRM
ACC2765,Kapoor Technologies,Construction,Ravi Patel,2026-05-27,CRM
ACC2690,Mehta Industries,Transportation,Vikram Menon,2026-01-25,CRM
ACC2427,Verma Retail,Construction,Sunita Dubey,2026-03-19,CRM
ACC2108,Agrawal Solutions,Transportation,John Banerjee,2026-06-08,CRM
ACC2683,Bose Consulting,Healthcare,Sandeep Bajaj,2026-01-12,CRM
ACC2584,Krishnan Foods,Transportation,Shalini Bajaj,2026-01-09,CRM
ACC2596,Das Enterprises,Retail,Shalini Shah,2026-06-12,CRM
ACC2491,Tiwari Enterprises,Retail,Vikram Krishnan,2026-01-10,CRM
ACC2575,Desai Finance,Retail,Krishna Dubey,2026-04-12,CRM
ACC2360,Reddy Finance,Retail,Alok Kapoor,2026-04-25,CRM
ACC2779,Dubey Consulting,Transportation,Shalini Krishnan,2026-01-15,CRM
ACC2118,Chopra Consulting,Manufacturing,Rajesh Reddy,2026-06-06,CRM
ACC2666,Mishra Enterprises,Technology,Alok Joshi,2026-06-26,CRM
ACC2330,Shah Consulting,Retail,Manish Reddy,2026-06-17,CRM
ACC2652,Malhotra Solutions,Construction,Usha Pandey,2026-05-23,CRM
ACC2710,Krishnan Solutions,Construction,Nisha Desai,2026-05-01,CRM
ACC2555,Krishnan Solutions,Financial Services,Sneha Kapoor,2026-03-20,CRM
ACC2515,Shah Traders,Financial Services,Anita Krishnan,2026-05-14,CRM
ACC2182,Joshi Solutions,Construction,Jane Yadav,2026-03-09,CRM
ACC2665,Dubey Industries,Manufacturing,Kavita Srivastava,2026-01-31,CRM
ACC2727,Nair Traders,Financial Services,Dinesh Srivastava,2026-02-10,CRM
ACC2135,Mehta Textiles,Construction,Neha Gupta,2026-04-29,CRM
ACC2688,Gupta Logistics,Transportation,Rohit Iyer,2026-06-16,CRM
ACC2943,Verma Pharmaceuticals,Transportation,Geeta Chopra,2026-06-17,CRM
ACC2353,Desai Finance,Construction,Rohit Sharma,2026-02-24,CRM
ACC2703,Reddy Enterprises,Technology,Rajesh Reddy,2026-03-14,CRM
ACC2297,Bose Consulting,Manufacturing,Kavita Srivastava,2026-01-14,CRM
ACC2731,Malhotra Services,Healthcare,Anjali Kumar,2026-05-22,CRM
ACC2639,Das Solutions,Construction,Vikram Mishra,2026-02-17,CRM
ACC2214,Gupta Finance,Retail,Arjun Srivastava,2026-04-17,CRM
ACC2205,Yadav Pharmaceuticals,Transportation,Rohit Reddy,2026-04-24,CRM
ACC2222,Mishra Services,Transportation,Sneha Bose,2026-02-08,CRM
ACC2647,Bose Enterprises,Retail,Manish Dubey,2026-03-18,CRM
ACC2566,Patel Services,Retail,Sunita Agrawal,2026-01-20,CRM
ACC2495,Kapoor Solutions,Technology,Sandeep Banerjee,2026-05-15,CRM
ACC2754,Mishra Solutions,Financial Services,John Kumar,2026-06-28,CRM
ACC2728,Verma Group,Technology,Krishna Yadav,2026-06-22,CRM
ACC2321,Nair Textiles,Transportation,Anita Menon,2026-06-13,CRM
ACC2881,Mishra Group,Financial Services,Deepak Menon,2026-04-06,CRM
ACC2560,Tiwari Textiles,Financial Services,Sanjay Nair,2026-02-09,CRM
ACC2718,Pandey Textiles,Transportation,Meera Banerjee,2026-03-03,CRM
ACC2863,Pandey Solutions,Financial Services,Deepak Pandey,2026-04-19,CRM
ACC2306,Tiwari Retail,Construction,Neha Gupta,2026-04-07,CRM
ACC2524,Bajaj Textiles,Manufacturing,Nisha Desai,2026-04-07,CRM
ACC2766,Tiwari Textiles,Manufacturing,Vijay Dubey,2026-01-08,CRM
ACC2907,Pandey Solutions,Transportation,Anjali Joshi,2026-01-03,CRM
ACC2716,Malhotra Healthcare,Retail,John Agrawal,2026-02-09,CRM
ACC2616,Nair Retail,Construction,Anita Joshi,2026-06-24,CRM
ACC2422,Pandey Enterprises,Manufacturing,Deepak Das,2026-05-15,CRM
ACC2141,Shah Pharmaceuticals,Transportation,Anjali Singh,2026-01-30,CRM
ACC2136,Iyer Textiles,Financial Services,Manish Patel,2026-02-24,CRM
ACC2824,Nair Healthcare,Technology,Nisha Yadav,2026-01-16,CRM
ACC2463,Chopra Solutions,Healthcare,Neha Desai,2026-04-17,CRM
ACC2301,Singh Consulting,Manufacturing,Shalini Nair,2026-05-24,CRM
ACC2351,Mehta Consulting,Financial Services,Rajesh Das,2026-02-02,CRM
ACC2796,Kumar Foods,Financial Services,Anita Patel,2026-06-06,CRM
ACC2407,Das Foods,Healthcare,Rohit Desai,2026-06-04,CRM
ACC2280,Verma Enterprises,Healthcare,Nisha Agrawal,2026-05-02,CRM
ACC2254,Verma Pharmaceuticals,Healthcare,Sandeep Mishra,2026-02-06,CRM
ACC2780,Srivastava Consulting,Manufacturing,Vikram Nair,2026-04-01,CRM
ACC2709,Das Services,Retail,Pooja Shah,2026-05-26,CRM
ACC2937,Reddy Technologies,Healthcare,Rajesh Bajaj,2026-06-14,CRM
