address_id,customer_id,address_type,address_line1,address_line2,city,state,country,postal_code,created_ts,source_system
ADDR5810,CRM1810,Billing,90 Karol Bagh Market,,Surat,Gujarat,India,794125,20-04-2024,CRM
ADDR5038,CRM1038,Shipping,45 Marine Dr,Near Metro Station,Hyderabad,Telangana,India,335612,06-03-2024,CRM
ADDR5061,CRM1061,Billing,55 MI Rd,Next to Market,Ahmedabad,Gujarat,India,237235,18-11-2025,CRM
ADDR5607,CRM1607,Shipping,12 MG Rd,,Chennai,Tamil Nadu,India,764406,24-03-2026,CRM
ADDR5361,CRM1361,Shipping,12 MG Rd,Near City Center,Jaipur,Rajasthan,India,852524,12-03-2025,CRM
ADDR5468,CRM1468,Shipping,55 MI Rd,Near Old Town,Bangalore,Karnataka,India,103161,02-02-2026,CRM
ADDR5139,CRM1139,Shipping,44 Ashram Rd,Near Old Town,Surat,Gujarat,India,357420,29-03-2024,CRM
ADDR5559,CRM1559,Shipping,90 Karol Bagh Market,Next to Market,Mumbai,Maharashtra,India,710527,14-02-2025,CRM
ADDR5731,CRM1731,Billing,45 Marine Dr,Opposite Mall,Delhi,Delhi,India,315535,13-07-2024,CRM
ADDR5522,CRM1522,Billing,12 MG Rd,Near Old Town,Delhi,Delhi,India,554987,22-10-2025,CRM
ADDR5713,CRM1713,Shipping,88 Worli Sea Face,Above Central Bank,Delhi,Delhi,India,610866,26-10-2025,CRM
ADDR5290,CRM1290,Shipping,67 Law Garden Rd,Above Central Bank,Surat,Gujarat,India,479430,31-03-2024,CRM
ADDR5090,CRM1090,Billing,44 Ashram Rd,Next to Market,Bangalore,Karnataka,India,173372,11-11-2025,CRM
ADDR5463,CRM1463,Billing,90 Karol Bagh Market,Near City Center,Kolkata,West Bengal,India,257131,17-06-2024,CRM
ADDR5510,CRM1510,Billing,77 Linking Rd,Near Metro Station,Bangalore,Karnataka,India,983472,07-10-2025,CRM
ADDR5773,CRM1773,Shipping,78 Connaught Pl,Above Central Bank,Bangalore,Karnataka,India,281614,07-09-2025,CRM
ADDR5316,CRM1316,Shipping,34 JM Road,Near Old Town,Kolkata,West Bengal,India,444432,10-05-2024,CRM
ADDR5449,CRM1449,Billing,56 Chandni Chowk,Opposite Mall,Delhi,Delhi,India,929179,29-10-2024,CRM
ADDR5739,CRM1739,Shipping,12 Residency Rd,Opposite Mall,Delhi,Delhi,India,561101,21-04-2025,CRM
ADDR5109,CRM1109,Shipping,55 MI Rd,Near Old Town,Hyderabad,Telangana,India,359249,14-10-2025,CRM
ADDR5830,CRM1830,Shipping,67 Law Garden Rd,Next to Market,Hyderabad,Telangana,India,823415,04-05-2025,CRM
ADDR5839,CRM1839,Shipping,34 JM Road,Above Central Bank,Hyderabad,Telangana,India,772561,29-01-2025,CRM
ADDR5076,CRM1076,Shipping,101 FC Rd,Above Central Bank,Bangalore,Karnataka,India,361650,13-11-2025,CRM
ADDR5339,CRM1339,Shipping,45 Marine Dr,Near Old Town,Surat,Gujarat,India,402096,31-08-2024,CRM
ADDR5014,CRM1014,Shipping,44 Ashram Rd,Near Metro Station,Delhi,Delhi,India,802729,30-09-2024,CRM
ADDR5379,CRM1379,Shipping,12 MG Rd,Near Old Town,Kolkata,West Bengal,India,678443,12-05-2024,CRM
ADDR5108,CRM1108,Shipping,67 Law Garden Rd,Near City Center,Kolkata,West Bengal,India,567574,11-06-2024,CRM
ADDR5460,CRM1460,Billing,88 Worli Sea Face,Near Metro Station,Kolkata,West Bengal,India,813390,11-02-2026,CRM
ADDR5938,CRM1938,Billing,90 Karol Bagh Market,Near City Center,Delhi,Delhi,India,791444,29-05-2024,CRM
ADDR5312,CRM1312,Shipping,55 MI Rd,Above Central Bank,Chennai,Tamil Nadu,India,992931,03-11-2025,CRM
ADDR5648,CRM1648,Billing,12 MG Rd,Opposite Mall,Bangalore,Karnataka,India,648410,13-06-2025,CRM
ADDR5541,CRM1541,Billing,55 MI Rd,Next to Market,Chennai,Tamil Nadu,India,506637,08-03-2026,CRM
ADDR5318,CRM1318,Billing,44 Ashram Rd,Opposite Mall,Ahmedabad,Gujarat,India,289019,07-08-2024,CRM
ADDR5580,CRM1580,Billing,44 Ashram Rd,Opposite Mall,Surat,Gujarat,India,986589,13-04-2025,CRM
ADDR5313,CRM1313,Billing,44 Ashram Rd,,Surat,Gujarat,India,711046,10-11-2025,CRM
ADDR5808,CRM1808,Billing,45 Marine Dr,Opposite Mall,Bangalore,Karnataka,India,845652,28-10-2025,CRM
ADDR5051,CRM1051,Billing,78 Connaught Pl,Next to Market,Mumbai,Maharashtra,India,609231,07-05-2025,CRM
ADDR5048,CRM1048,Shipping,78 Connaught Pl,Opposite Mall,Delhi,Delhi,India,585100,12-09-2024,CRM
ADDR5687,CRM1687,Shipping,67 Law Garden Rd,,Mumbai,Maharashtra,India,122859,07-03-2024,CRM
ADDR5320,CRM1320,Shipping,67 Law Garden Rd,Near Old Town,Mumbai,Maharashtra,India,206053,03-06-2025,CRM
ADDR5088,CRM1088,Shipping,90 Karol Bagh Market,Near City Center,Ahmedabad,Gujarat,India,221263,29-01-2025,CRM
ADDR5818,CRM1818,Billing,44 Ashram Rd,Above Central Bank,Kolkata,West Bengal,India,529660,29-10-2024,CRM
ADDR5068,CRM1068,Billing,55 MI Rd,Opposite Mall,Kolkata,West Bengal,India,734210,03-08-2024,CRM
ADDR5583,CRM1583,Shipping,45 Marine Dr,Near Metro Station,Pune,Maharashtra,India,491439,11-12-2025,CRM
ADDR5617,CRM1617,Billing,67 Law Garden Rd,Opposite Mall,Jaipur,Rajasthan,India,197874,01-11-2025,CRM
ADDR5452,CRM1452,Billing,78 Connaught Pl,Next to Market,Mumbai,Maharashtra,India,439320,11-09-2024,CRM
ADDR5377,CRM1377,Shipping,23 Brigade Rd,Near Metro Station,Delhi,Delhi,India,227257,24-07-2024,CRM
ADDR5626,CRM1626,Billing,45 Marine Dr,Near City Center,Delhi,Delhi,India,690653,09-01-2024,CRM
ADDR5699,CRM1699,Billing,88 Worli Sea Face,Near Old Town,Pune,Maharashtra,India,394579,29-02-2024,CRM
ADDR5390,CRM1390,Shipping,67 Law Garden Rd,Near City Center,Surat,Gujarat,India,143195,30-01-2024,CRM
ADDR5683,CRM1683,Shipping,67 Law Garden Rd,Next to Market,Bangalore,Karnataka,India,682959,05-02-2026,CRM
ADDR5608,CRM1608,Shipping,23 Brigade Rd,Above Central Bank,Mumbai,Maharashtra,India,391740,12-12-2025,CRM
ADDR5426,CRM1426,Billing,23 Brigade Rd,Near Metro Station,Bangalore,Karnataka,India,688132,28-11-2024,CRM
ADDR5674,CRM1674,Shipping,12 MG Rd,Opposite Mall,Ahmedabad,Gujarat,India,344959,17-03-2024,CRM
ADDR5391,CRM1391,Billing,34 JM Road,Near Old Town,Mumbai,Maharashtra,India,704788,28-09-2024,CRM
ADDR5085,CRM1085,Shipping,34 JM Road,Near Old Town,Ahmedabad,Gujarat,India,662262,05-12-2024,CRM
ADDR5796,CRM1796,Billing,12 MG Rd,Opposite Mall,Bangalore,Karnataka,India,319553,18-02-2026,CRM
ADDR5825,CRM1825,Shipping,44 Ashram Rd,Near Old Town,Bangalore,Karnataka,India,809641,16-11-2024,CRM
ADDR5655,CRM1655,Billing,101 FC Rd,,Bangalore,Karnataka,India,594681,07-01-2025,CRM
ADDR5678,CRM1678,Shipping,12 MG Rd,Opposite Mall,Hyderabad,Telangana,India,993892,02-05-2024,CRM
ADDR5202,CRM1202,Shipping,67 Law Garden Rd,,Surat,Gujarat,India,986088,26-03-2025,CRM
ADDR5304,CRM1304,Billing,90 Karol Bagh Market,Near City Center,Mumbai,Maharashtra,India,631699,28-01-2025,CRM
ADDR5342,CRM1342,Billing,34 JM Road,Near City Center,Surat,Gujarat,India,702980,04-09-2024,CRM
ADDR5548,CRM1548,Shipping,44 Ashram Rd,Near Old Town,Bangalore,Karnataka,India,750318,24-01-2025,CRM
ADDR5651,CRM1651,Billing,55 MI Rd,Above Central Bank,Jaipur,Rajasthan,India,704663,04-10-2025,CRM
ADDR5669,CRM1669,Billing,67 Law Garden Rd,Near City Center,Bangalore,Karnataka,India,533121,18-12-2025,CRM
ADDR5193,CRM1193,Billing,77 Linking Rd,Near Metro Station,Hyderabad,Telangana,India,728492,04-06-2025,CRM
ADDR5199,CRM1199,Shipping,101 FC Rd,Near Old Town,Pune,Maharashtra,India,913217,24-02-2025,CRM
ADDR5846,CRM1846,Shipping,56 Chandni Chowk,Above Central Bank,Mumbai,Maharashtra,India,118632,15-04-2024,CRM
ADDR5486,CRM1486,Billing,34 JM Road,Above Central Bank,Surat,Gujarat,India,547952,23-07-2025,CRM
ADDR5155,CRM1155,Billing,55 MI Rd,,Kolkata,West Bengal,India,157174,20-07-2025,CRM
ADDR5639,CRM1639,Billing,12 Residency Rd,Opposite Mall,Bangalore,Karnataka,India,326222,10-02-2024,CRM
ADDR5558,CRM1558,Billing,56 Chandni Chowk,Next to Market,Jaipur,Rajasthan,India,927406,21-01-2025,CRM
ADDR5736,CRM1736,Shipping,45 Marine Dr,Next to Market,Delhi,Delhi,India,984756,28-04-2024,CRM
ADDR5473,CRM1473,Billing,34 JM Road,Near Old Town,Mumbai,Maharashtra,India,464663,01-05-2024,CRM
ADDR5131,CRM1131,Shipping,77 Linking Rd,Above Central Bank,Jaipur,Rajasthan,India,307963,18-03-2024,CRM
ADDR5560,CRM1560,Shipping,23 Brigade Rd,,Kolkata,West Bengal,India,929130,03-01-2025,CRM
ADDR5632,CRM1632,Shipping,88 Worli Sea Face,Above Central Bank,Surat,Gujarat,India,128127,05-11-2025,CRM
ADDR5707,CRM1707,Billing,90 Karol Bagh Market,Near Metro Station,Bangalore,Karnataka,India,120896,23-06-2025,CRM
ADDR5498,CRM1498,Billing,56 Chandni Chowk,Near City Center,Hyderabad,Telangana,India,837954,28-07-2024,CRM
ADDR5812,CRM1812,Billing,23 Brigade Rd,Opposite Mall,Chennai,Tamil Nadu,India,597440,19-12-2025,CRM
ADDR5023,CRM1023,Shipping,45 Marine Dr,Near Old Town,Delhi,Delhi,India,149405,22-04-2024,CRM
ADDR5572,CRM1572,Billing,23 Brigade Rd,Near Metro Station,Delhi,Delhi,India,678719,12-06-2024,CRM
ADDR5368,CRM1368,Shipping,44 Ashram Rd,Opposite Mall,Delhi,Delhi,India,565504,20-02-2026,CRM
ADDR5544,CRM1544,Billing,45 Marine Dr,Near Metro Station,Hyderabad,Telangana,India,555791,09-10-2024,CRM
ADDR5186,CRM1186,Shipping,34 JM Road,Next to Market,Ahmedabad,Gujarat,India,896907,22-02-2024,CRM
ADDR5311,CRM1311,Billing,44 Ashram Rd,,Ahmedabad,Gujarat,India,685066,25-11-2025,CRM
ADDR5338,CRM1338,Shipping,101 FC Rd,Near Old Town,Bangalore,Karnataka,India,256782,15-07-2025,CRM
ADDR5237,CRM1237,Shipping,12 MG Rd,Opposite Mall,Delhi,Delhi,India,803055,30-01-2026,CRM
ADDR5229,CRM1229,Billing,67 Law Garden Rd,Above Central Bank,Delhi,Delhi,India,859396,21-11-2025,CRM
ADDR5599,CRM1599,Shipping,78 Connaught Pl,Near City Center,Ahmedabad,Gujarat,India,245998,14-03-2026,CRM
ADDR5033,CRM1033,Billing,90 Karol Bagh Market,,Bangalore,Karnataka,India,189814,19-01-2026,CRM
ADDR5518,CRM1518,Shipping,45 Marine Dr,Opposite Mall,Jaipur,Rajasthan,India,525750,15-04-2025,CRM
ADDR5032,CRM1032,Shipping,67 Law Garden Rd,Near Old Town,Mumbai,Maharashtra,India,422451,02-09-2024,CRM
ADDR5596,CRM1596,Shipping,67 Law Garden Rd,,Pune,Maharashtra,India,571578,26-09-2024,CRM
ADDR5459,CRM1459,Shipping,77 Linking Rd,Above Central Bank,Hyderabad,Telangana,India,675914,27-04-2025,CRM
ADDR5651,CRM1651,Billing,55 MI Rd,Above Central Bank,Jaipur,Rajasthan,India,704663,04-10-2025,CRM
ADDR5666,CRM1666,Billing,88 Worli Sea Face,Above Central Bank,Ahmedabad,Gujarat,India,494552,25-01-2026,CRM
ADDR5657,CRM1657,Billing,44 Ashram Rd,Near Metro Station,Chennai,Tamil Nadu,India,536476,07-01-2026,CRM
ADDR5376,CRM1376,Shipping,67 Law Garden Rd,Near Metro Station,Jaipur,Rajasthan,India,846385,27-12-2025,CRM
ADDR5838,CRM1838,Billing,77 Linking Rd,Above Central Bank,Kolkata,West Bengal,India,861949,11-09-2024,CRM
ADDR5140,CRM1140,Shipping,101 FC Rd,Near Old Town,Jaipur,Rajasthan,India,587282,06-08-2025,CRM
ADDR5800,CRM1800,Billing,56 Chandni Chowk,Opposite Mall,Kolkata,West Bengal,India,114760,25-11-2024,CRM
ADDR5909,CRM1909,Billing,55 MI Rd,Near Old Town,Surat,Gujarat,India,558936,25-01-2025,CRM
ADDR5403,CRM1403,Billing,45 Marine Dr,Next to Market,Hyderabad,Telangana,India,629996,13-04-2025,CRM
ADDR5565,CRM1565,Billing,12 MG Rd,Opposite Mall,Kolkata,West Bengal,India,510133,19-04-2025,CRM
ADDR5072,CRM1072,Shipping,78 Connaught Pl,Above Central Bank,Delhi,Delhi,India,563298,18-07-2025,CRM
ADDR5160,CRM1160,Billing,78 Connaught Pl,Near Old Town,Bangalore,Karnataka,India,690180,07-11-2024,CRM
ADDR5795,CRM1795,Shipping,44 Ashram Rd,Above Central Bank,Mumbai,Maharashtra,India,285413,16-11-2024,CRM
ADDR5692,CRM1692,Shipping,78 Connaught Pl,,Jaipur,Rajasthan,India,743937,26-09-2025,CRM
ADDR5675,CRM1675,Billing,88 Worli Sea Face,Near Old Town,Pune,Maharashtra,India,713110,21-04-2024,CRM
ADDR5941,CRM1941,Shipping,77 Linking Rd,Next to Market,Pune,Maharashtra,India,576728,17-02-2024,CRM
ADDR5144,CRM1144,Billing,45 Marine Dr,Near Metro Station,Bangalore,Karnataka,India,855053,20-02-2025,CRM
ADDR5173,CRM1173,Shipping,45 Marine Dr,Next to Market,Jaipur,Rajasthan,India,822131,07-11-2024,CRM
ADDR5658,CRM1658,Shipping,67 Law Garden Rd,,Ahmedabad,Gujarat,India,699298,16-01-2025,CRM
ADDR5455,CRM1455,Shipping,34 JM Road,Opposite Mall,Bangalore,Karnataka,India,826420,29-08-2024,CRM
ADDR5710,CRM1710,Billing,90 Karol Bagh Market,Above Central Bank,Bangalore,Karnataka,India,248533,03-03-2026,CRM
ADDR5776,CRM1776,Billing,12 MG Rd,Opposite Mall,Jaipur,Rajasthan,India,810091,17-06-2025,CRM
ADDR5406,CRM1406,Shipping,23 Brigade Rd,,Hyderabad,Telangana,India,988324,20-04-2024,CRM
ADDR5886,CRM1886,Shipping,90 Karol Bagh Market,,Delhi,Delhi,India,911242,02-10-2025,CRM
ADDR5738,CRM1738,Shipping,78 Connaught Pl,Opposite Mall,Mumbai,Maharashtra,India,499974,13-01-2025,CRM
ADDR5786,CRM1786,Billing,55 MI Rd,,Delhi,Delhi,India,593649,11-05-2024,CRM
ADDR5877,CRM1877,Shipping,56 Chandni Chowk,Above Central Bank,Pune,Maharashtra,India,149261,25-01-2025,CRM
ADDR5230,CRM1230,Shipping,45 Marine Dr,Near Old Town,Chennai,Tamil Nadu,India,513741,15-01-2024,CRM
ADDR5067,CRM1067,Billing,55 MI Rd,,Mumbai,Maharashtra,India,212235,30-01-2026,CRM
ADDR5003,CRM1003,Shipping,12 Residency Rd,,Surat,Gujarat,India,198246,11-08-2024,CRM
ADDR5077,CRM1077,Shipping,88 Worli Sea Face,Near City Center,Mumbai,Maharashtra,India,526117,27-09-2025,CRM
ADDR5122,CRM1122,Billing,55 MI Rd,Next to Market,Delhi,Delhi,India,443254,04-08-2024,CRM
ADDR5218,CRM1218,Billing,101 FC Rd,Next to Market,Hyderabad,Telangana,India,699704,02-01-2025,CRM
ADDR5262,CRM1262,Shipping,44 Ashram Rd,Above Central Bank,Ahmedabad,Gujarat,India,367271,18-01-2025,CRM
ADDR5329,CRM1329,Shipping,12 Residency Rd,Above Central Bank,Delhi,Delhi,India,603935,15-01-2025,CRM
ADDR5115,CRM1115,Billing,67 Law Garden Rd,Near Old Town,Chennai,Tamil Nadu,India,703655,24-01-2025,CRM
ADDR5116,CRM1116,Billing,44 Ashram Rd,Opposite Mall,Hyderabad,Telangana,India,890075,03-02-2025,CRM
ADDR5448,CRM1448,Billing,56 Chandni Chowk,Next to Market,Ahmedabad,Gujarat,India,779776,20-09-2024,CRM
ADDR5831,CRM1831,Billing,45 Marine Dr,Near Metro Station,Chennai,Tamil Nadu,India,829987,13-01-2026,CRM
ADDR5865,CRM1865,Shipping,67 Law Garden Rd,Above Central Bank,Kolkata,West Bengal,India,674416,17-11-2024,CRM
ADDR5296,CRM1296,Billing,78 Connaught Pl,Opposite Mall,Pune,Maharashtra,India,306854,26-06-2024,CRM
ADDR5556,CRM1556,Shipping,67 Law Garden Rd,Above Central Bank,Hyderabad,Telangana,India,172518,25-03-2026,CRM
ADDR5525,CRM1525,Billing,78 Connaught Pl,Near Old Town,Jaipur,Rajasthan,India,429761,17-01-2024,CRM
ADDR5111,CRM1111,Shipping,101 FC Rd,Opposite Mall,Mumbai,Maharashtra,India,452161,23-11-2024,CRM
ADDR5887,CRM1887,Shipping,12 MG Rd,Near Old Town,Surat,Gujarat,India,700495,17-07-2025,CRM
ADDR5297,CRM1297,Billing,88 Worli Sea Face,Near Old Town,Surat,Gujarat,India,787351,18-03-2024,CRM
ADDR5441,CRM1441,Shipping,44 Ashram Rd,Opposite Mall,Pune,Maharashtra,India,777273,01-03-2024,CRM
ADDR5330,CRM1330,Billing,56 Chandni Chowk,Near Old Town,Kolkata,West Bengal,India,640970,07-05-2024,CRM
ADDR5305,CRM1305,Billing,12 MG Rd,Near Old Town,Hyderabad,Telangana,India,699425,29-10-2025,CRM
ADDR5504,CRM1504,Shipping,55 MI Rd,Near Metro Station,Kolkata,West Bengal,India,305721,03-12-2024,CRM
ADDR5114,CRM1114,Shipping,77 Linking Rd,,Kolkata,West Bengal,India,316881,06-03-2025,CRM
ADDR5770,CRM1770,Shipping,12 Residency Rd,Next to Market,Mumbai,Maharashtra,India,152062,15-06-2024,CRM
ADDR5567,CRM1567,Shipping,45 Marine Dr,,Jaipur,Rajasthan,India,971699,17-01-2026,CRM
ADDR5528,CRM1528,Shipping,77 Linking Rd,Near Old Town,Chennai,Tamil Nadu,India,875679,23-05-2024,CRM
ADDR5928,CRM1928,Shipping,23 Brigade Rd,,Jaipur,Rajasthan,India,284308,23-10-2025,CRM
ADDR5646,CRM1646,Billing,55 MI Rd,Above Central Bank,Hyderabad,Telangana,India,877722,04-11-2025,CRM
ADDR5271,CRM1271,Billing,90 Karol Bagh Market,Above Central Bank,Surat,Gujarat,India,969752,11-12-2025,CRM
ADDR5685,CRM1685,Billing,12 Residency Rd,,Delhi,Delhi,India,970708,10-03-2026,CRM
ADDR5043,CRM1043,Billing,56 Chandni Chowk,Near City Center,Kolkata,West Bengal,India,704201,29-04-2025,CRM
ADDR5438,CRM1438,Billing,12 Residency Rd,,Pune,Maharashtra,India,533377,04-12-2024,CRM
ADDR5702,CRM1702,Billing,90 Karol Bagh Market,Near Old Town,Bangalore,Karnataka,India,936124,01-02-2025,CRM
ADDR5118,CRM1118,Billing,77 Linking Rd,Opposite Mall,Hyderabad,Telangana,India,801364,26-11-2025,CRM
ADDR5092,CRM1092,Shipping,34 JM Road,Next to Market,Jaipur,Rajasthan,India,442027,16-02-2025,CRM
ADDR5148,CRM1148,Shipping,12 MG Rd,Near City Center,Surat,Gujarat,India,656711,18-12-2024,CRM
ADDR5222,CRM1222,Shipping,101 FC Rd,Above Central Bank,Pune,Maharashtra,India,299367,27-09-2025,CRM
ADDR5190,CRM1190,Billing,101 FC Rd,Near Old Town,Chennai,Tamil Nadu,India,218972,17-04-2025,CRM
ADDR5759,CRM1759,Billing,55 MI Rd,Above Central Bank,Pune,Maharashtra,India,564635,03-03-2026,CRM
ADDR5609,CRM1609,Shipping,12 MG Rd,Opposite Mall,Ahmedabad,Gujarat,India,710224,03-01-2024,CRM
ADDR5791,CRM1791,Billing,12 MG Rd,Near Metro Station,Surat,Gujarat,India,624788,02-05-2024,CRM
ADDR5161,CRM1161,Billing,45 Marine Dr,Near City Center,Mumbai,Maharashtra,India,901577,02-03-2025,CRM
ADDR5420,CRM1420,Shipping,55 MI Rd,Above Central Bank,Bangalore,Karnataka,India,920934,05-03-2026,CRM
ADDR5064,CRM1064,Billing,44 Ashram Rd,,Jaipur,Rajasthan,India,356150,13-01-2025,CRM
ADDR5213,CRM1213,Billing,12 MG Rd,Near City Center,Chennai,Tamil Nadu,India,250069,25-08-2024,CRM
ADDR5856,CRM1856,Shipping,101 FC Rd,Next to Market,Mumbai,Maharashtra,India,964607,11-03-2026,CRM
ADDR5878,CRM1878,Shipping,88 Worli Sea Face,Above Central Bank,Chennai,Tamil Nadu,India,427841,19-07-2025,CRM
ADDR5332,CRM1332,Billing,67 Law Garden Rd,Next to Market,Kolkata,West Bengal,India,196168,15-08-2024,CRM
ADDR5445,CRM1445,Shipping,90 Karol Bagh Market,Near City Center,Bangalore,Karnataka,India,212512,09-12-2024,CRM
ADDR5704,CRM1704,Billing,56 Chandni Chowk,Above Central Bank,Ahmedabad,Gujarat,India,468765,04-08-2025,CRM
ADDR5060,CRM1060,Shipping,55 MI Rd,Near Metro Station,Surat,Gujarat,India,802258,03-01-2026,CRM
ADDR5219,CRM1219,Shipping,56 Chandni Chowk,Opposite Mall,Surat,Gujarat,India,123005,05-11-2025,CRM
ADDR5263,CRM1263,Shipping,45 Marine Dr,,Delhi,Delhi,India,972176,28-03-2024,CRM
ADDR5133,CRM1133,Billing,88 Worli Sea Face,Near City Center,Surat,Gujarat,India,920652,12-02-2024,CRM
ADDR5567,CRM1567,Shipping,45 Marine Dr,,Jaipur,Rajasthan,India,971699,17-01-2026,CRM
ADDR5020,CRM1020,Shipping,34 JM Road,Next to Market,Hyderabad,Telangana,India,249811,28-09-2024,CRM
ADDR5664,CRM1664,Billing,78 Connaught Pl,,Pune,Maharashtra,India,529954,25-01-2024,CRM
ADDR5916,CRM1916,Billing,77 Linking Rd,Above Central Bank,Ahmedabad,Gujarat,India,992819,08-06-2025,CRM
ADDR5635,CRM1635,Shipping,77 Linking Rd,,Pune,Maharashtra,India,352792,26-05-2025,CRM
ADDR5136,CRM1136,Shipping,44 Ashram Rd,Above Central Bank,Mumbai,Maharashtra,India,968962,15-04-2025,CRM
ADDR5786,CRM1786,Billing,55 MI Rd,,Delhi,Delhi,India,593649,11-05-2024,CRM
ADDR5481,CRM1481,Billing,77 Linking Rd,Next to Market,Pune,Maharashtra,India,345722,06-07-2025,CRM
ADDR5015,CRM1015,Billing,23 Brigade Rd,Above Central Bank,Mumbai,Maharashtra,India,356702,16-06-2024,CRM
ADDR5182,CRM1182,Shipping,34 JM Road,Next to Market,Hyderabad,Telangana,India,953085,17-02-2026,CRM
ADDR5259,CRM1259,Shipping,45 Marine Dr,Near Old Town,Hyderabad,Telangana,India,835869,27-04-2024,CRM
ADDR5344,CRM1344,Shipping,78 Connaught Pl,Above Central Bank,Pune,Maharashtra,India,800674,28-03-2024,CRM
ADDR5143,CRM1143,Shipping,90 Karol Bagh Market,Above Central Bank,Ahmedabad,Gujarat,India,389688,23-07-2025,CRM
ADDR5584,CRM1584,Shipping,77 Linking Rd,Near City Center,Delhi,Delhi,India,244564,11-08-2025,CRM
ADDR5798,CRM1798,Billing,90 Karol Bagh Market,Next to Market,Mumbai,Maharashtra,India,764259,15-03-2025,CRM
ADDR5164,CRM1164,Billing,90 Karol Bagh Market,Above Central Bank,Surat,Gujarat,India,204053,20-02-2026,CRM
ADDR5827,CRM1827,Billing,34 JM Road,Above Central Bank,Bangalore,Karnataka,India,278795,02-12-2024,CRM
ADDR5336,CRM1336,Billing,78 Connaught Pl,,Ahmedabad,Gujarat,India,400814,28-04-2025,CRM
ADDR5550,CRM1550,Billing,55 MI Rd,Opposite Mall,Surat,Gujarat,India,732512,12-12-2025,CRM
ADDR5602,CRM1602,Shipping,90 Karol Bagh Market,Opposite Mall,Jaipur,Rajasthan,India,999695,10-06-2025,CRM
ADDR5867,CRM1867,Shipping,34 JM Road,Near Metro Station,Jaipur,Rajasthan,India,844904,27-10-2025,CRM
ADDR5508,CRM1508,Billing,56 Chandni Chowk,Near City Center,Delhi,Delhi,India,612036,07-07-2024,CRM
ADDR5019,CRM1019,Billing,90 Karol Bagh Market,Above Central Bank,Mumbai,Maharashtra,India,429963,05-08-2024,CRM
ADDR5285,CRM1285,Billing,78 Connaught Pl,Next to Market,Chennai,Tamil Nadu,India,658453,21-12-2025,CRM
ADDR5476,CRM1476,Shipping,23 Brigade Rd,Next to Market,Kolkata,West Bengal,India,963355,23-08-2024,CRM
ADDR5451,CRM1451,Shipping,23 Brigade Rd,Opposite Mall,Chennai,Tamil Nadu,India,190951,14-02-2025,CRM
ADDR5728,CRM1728,Billing,77 Linking Rd,Near Metro Station,Ahmedabad,Gujarat,India,867541,17-03-2024,CRM
ADDR5661,CRM1661,Shipping,45 Marine Dr,Near City Center,Jaipur,Rajasthan,India,578933,09-01-2024,CRM
ADDR5537,CRM1537,Shipping,12 MG Rd,Opposite Mall,Bangalore,Karnataka,India,898329,03-10-2024,CRM
ADDR5653,CRM1653,Billing,44 Ashram Rd,Near Metro Station,Hyderabad,Telangana,India,367508,02-03-2026,CRM
ADDR5777,CRM1777,Shipping,90 Karol Bagh Market,,Surat,Gujarat,India,107704,07-06-2025,CRM
ADDR5345,CRM1345,Shipping,45 Marine Dr,Near City Center,Kolkata,West Bengal,India,670511,03-06-2025,CRM
ADDR5246,CRM1246,Billing,67 Law Garden Rd,Near Old Town,Pune,Maharashtra,India,344316,02-12-2024,CRM
ADDR5126,CRM1126,Billing,101 FC Rd,Near Metro Station,Bangalore,Karnataka,India,979995,21-01-2024,CRM
ADDR5335,CRM1335,Billing,44 Ashram Rd,,Pune,Maharashtra,India,979940,01-01-2026,CRM
ADDR5834,CRM1834,Billing,67 Law Garden Rd,Above Central Bank,Ahmedabad,Gujarat,India,979269,14-01-2026,CRM
ADDR5215,CRM1215,Shipping,34 JM Road,Near City Center,Hyderabad,Telangana,India,265649,16-03-2024,CRM
ADDR5756,CRM1756,Billing,56 Chandni Chowk,Next to Market,Pune,Maharashtra,India,381631,16-01-2025,CRM
ADDR5467,CRM1467,Shipping,34 JM Road,Near Old Town,Bangalore,Karnataka,India,423139,10-01-2026,CRM
ADDR5280,CRM1280,Billing,44 Ashram Rd,Next to Market,Pune,Maharashtra,India,216276,17-10-2024,CRM
ADDR5395,CRM1395,Shipping,77 Linking Rd,Next to Market,Delhi,Delhi,India,587002,27-07-2024,CRM
ADDR5050,CRM1050,Billing,34 JM Road,Near City Center,Mumbai,Maharashtra,India,976638,16-01-2024,CRM
ADDR5897,CRM1897,Billing,55 MI Rd,Above Central Bank,Hyderabad,Telangana,India,301863,24-11-2024,CRM
ADDR5028,CRM1028,Shipping,78 Connaught Pl,Next to Market,Jaipur,Rajasthan,India,103402,09-01-2026,CRM
ADDR5052,CRM1052,Shipping,12 Residency Rd,Near Metro Station,Pune,Maharashtra,India,497382,03-01-2024,CRM
ADDR5662,CRM1662,Billing,55 MI Rd,Near City Center,Ahmedabad,Gujarat,India,922615,07-11-2024,CRM
ADDR5444,CRM1444,Billing,56 Chandni Chowk,Near Old Town,Hyderabad,Telangana,India,403528,08-02-2024,CRM
ADDR5307,CRM1307,Shipping,45 Marine Dr,Near Old Town,Bangalore,Karnataka,India,978053,17-12-2024,CRM
ADDR5843,CRM1843,Billing,23 Brigade Rd,Above Central Bank,Kolkata,West Bengal,India,497030,16-02-2025,CRM
ADDR5214,CRM1214,Shipping,12 MG Rd,Opposite Mall,Hyderabad,Telangana,India,799233,10-01-2024,CRM
ADDR5457,CRM1457,Shipping,56 Chandni Chowk,,Kolkata,West Bengal,India,769737,29-10-2024,CRM
ADDR5350,CRM1350,Billing,67 Law Garden Rd,Near Old Town,Ahmedabad,Gujarat,India,817941,20-04-2025,CRM
ADDR5527,CRM1527,Shipping,78 Connaught Pl,Near City Center,Mumbai,Maharashtra,India,352153,03-08-2025,CRM
ADDR5478,CRM1478,Billing,88 Worli Sea Face,Above Central Bank,Mumbai,Maharashtra,India,539605,21-09-2025,CRM
ADDR5025,CRM1025,Shipping,77 Linking Rd,Near City Center,Mumbai,Maharashtra,India,590785,25-06-2025,CRM
ADDR5771,CRM1771,Billing,67 Law Garden Rd,Near Metro Station,Surat,Gujarat,India,778827,18-08-2024,CRM
ADDR5576,CRM1576,Billing,101 FC Rd,Opposite Mall,Bangalore,Karnataka,India,888870,21-12-2025,CRM
ADDR5398,CRM1398,Billing,44 Ashram Rd,Near Metro Station,Kolkata,West Bengal,India,589131,05-05-2024,CRM
ADDR5105,CRM1105,Shipping,12 Residency Rd,Near City Center,Kolkata,West Bengal,India,361303,04-05-2024,CRM
ADDR5732,CRM1732,Shipping,34 JM Road,Opposite Mall,Chennai,Tamil Nadu,India,411847,31-08-2024,CRM
ADDR5073,CRM1073,Billing,45 Marine Dr,,Chennai,Tamil Nadu,India,824586,01-06-2024,CRM
ADDR5157,CRM1157,Billing,90 Karol Bagh Market,Opposite Mall,Mumbai,Maharashtra,India,592198,05-05-2025,CRM
ADDR5040,CRM1040,Billing,45 Marine Dr,Above Central Bank,Pune,Maharashtra,India,761759,01-03-2024,CRM
ADDR5401,CRM1401,Shipping,90 Karol Bagh Market,Above Central Bank,Delhi,Delhi,India,427905,13-07-2024,CRM
ADDR5197,CRM1197,Shipping,44 Ashram Rd,Near City Center,Hyderabad,Telangana,India,899929,10-07-2025,CRM
ADDR5310,CRM1310,Shipping,34 JM Road,Near City Center,Chennai,Tamil Nadu,India,154909,19-03-2026,CRM
ADDR5775,CRM1775,Shipping,77 Linking Rd,Near Old Town,Jaipur,Rajasthan,India,465648,15-04-2025,CRM
ADDR5428,CRM1428,Shipping,34 JM Road,Near Old Town,Ahmedabad,Gujarat,India,855944,28-11-2025,CRM
ADDR5874,CRM1874,Billing,88 Worli Sea Face,Near City Center,Jaipur,Rajasthan,India,133875,02-01-2025,CRM
ADDR5100,CRM1100,Billing,88 Worli Sea Face,Near Metro Station,Jaipur,Rajasthan,India,254511,26-01-2024,CRM
ADDR5210,CRM1210,Shipping,88 Worli Sea Face,,Bangalore,Karnataka,India,407618,02-01-2025,CRM
ADDR5471,CRM1471,Billing,88 Worli Sea Face,Near Metro Station,Chennai,Tamil Nadu,India,903028,18-10-2025,CRM
ADDR5942,CRM1942,Shipping,45 Marine Dr,Above Central Bank,Bangalore,Karnataka,India,646699,10-10-2025,CRM
ADDR5169,CRM1169,Billing,34 JM Road,Near Metro Station,Hyderabad,Telangana,India,377405,17-03-2026,CRM
ADDR5593,CRM1593,Billing,90 Karol Bagh Market,,Hyderabad,Telangana,India,380901,04-03-2026,CRM
ADDR5492,CRM1492,Billing,77 Linking Rd,Near Metro Station,Kolkata,West Bengal,India,367382,27-07-2024,CRM
ADDR5650,CRM1650,Billing,88 Worli Sea Face,,Jaipur,Rajasthan,India,451284,15-03-2025,CRM
ADDR5429,CRM1429,Shipping,101 FC Rd,Near Metro Station,Jaipur,Rajasthan,India,392559,25-07-2025,CRM
ADDR5187,CRM1187,Shipping,23 Brigade Rd,Near Metro Station,Pune,Maharashtra,India,402020,24-03-2025,CRM
ADDR5397,CRM1397,Shipping,78 Connaught Pl,Near Old Town,Ahmedabad,Gujarat,India,488539,11-06-2025,CRM
ADDR5095,CRM1095,Shipping,101 FC Rd,Next to Market,Jaipur,Rajasthan,India,923927,16-08-2025,CRM
ADDR5593,CRM1593,Billing,90 Karol Bagh Market,,Hyderabad,Telangana,India,380901,04-03-2026,CRM
ADDR5949,CRM1949,Billing,34 JM Road,Near Metro Station,Ahmedabad,Gujarat,India,534753,04-12-2024,CRM
ADDR5474,CRM1474,Shipping,23 Brigade Rd,Near Metro Station,Delhi,Delhi,India,863214,16-08-2024,CRM
ADDR5233,CRM1233,Shipping,12 Residency Rd,Near City Center,Pune,Maharashtra,India,688678,01-12-2024,CRM
ADDR5480,CRM1480,Shipping,90 Karol Bagh Market,Above Central Bank,Bangalore,Karnataka,India,837449,19-02-2024,CRM
ADDR5433,CRM1433,Shipping,67 Law Garden Rd,Opposite Mall,Chennai,Tamil Nadu,India,910616,29-05-2024,CRM
ADDR5152,CRM1152,Billing,101 FC Rd,Above Central Bank,Delhi,Delhi,India,607719,10-10-2024,CRM
ADDR5231,CRM1231,Billing,12 MG Rd,Opposite Mall,Jaipur,Rajasthan,India,805511,05-02-2026,CRM
ADDR5309,CRM1309,Billing,44 Ashram Rd,Opposite Mall,Hyderabad,Telangana,India,396635,31-01-2025,CRM
ADDR5412,CRM1412,Shipping,88 Worli Sea Face,Near Metro Station,Ahmedabad,Gujarat,India,308727,08-09-2025,CRM
ADDR5083,CRM1083,Billing,12 Residency Rd,Above Central Bank,Pune,Maharashtra,India,302511,12-02-2025,CRM
ADDR5141,CRM1141,Shipping,44 Ashram Rd,,Surat,Gujarat,India,618317,28-11-2024,CRM
ADDR5240,CRM1240,Billing,56 Chandni Chowk,Opposite Mall,Jaipur,Rajasthan,India,327823,30-03-2025,CRM
ADDR5340,CRM1340,Billing,12 Residency Rd,Near Metro Station,Jaipur,Rajasthan,India,540218,16-10-2025,CRM
ADDR5581,CRM1581,Billing,67 Law Garden Rd,Above Central Bank,Surat,Gujarat,India,840282,30-03-2026,CRM
ADDR5427,CRM1427,Shipping,44 Ashram Rd,Near Metro Station,Hyderabad,Telangana,India,581992,29-06-2025,CRM
ADDR5538,CRM1538,Billing,45 Marine Dr,Near Metro Station,Mumbai,Maharashtra,India,551914,04-04-2025,CRM
ADDR5251,CRM1251,Shipping,23 Brigade Rd,,Delhi,Delhi,India,881886,06-03-2024,CRM
ADDR5743,CRM1743,Shipping,23 Brigade Rd,Above Central Bank,Kolkata,West Bengal,India,597889,09-08-2025,CRM
ADDR5151,CRM1151,Billing,56 Chandni Chowk,Near City Center,Ahmedabad,Gujarat,India,899213,07-12-2025,CRM
ADDR5758,CRM1758,Shipping,67 Law Garden Rd,Above Central Bank,Jaipur,Rajasthan,India,818119,10-04-2024,CRM
ADDR5249,CRM1249,Billing,12 Residency Rd,Opposite Mall,Bangalore,Karnataka,India,928358,18-03-2026,CRM
ADDR5587,CRM1587,Shipping,90 Karol Bagh Market,,Ahmedabad,Gujarat,India,476479,10-01-2024,CRM
ADDR5506,CRM1506,Shipping,55 MI Rd,Near Old Town,Kolkata,West Bengal,India,961501,15-05-2025,CRM
ADDR5069,CRM1069,Billing,34 JM Road,Above Central Bank,Ahmedabad,Gujarat,India,994343,27-09-2024,CRM
ADDR5903,CRM1903,Shipping,23 Brigade Rd,,Delhi,Delhi,India,702891,21-08-2024,CRM
ADDR5797,CRM1797,Billing,12 MG Rd,Near Old Town,Delhi,Delhi,India,900660,09-03-2026,CRM
ADDR5832,CRM1832,Billing,45 Marine Dr,Next to Market,Bangalore,Karnataka,India,719446,09-05-2025,CRM
ADDR5402,CRM1402,Shipping,23 Brigade Rd,Next to Market,Delhi,Delhi,India,622987,11-11-2024,CRM
ADDR5386,CRM1386,Shipping,56 Chandni Chowk,Near Metro Station,Delhi,Delhi,India,462831,15-06-2025,CRM
ADDR5514,CRM1514,Shipping,12 Residency Rd,,Kolkata,West Bengal,India,655134,09-01-2026,CRM
ADDR5286,CRM1286,Shipping,45 Marine Dr,Next to Market,Pune,Maharashtra,India,878086,13-02-2024,CRM
ADDR5163,CRM1163,Shipping,67 Law Garden Rd,Near City Center,Hyderabad,Telangana,India,549660,08-11-2024,CRM
ADDR5383,CRM1383,Shipping,78 Connaught Pl,Near Old Town,Hyderabad,Telangana,India,918164,18-07-2025,CRM
ADDR5757,CRM1757,Shipping,67 Law Garden Rd,Near Old Town,Bangalore,Karnataka,India,417776,14-11-2024,CRM
ADDR5388,CRM1388,Billing,34 JM Road,Opposite Mall,Jaipur,Rajasthan,India,744274,30-06-2025,CRM
ADDR5055,CRM1055,Billing,56 Chandni Chowk,Opposite Mall,Bangalore,Karnataka,India,159942,21-02-2024,CRM
ADDR5275,CRM1275,Billing,56 Chandni Chowk,Near City Center,Bangalore,Karnataka,India,325583,20-01-2025,CRM
ADDR5079,CRM1079,Billing,78 Connaught Pl,Above Central Bank,Chennai,Tamil Nadu,India,448321,12-03-2026,CRM
ADDR5868,CRM1868,Shipping,56 Chandni Chowk,,Delhi,Delhi,India,897730,26-12-2024,CRM
ADDR5301,CRM1301,Billing,12 MG Rd,Next to Market,Hyderabad,Telangana,India,762055,06-11-2024,CRM
ADDR5031,CRM1031,Billing,90 Karol Bagh Market,Opposite Mall,Kolkata,West Bengal,India,612340,20-01-2024,CRM
ADDR5817,CRM1817,Billing,90 Karol Bagh Market,Near Metro Station,Hyderabad,Telangana,India,915749,26-09-2024,CRM
ADDR5638,CRM1638,Billing,88 Worli Sea Face,Next to Market,Ahmedabad,Gujarat,India,907788,15-03-2024,CRM
ADDR5637,CRM1637,Shipping,67 Law Garden Rd,Near Old Town,Delhi,Delhi,India,695990,06-03-2025,CRM
ADDR5679,CRM1679,Billing,88 Worli Sea Face,Above Central Bank,Mumbai,Maharashtra,India,418992,22-12-2025,CRM
ADDR5354,CRM1354,Shipping,55 MI Rd,,Kolkata,West Bengal,India,889882,24-10-2025,CRM
ADDR5647,CRM1647,Billing,12 Residency Rd,Above Central Bank,Delhi,Delhi,India,243876,19-12-2025,CRM
ADDR5934,CRM1934,Shipping,77 Linking Rd,Near Metro Station,Delhi,Delhi,India,909652,26-08-2025,CRM
ADDR5477,CRM1477,Shipping,44 Ashram Rd,Near Metro Station,Pune,Maharashtra,India,389039,12-07-2024,CRM
ADDR5453,CRM1453,Shipping,77 Linking Rd,Near Metro Station,Bangalore,Karnataka,India,568436,10-02-2026,CRM
ADDR5244,CRM1244,Billing,12 Residency Rd,Near Old Town,Surat,Gujarat,India,449709,06-09-2024,CRM
ADDR5298,CRM1298,Shipping,12 MG Rd,Near Old Town,Delhi,Delhi,India,691119,17-02-2026,CRM
ADDR5337,CRM1337,Shipping,12 MG Rd,Near City Center,Delhi,Delhi,India,105506,22-03-2024,CRM
ADDR5610,CRM1610,Shipping,34 JM Road,Above Central Bank,Mumbai,Maharashtra,India,831160,01-01-2025,CRM
ADDR5585,CRM1585,Shipping,78 Connaught Pl,Next to Market,Chennai,Tamil Nadu,India,766371,04-07-2025,CRM
ADDR5849,CRM1849,Shipping,44 Ashram Rd,Near Old Town,Hyderabad,Telangana,India,156911,16-08-2024,CRM
ADDR5752,CRM1752,Billing,45 Marine Dr,Near City Center,Surat,Gujarat,India,917411,13-04-2024,CRM
ADDR5300,CRM1300,Shipping,67 Law Garden Rd,Above Central Bank,Surat,Gujarat,India,431495,03-06-2024,CRM
ADDR5890,CRM1890,Shipping,23 Brigade Rd,Near City Center,Delhi,Delhi,India,523013,04-04-2024,CRM
ADDR5532,CRM1532,Shipping,101 FC Rd,Opposite Mall,Hyderabad,Telangana,India,679902,19-01-2025,CRM
ADDR5851,CRM1851,Shipping,56 Chandni Chowk,Next to Market,Hyderabad,Telangana,India,219562,09-04-2024,CRM
ADDR5167,CRM1167,Shipping,56 Chandni Chowk,Near City Center,Chennai,Tamil Nadu,India,592738,25-10-2024,CRM
ADDR5904,CRM1904,Shipping,77 Linking Rd,Next to Market,Jaipur,Rajasthan,India,760830,18-02-2025,CRM
ADDR5937,CRM1937,Billing,88 Worli Sea Face,Near City Center,Surat,Gujarat,India,247189,01-04-2025,CRM
ADDR5058,CRM1058,Billing,77 Linking Rd,,Mumbai,Maharashtra,India,697347,09-09-2024,CRM
ADDR5439,CRM1439,Billing,34 JM Road,Near Old Town,Hyderabad,Telangana,India,244144,06-01-2024,CRM
ADDR5606,CRM1606,Shipping,78 Connaught Pl,Near City Center,Chennai,Tamil Nadu,India,763121,02-10-2024,CRM
ADDR5633,CRM1633,Billing,23 Brigade Rd,Near City Center,Jaipur,Rajasthan,India,634273,12-07-2024,CRM
ADDR5769,CRM1769,Shipping,44 Ashram Rd,Near Metro Station,Kolkata,West Bengal,India,978343,21-09-2024,CRM
ADDR5153,CRM1153,Shipping,45 Marine Dr,Near Old Town,Surat,Gujarat,India,303547,30-10-2024,CRM
ADDR5936,CRM1936,Shipping,23 Brigade Rd,,Chennai,Tamil Nadu,India,794868,01-09-2024,CRM
ADDR5487,CRM1487,Billing,44 Ashram Rd,Above Central Bank,Hyderabad,Telangana,India,803953,25-01-2025,CRM
ADDR5877,CRM1877,Shipping,56 Chandni Chowk,Above Central Bank,Pune,Maharashtra,India,149261,25-01-2025,CRM
ADDR5355,CRM1355,Shipping,44 Ashram Rd,Near Old Town,Pune,Maharashtra,India,918771,18-02-2024,CRM
ADDR5725,CRM1725,Billing,67 Law Garden Rd,Next to Market,Chennai,Tamil Nadu,India,927043,14-08-2025,CRM
ADDR5804,CRM1804,Billing,55 MI Rd,Opposite Mall,Mumbai,Maharashtra,India,578073,15-01-2026,CRM
ADDR5022,CRM1022,Shipping,90 Karol Bagh Market,Next to Market,Surat,Gujarat,India,479580,12-08-2024,CRM
ADDR5689,CRM1689,Billing,12 MG Rd,,Mumbai,Maharashtra,India,276149,10-08-2025,CRM
ADDR5730,CRM1730,Shipping,34 JM Road,Near Metro Station,Bangalore,Karnataka,India,736818,20-03-2025,CRM
ADDR5837,CRM1837,Billing,34 JM Road,Near Old Town,Kolkata,West Bengal,India,454733,15-06-2025,CRM
ADDR5644,CRM1644,Billing,55 MI Rd,Above Central Bank,Chennai,Tamil Nadu,India,558737,17-01-2026,CRM
ADDR5857,CRM1857,Shipping,45 Marine Dr,Near Old Town,Pune,Maharashtra,India,534603,17-02-2024,CRM
ADDR5745,CRM1745,Billing,45 Marine Dr,Near Old Town,Bangalore,Karnataka,India,570852,26-06-2024,CRM
ADDR5360,CRM1360,Shipping,44 Ashram Rd,,Kolkata,West Bengal,India,183958,01-12-2024,CRM
ADDR5341,CRM1341,Shipping,45 Marine Dr,,Surat,Gujarat,India,977330,26-05-2025,CRM
ADDR5594,CRM1594,Shipping,23 Brigade Rd,Near Old Town,Kolkata,West Bengal,India,893547,12-02-2024,CRM
ADDR5605,CRM1605,Shipping,67 Law Garden Rd,Near Metro Station,Delhi,Delhi,India,898462,23-11-2025,CRM
ADDR5741,CRM1741,Billing,45 Marine Dr,Above Central Bank,Delhi,Delhi,India,460491,08-07-2025,CRM
ADDR5603,CRM1603,Billing,88 Worli Sea Face,Near Old Town,Mumbai,Maharashtra,India,531589,01-03-2024,CRM
ADDR5018,CRM1018,Billing,88 Worli Sea Face,Opposite Mall,Pune,Maharashtra,India,520651,01-10-2024,CRM
ADDR5127,CRM1127,Billing,101 FC Rd,Near Metro Station,Surat,Gujarat,India,596564,16-11-2025,CRM
ADDR5482,CRM1482,Billing,78 Connaught Pl,Near City Center,Pune,Maharashtra,India,403314,27-08-2024,CRM
ADDR5198,CRM1198,Shipping,44 Ashram Rd,Near Old Town,Chennai,Tamil Nadu,India,297816,15-12-2025,CRM
ADDR5066,CRM1066,Billing,34 JM Road,Near Old Town,Jaipur,Rajasthan,India,681542,02-11-2024,CRM
ADDR5063,CRM1063,Billing,45 Marine Dr,Near City Center,Hyderabad,Telangana,India,323508,02-06-2025,CRM
ADDR5126,CRM1126,Billing,101 FC Rd,Near Metro Station,Bangalore,Karnataka,India,979995,21-01-2024,CRM
ADDR5196,CRM1196,Shipping,67 Law Garden Rd,Near Metro Station,Jaipur,Rajasthan,India,568238,05-07-2025,CRM
ADDR5546,CRM1546,Billing,56 Chandni Chowk,Above Central Bank,Jaipur,Rajasthan,India,619886,31-08-2025,CRM
ADDR5789,CRM1789,Shipping,55 MI Rd,Near City Center,Ahmedabad,Gujarat,India,408334,19-04-2025,CRM
ADDR5016,CRM1016,Shipping,55 MI Rd,Above Central Bank,Hyderabad,Telangana,India,821590,24-07-2025,CRM
ADDR5128,CRM1128,Billing,12 MG Rd,Above Central Bank,Mumbai,Maharashtra,India,368690,24-02-2026,CRM
ADDR5857,CRM1857,Shipping,45 Marine Dr,Near Old Town,Pune,Maharashtra,India,534603,17-02-2024,CRM
ADDR5815,CRM1815,Billing,77 Linking Rd,Near Old Town,Jaipur,Rajasthan,India,210010,07-06-2025,CRM
ADDR5622,CRM1622,Shipping,12 Residency Rd,,Pune,Maharashtra,India,829386,17-12-2024,CRM
ADDR5137,CRM1137,Shipping,78 Connaught Pl,Above Central Bank,Delhi,Delhi,India,647091,28-10-2025,CRM
ADDR5751,CRM1751,Shipping,45 Marine Dr,Next to Market,Surat,Gujarat,India,256911,31-05-2024,CRM
ADDR5772,CRM1772,Shipping,34 JM Road,Next to Market,Pune,Maharashtra,India,638214,21-01-2024,CRM
ADDR5042,CRM1042,Billing,55 MI Rd,Above Central Bank,Kolkata,West Bengal,India,608993,07-08-2024,CRM
ADDR5170,CRM1170,Billing,77 Linking Rd,,Surat,Gujarat,India,671015,18-08-2024,CRM
ADDR5017,CRM1017,Shipping,67 Law Garden Rd,Near Old Town,Pune,Maharashtra,India,913694,27-02-2024,CRM
ADDR5577,CRM1577,Billing,88 Worli Sea Face,Near Old Town,Mumbai,Maharashtra,India,662968,10-07-2024,CRM
ADDR5819,CRM1819,Billing,23 Brigade Rd,Next to Market,Delhi,Delhi,India,317782,05-12-2025,CRM
ADDR5191,CRM1191,Billing,12 MG Rd,Above Central Bank,Mumbai,Maharashtra,India,406039,05-06-2025,CRM
ADDR5706,CRM1706,Shipping,78 Connaught Pl,Next to Market,Kolkata,West Bengal,India,139807,02-04-2024,CRM
ADDR5737,CRM1737,Shipping,12 MG Rd,Next to Market,Jaipur,Rajasthan,India,793150,28-09-2024,CRM
ADDR5542,CRM1542,Billing,90 Karol Bagh Market,Near City Center,Mumbai,Maharashtra,India,277820,02-12-2025,CRM
ADDR5176,CRM1176,Billing,45 Marine Dr,Near Metro Station,Jaipur,Rajasthan,India,807053,12-08-2025,CRM
ADDR5112,CRM1112,Billing,78 Connaught Pl,Near Metro Station,Kolkata,West Bengal,India,342495,27-01-2025,CRM
ADDR5253,CRM1253,Shipping,23 Brigade Rd,Near Metro Station,Mumbai,Maharashtra,India,744986,14-02-2024,CRM
ADDR5935,CRM1935,Billing,12 MG Rd,Near City Center,Jaipur,Rajasthan,India,635205,02-04-2024,CRM
ADDR5396,CRM1396,Billing,44 Ashram Rd,Near Old Town,Ahmedabad,Gujarat,India,853258,22-11-2024,CRM
ADDR5047,CRM1047,Billing,101 FC Rd,Near Metro Station,Mumbai,Maharashtra,India,662336,04-04-2025,CRM
ADDR5749,CRM1749,Shipping,23 Brigade Rd,Next to Market,Mumbai,Maharashtra,India,678870,29-11-2024,CRM
ADDR5575,CRM1575,Billing,12 MG Rd,Near City Center,Bangalore,Karnataka,India,550418,02-02-2025,CRM
ADDR5373,CRM1373,Billing,45 Marine Dr,Near Metro Station,Hyderabad,Telangana,India,994253,16-03-2024,CRM
ADDR5225,CRM1225,Billing,45 Marine Dr,Opposite Mall,Ahmedabad,Gujarat,India,442589,04-02-2026,CRM
ADDR5554,CRM1554,Billing,90 Karol Bagh Market,Near City Center,Mumbai,Maharashtra,India,288667,29-11-2025,CRM
ADDR5065,CRM1065,Billing,12 MG Rd,Near Old Town,Jaipur,Rajasthan,India,669605,21-12-2025,CRM
ADDR5882,CRM1882,Billing,34 JM Road,,Hyderabad,Telangana,India,296059,26-06-2024,CRM
ADDR5145,CRM1145,Billing,56 Chandni Chowk,Next to Market,Hyderabad,Telangana,India,777278,29-12-2025,CRM
ADDR5053,CRM1053,Shipping,88 Worli Sea Face,Near Old Town,Chennai,Tamil Nadu,India,577110,19-10-2024,CRM
ADDR5730,CRM1730,Shipping,34 JM Road,Near Metro Station,Bangalore,Karnataka,India,736818,20-03-2025,CRM
ADDR5012,CRM1012,Billing,88 Worli Sea Face,Opposite Mall,Bangalore,Karnataka,India,183667,26-08-2024,CRM
ADDR5465,CRM1465,Shipping,45 Marine Dr,Near City Center,Surat,Gujarat,India,567122,26-02-2024,CRM
ADDR5026,CRM1026,Billing,34 JM Road,Above Central Bank,Jaipur,Rajasthan,India,220116,29-11-2025,CRM
ADDR5726,CRM1726,Billing,12 MG Rd,,Pune,Maharashtra,India,938016,04-02-2024,CRM
ADDR5169,CRM1169,Billing,34 JM Road,Near Metro Station,Hyderabad,Telangana,India,377405,17-03-2026,CRM
ADDR5866,CRM1866,Billing,101 FC Rd,Near Metro Station,Kolkata,West Bengal,India,754487,01-01-2026,CRM
ADDR5484,CRM1484,Billing,55 MI Rd,Near Metro Station,Ahmedabad,Gujarat,India,792282,17-06-2025,CRM
ADDR5765,CRM1765,Billing,12 Residency Rd,Next to Market,Bangalore,Karnataka,India,153015,04-01-2025,CRM
ADDR5319,CRM1319,Shipping,101 FC Rd,Near Metro Station,Ahmedabad,Gujarat,India,244247,07-06-2024,CRM
ADDR5900,CRM1900,Shipping,67 Law Garden Rd,,Pune,Maharashtra,India,315565,04-07-2025,CRM
ADDR5421,CRM1421,Billing,56 Chandni Chowk,,Surat,Gujarat,India,711868,06-05-2025,CRM
ADDR5563,CRM1563,Shipping,88 Worli Sea Face,Next to Market,Chennai,Tamil Nadu,India,211090,11-01-2024,CRM
ADDR5767,CRM1767,Billing,34 JM Road,,Chennai,Tamil Nadu,India,353690,16-01-2025,CRM
ADDR5501,CRM1501,Shipping,23 Brigade Rd,Next to Market,Jaipur,Rajasthan,India,588640,10-04-2024,CRM
ADDR5327,CRM1327,Shipping,88 Worli Sea Face,Next to Market,Hyderabad,Telangana,India,627335,24-06-2025,CRM
ADDR5057,CRM1057,Billing,67 Law Garden Rd,Near Metro Station,Bangalore,Karnataka,India,171849,01-09-2025,CRM
ADDR5570,CRM1570,Shipping,45 Marine Dr,Opposite Mall,Hyderabad,Telangana,India,146853,28-12-2025,CRM
ADDR5667,CRM1667,Billing,101 FC Rd,Near City Center,Jaipur,Rajasthan,India,349736,05-03-2025,CRM
ADDR5861,CRM1861,Billing,56 Chandni Chowk,Near Old Town,Delhi,Delhi,India,234618,16-04-2024,CRM
ADDR5517,CRM1517,Billing,90 Karol Bagh Market,Near City Center,Pune,Maharashtra,India,364679,28-12-2024,CRM
ADDR5447,CRM1447,Shipping,55 MI Rd,Near Metro Station,Delhi,Delhi,India,948102,25-04-2024,CRM
ADDR5513,CRM1513,Shipping,34 JM Road,Next to Market,Surat,Gujarat,India,116495,07-01-2024,CRM
ADDR5823,CRM1823,Shipping,34 JM Road,Near Metro Station,Mumbai,Maharashtra,India,578938,30-10-2024,CRM
ADDR5907,CRM1907,Billing,56 Chandni Chowk,Near Old Town,Surat,Gujarat,India,176115,01-01-2025,CRM
ADDR5273,CRM1273,Shipping,44 Ashram Rd,,Jaipur,Rajasthan,India,290217,26-05-2024,CRM
ADDR5816,CRM1816,Billing,55 MI Rd,,Surat,Gujarat,India,922880,18-04-2024,CRM
ADDR5578,CRM1578,Shipping,101 FC Rd,Next to Market,Ahmedabad,Gujarat,India,219490,25-09-2024,CRM
ADDR5146,CRM1146,Shipping,88 Worli Sea Face,,Hyderabad,Telangana,India,197573,28-10-2024,CRM
ADDR5140,CRM1140,Shipping,101 FC Rd,Near Old Town,Jaipur,Rajasthan,India,587282,06-08-2025,CRM
ADDR5943,CRM1943,Shipping,90 Karol Bagh Market,Near City Center,Jaipur,Rajasthan,India,697856,27-06-2024,CRM
ADDR5670,CRM1670,Shipping,56 Chandni Chowk,,Ahmedabad,Gujarat,India,708982,07-04-2024,CRM
ADDR5781,CRM1781,Billing,88 Worli Sea Face,Near Old Town,Pune,Maharashtra,India,941339,06-09-2025,CRM
ADDR5314,CRM1314,Shipping,55 MI Rd,Above Central Bank,Delhi,Delhi,India,832409,09-11-2025,CRM
ADDR5806,CRM1806,Shipping,88 Worli Sea Face,Near Metro Station,Hyderabad,Telangana,India,272892,17-02-2025,CRM
ADDR5746,CRM1746,Billing,88 Worli Sea Face,Near Metro Station,Delhi,Delhi,India,232315,13-02-2024,CRM
ADDR5748,CRM1748,Shipping,44 Ashram Rd,Above Central Bank,Delhi,Delhi,India,946561,09-03-2024,CRM
ADDR5869,CRM1869,Shipping,90 Karol Bagh Market,Near City Center,Kolkata,West Bengal,India,799565,28-12-2025,CRM
ADDR5321,CRM1321,Billing,34 JM Road,Opposite Mall,Kolkata,West Bengal,India,903531,24-09-2025,CRM
ADDR5217,CRM1217,Shipping,67 Law Garden Rd,Opposite Mall,Jaipur,Rajasthan,India,308894,28-01-2025,CRM
ADDR5041,CRM1041,Billing,12 Residency Rd,Near Old Town,Pune,Maharashtra,India,446479,13-03-2024,CRM
ADDR5520,CRM1520,Billing,45 Marine Dr,Next to Market,Mumbai,Maharashtra,India,497687,21-01-2025,CRM
ADDR5113,CRM1113,Billing,45 Marine Dr,Next to Market,Delhi,Delhi,India,527398,04-12-2024,CRM
ADDR5945,CRM1945,Shipping,77 Linking Rd,Near Metro Station,Kolkata,West Bengal,India,641455,19-02-2025,CRM
ADDR5425,CRM1425,Shipping,67 Law Garden Rd,Near Old Town,Kolkata,West Bengal,India,871581,14-01-2026,CRM
ADDR5783,CRM1783,Shipping,55 MI Rd,Next to Market,Hyderabad,Telangana,India,524252,01-02-2025,CRM
ADDR5331,CRM1331,Billing,88 Worli Sea Face,Near Metro Station,Jaipur,Rajasthan,India,386042,05-04-2025,CRM
ADDR5378,CRM1378,Billing,88 Worli Sea Face,Next to Market,Delhi,Delhi,India,127560,04-01-2025,CRM
ADDR5367,CRM1367,Shipping,77 Linking Rd,Near City Center,Ahmedabad,Gujarat,India,133958,11-09-2025,CRM
ADDR5084,CRM1084,Shipping,67 Law Garden Rd,,Ahmedabad,Gujarat,India,910891,12-10-2024,CRM
ADDR5128,CRM1128,Billing,12 MG Rd,Above Central Bank,Mumbai,Maharashtra,India,368690,24-02-2026,CRM
ADDR5203,CRM1203,Shipping,12 Residency Rd,Above Central Bank,Mumbai,Maharashtra,India,251157,23-02-2025,CRM
ADDR5720,CRM1720,Billing,44 Ashram Rd,Opposite Mall,Mumbai,Maharashtra,India,276042,13-10-2025,CRM
ADDR5288,CRM1288,Shipping,56 Chandni Chowk,Above Central Bank,Chennai,Tamil Nadu,India,537983,23-10-2024,CRM
ADDR5232,CRM1232,Shipping,67 Law Garden Rd,Above Central Bank,Jaipur,Rajasthan,India,489518,20-04-2024,CRM
ADDR5097,CRM1097,Shipping,88 Worli Sea Face,Near Old Town,Pune,Maharashtra,India,871711,22-06-2024,CRM
ADDR5864,CRM1864,Billing,77 Linking Rd,Near City Center,Delhi,Delhi,India,834018,05-02-2026,CRM
ADDR5642,CRM1642,Billing,55 MI Rd,,Kolkata,West Bengal,India,424960,21-03-2024,CRM
ADDR5004,CRM1004,Billing,23 Brigade Rd,Near Metro Station,Pune,Maharashtra,India,850800,27-10-2025,CRM
ADDR5781,CRM1781,Billing,88 Worli Sea Face,Near Old Town,Pune,Maharashtra,India,941339,06-09-2025,CRM
ADDR5119,CRM1119,Billing,67 Law Garden Rd,Next to Market,Chennai,Tamil Nadu,India,233827,29-09-2025,CRM
ADDR5502,CRM1502,Shipping,101 FC Rd,Opposite Mall,Hyderabad,Telangana,India,428122,27-02-2025,CRM
ADDR5784,CRM1784,Billing,44 Ashram Rd,Above Central Bank,Bangalore,Karnataka,India,848021,15-08-2024,CRM
ADDR5840,CRM1840,Billing,12 Residency Rd,Above Central Bank,Delhi,Delhi,India,264550,01-06-2025,CRM
ADDR5922,CRM1922,Billing,55 MI Rd,Near City Center,Pune,Maharashtra,India,173199,17-07-2024,CRM
ADDR5393,CRM1393,Shipping,34 JM Road,Opposite Mall,Kolkata,West Bengal,India,606404,07-09-2024,CRM
ADDR5464,CRM1464,Shipping,45 Marine Dr,Above Central Bank,Ahmedabad,Gujarat,India,315379,04-01-2026,CRM
ADDR5620,CRM1620,Shipping,34 JM Road,,Pune,Maharashtra,India,837880,07-04-2024,CRM
ADDR5813,CRM1813,Billing,56 Chandni Chowk,Above Central Bank,Delhi,Delhi,India,760929,10-01-2024,CRM
ADDR5835,CRM1835,Shipping,12 MG Rd,,Delhi,Delhi,India,531262,27-03-2025,CRM
ADDR5252,CRM1252,Shipping,88 Worli Sea Face,Opposite Mall,Hyderabad,Telangana,India,638169,30-08-2025,CRM
ADDR5847,CRM1847,Shipping,12 Residency Rd,Near City Center,Chennai,Tamil Nadu,India,675771,01-01-2024,CRM
ADDR5779,CRM1779,Shipping,55 MI Rd,Above Central Bank,Mumbai,Maharashtra,India,440930,10-10-2024,CRM
ADDR5491,CRM1491,Billing,23 Brigade Rd,Next to Market,Hyderabad,Telangana,India,536740,24-07-2025,CRM
ADDR5545,CRM1545,Shipping,12 MG Rd,Near Old Town,Chennai,Tamil Nadu,India,180657,04-01-2025,CRM
ADDR5147,CRM1147,Shipping,56 Chandni Chowk,Near Metro Station,Pune,Maharashtra,India,421080,10-11-2025,CRM
ADDR5177,CRM1177,Billing,88 Worli Sea Face,Above Central Bank,Surat,Gujarat,India,961322,02-10-2024,CRM
ADDR5509,CRM1509,Billing,23 Brigade Rd,,Kolkata,West Bengal,India,979827,17-03-2024,CRM
ADDR5641,CRM1641,Shipping,77 Linking Rd,Above Central Bank,Kolkata,West Bengal,India,521818,25-03-2024,CRM
ADDR5659,CRM1659,Billing,78 Connaught Pl,Near Metro Station,Mumbai,Maharashtra,India,943409,12-06-2025,CRM
ADDR5418,CRM1418,Shipping,44 Ashram Rd,Above Central Bank,Bangalore,Karnataka,India,214928,02-03-2025,CRM
ADDR5778,CRM1778,Shipping,55 MI Rd,Above Central Bank,Ahmedabad,Gujarat,India,213355,08-05-2025,CRM
ADDR5811,CRM1811,Billing,56 Chandni Chowk,,Bangalore,Karnataka,India,537020,30-03-2025,CRM
ADDR5863,CRM1863,Shipping,77 Linking Rd,Opposite Mall,Pune,Maharashtra,India,408463,08-04-2025,CRM
ADDR5156,CRM1156,Billing,34 JM Road,Near Old Town,Jaipur,Rajasthan,India,889359,17-05-2025,CRM
ADDR5080,CRM1080,Billing,55 MI Rd,Near Metro Station,Chennai,Tamil Nadu,India,925622,19-12-2025,CRM
ADDR5570,CRM1570,Shipping,45 Marine Dr,Opposite Mall,Hyderabad,Telangana,India,146853,28-12-2025,CRM
ADDR5709,CRM1709,Billing,88 Worli Sea Face,Near Old Town,Ahmedabad,Gujarat,India,439307,01-03-2024,CRM
ADDR5684,CRM1684,Billing,45 Marine Dr,Next to Market,Kolkata,West Bengal,India,206857,23-03-2026,CRM
ADDR5158,CRM1158,Shipping,78 Connaught Pl,,Hyderabad,Telangana,India,364742,04-05-2025,CRM
ADDR5227,CRM1227,Shipping,67 Law Garden Rd,Near Metro Station,Ahmedabad,Gujarat,India,369452,08-05-2025,CRM
ADDR5046,CRM1046,Billing,12 Residency Rd,Next to Market,Bangalore,Karnataka,India,863587,13-12-2024,CRM
ADDR5413,CRM1413,Shipping,23 Brigade Rd,,Kolkata,West Bengal,India,147504,09-02-2024,CRM
ADDR5117,CRM1117,Billing,12 MG Rd,Near Metro Station,Chennai,Tamil Nadu,India,386193,22-03-2025,CRM
ADDR5688,CRM1688,Shipping,88 Worli Sea Face,Near Metro Station,Pune,Maharashtra,India,196446,05-12-2024,CRM
ADDR5247,CRM1247,Billing,55 MI Rd,Near Old Town,Delhi,Delhi,India,251716,13-05-2024,CRM
ADDR5178,CRM1178,Billing,88 Worli Sea Face,Near Old Town,Surat,Gujarat,India,283700,26-04-2025,CRM
ADDR5782,CRM1782,Shipping,34 JM Road,Near Metro Station,Chennai,Tamil Nadu,India,856320,27-01-2024,CRM
ADDR5925,CRM1925,Billing,12 Residency Rd,Opposite Mall,Chennai,Tamil Nadu,India,358133,15-03-2026,CRM
ADDR5948,CRM1948,Shipping,101 FC Rd,Near Metro Station,Kolkata,West Bengal,India,295984,10-06-2024,CRM
ADDR5493,CRM1493,Billing,12 MG Rd,Near Old Town,Ahmedabad,Gujarat,India,489102,04-04-2024,CRM
ADDR5328,CRM1328,Billing,67 Law Garden Rd,Near Metro Station,Chennai,Tamil Nadu,India,940181,11-09-2025,CRM
ADDR5950,CRM1950,Shipping,34 JM Road,Next to Market,Mumbai,Maharashtra,India,602290,03-08-2024,CRM
ADDR5223,CRM1223,Billing,34 JM Road,,Jaipur,Rajasthan,India,757937,23-10-2025,CRM
ADDR5289,CRM1289,Shipping,12 Residency Rd,Opposite Mall,Mumbai,Maharashtra,India,280222,31-03-2026,CRM
ADDR5833,CRM1833,Shipping,78 Connaught Pl,Near City Center,Surat,Gujarat,India,498197,08-03-2026,CRM
ADDR5326,CRM1326,Billing,44 Ashram Rd,Above Central Bank,Hyderabad,Telangana,India,698128,27-03-2025,CRM
ADDR5384,CRM1384,Billing,88 Worli Sea Face,Near Metro Station,Surat,Gujarat,India,553633,29-05-2025,CRM
ADDR5611,CRM1611,Shipping,101 FC Rd,Next to Market,Mumbai,Maharashtra,India,964915,04-08-2024,CRM
ADDR5561,CRM1561,Billing,45 Marine Dr,Near Old Town,Kolkata,West Bengal,India,360289,04-11-2025,CRM
ADDR5306,CRM1306,Shipping,90 Karol Bagh Market,Next to Market,Pune,Maharashtra,India,625721,03-06-2024,CRM
ADDR5303,CRM1303,Shipping,12 Residency Rd,,Hyderabad,Telangana,India,486649,20-10-2024,CRM
ADDR5855,CRM1855,Billing,55 MI Rd,Near City Center,Chennai,Tamil Nadu,India,305438,11-07-2024,CRM
ADDR5914,CRM1914,Billing,12 Residency Rd,Near City Center,Mumbai,Maharashtra,India,725637,07-02-2025,CRM
ADDR5358,CRM1358,Shipping,88 Worli Sea Face,Near City Center,Hyderabad,Telangana,India,379676,31-03-2026,CRM
ADDR5486,CRM1486,Billing,34 JM Road,Above Central Bank,Surat,Gujarat,India,547952,23-07-2025,CRM
ADDR5497,CRM1497,Billing,101 FC Rd,Above Central Bank,Bangalore,Karnataka,India,223014,03-02-2026,CRM
ADDR5747,CRM1747,Billing,34 JM Road,Next to Market,Chennai,Tamil Nadu,India,311727,04-10-2025,CRM
ADDR5891,CRM1891,Billing,101 FC Rd,Above Central Bank,Ahmedabad,Gujarat,India,448005,05-12-2024,CRM
ADDR5281,CRM1281,Shipping,23 Brigade Rd,Above Central Bank,Surat,Gujarat,India,423401,16-02-2024,CRM
ADDR5279,CRM1279,Shipping,90 Karol Bagh Market,Next to Market,Chennai,Tamil Nadu,India,534303,06-10-2024,CRM
ADDR5479,CRM1479,Billing,101 FC Rd,,Bangalore,Karnataka,India,205797,31-08-2025,CRM
ADDR5598,CRM1598,Billing,88 Worli Sea Face,Above Central Bank,Pune,Maharashtra,India,716482,06-12-2025,CRM
ADDR5835,CRM1835,Shipping,12 MG Rd,,Delhi,Delhi,India,531262,27-03-2025,CRM
ADDR5366,CRM1366,Billing,78 Connaught Pl,,Hyderabad,Telangana,India,347459,08-03-2026,CRM
ADDR5036,CRM1036,Shipping,101 FC Rd,Near City Center,Surat,Gujarat,India,891952,17-01-2026,CRM
ADDR5030,CRM1030,Billing,78 Connaught Pl,Opposite Mall,Kolkata,West Bengal,India,899550,14-06-2024,CRM
ADDR5175,CRM1175,Billing,77 Linking Rd,Above Central Bank,Mumbai,Maharashtra,India,437978,10-09-2025,CRM
ADDR5631,CRM1631,Shipping,34 JM Road,,Pune,Maharashtra,India,360221,20-07-2025,CRM
ADDR5130,CRM1130,Billing,55 MI Rd,,Mumbai,Maharashtra,India,706794,27-01-2024,CRM
ADDR5761,CRM1761,Billing,12 MG Rd,Near Metro Station,Mumbai,Maharashtra,India,963994,20-02-2025,CRM
ADDR5562,CRM1562,Billing,34 JM Road,Near City Center,Ahmedabad,Gujarat,India,146448,30-07-2025,CRM
ADDR5254,CRM1254,Shipping,12 MG Rd,Above Central Bank,Kolkata,West Bengal,India,132663,03-03-2024,CRM
ADDR5696,CRM1696,Billing,77 Linking Rd,Near Old Town,Pune,Maharashtra,India,848023,02-01-2025,CRM
ADDR5317,CRM1317,Billing,34 JM Road,Above Central Bank,Kolkata,West Bengal,India,543973,04-06-2025,CRM
ADDR5400,CRM1400,Shipping,67 Law Garden Rd,Near City Center,Jaipur,Rajasthan,India,538446,11-09-2024,CRM
ADDR5087,CRM1087,Billing,90 Karol Bagh Market,Next to Market,Bangalore,Karnataka,India,462479,16-01-2026,CRM
ADDR5703,CRM1703,Billing,78 Connaught Pl,Near Metro Station,Ahmedabad,Gujarat,India,721301,21-11-2024,CRM
ADDR5269,CRM1269,Shipping,67 Law Garden Rd,Near City Center,Mumbai,Maharashtra,India,485415,27-04-2024,CRM
ADDR5107,CRM1107,Shipping,88 Worli Sea Face,Next to Market,Kolkata,West Bengal,India,742412,06-01-2026,CRM
ADDR5615,CRM1615,Billing,45 Marine Dr,Near Old Town,Hyderabad,Telangana,India,265657,27-03-2025,CRM
ADDR5540,CRM1540,Billing,90 Karol Bagh Market,Near City Center,Kolkata,West Bengal,India,922543,28-11-2024,CRM
ADDR5027,CRM1027,Shipping,88 Worli Sea Face,Above Central Bank,Kolkata,West Bengal,India,456699,24-04-2024,CRM
ADDR5677,CRM1677,Billing,23 Brigade Rd,Opposite Mall,Chennai,Tamil Nadu,India,907756,31-07-2024,CRM
ADDR5619,CRM1619,Billing,77 Linking Rd,Above Central Bank,Delhi,Delhi,India,420349,13-01-2026,CRM
ADDR5854,CRM1854,Billing,67 Law Garden Rd,Above Central Bank,Hyderabad,Telangana,India,878579,08-01-2026,CRM
ADDR5098,CRM1098,Shipping,23 Brigade Rd,Above Central Bank,Mumbai,Maharashtra,India,763686,26-09-2025,CRM
ADDR5106,CRM1106,Billing,88 Worli Sea Face,Next to Market,Hyderabad,Telangana,India,800005,27-06-2025,CRM
ADDR5911,CRM1911,Shipping,88 Worli Sea Face,Near Old Town,Delhi,Delhi,India,990731,12-07-2025,CRM
ADDR5171,CRM1171,Shipping,67 Law Garden Rd,Near Metro Station,Delhi,Delhi,India,174878,02-03-2024,CRM
ADDR5640,CRM1640,Shipping,23 Brigade Rd,Opposite Mall,Bangalore,Karnataka,India,759104,30-12-2025,CRM
ADDR5872,CRM1872,Billing,55 MI Rd,Near Old Town,Bangalore,Karnataka,India,923690,13-06-2024,CRM
ADDR5258,CRM1258,Shipping,77 Linking Rd,Near City Center,Kolkata,West Bengal,India,656329,28-10-2024,CRM
ADDR5712,CRM1712,Billing,44 Ashram Rd,Opposite Mall,Chennai,Tamil Nadu,India,438273,19-05-2024,CRM
ADDR5129,CRM1129,Billing,90 Karol Bagh Market,Near City Center,Ahmedabad,Gujarat,India,884256,05-01-2026,CRM
ADDR5024,CRM1024,Billing,88 Worli Sea Face,Above Central Bank,Delhi,Delhi,India,542666,02-09-2025,CRM
ADDR5643,CRM1643,Billing,88 Worli Sea Face,Near Metro Station,Kolkata,West Bengal,India,662445,30-11-2024,CRM
ADDR5625,CRM1625,Shipping,44 Ashram Rd,Opposite Mall,Mumbai,Maharashtra,India,243790,26-01-2025,CRM
ADDR5908,CRM1908,Billing,55 MI Rd,Near Old Town,Kolkata,West Bengal,India,819195,04-11-2024,CRM
ADDR5931,CRM1931,Billing,67 Law Garden Rd,Near City Center,Mumbai,Maharashtra,India,762308,01-02-2024,CRM
ADDR5842,CRM1842,Shipping,101 FC Rd,Opposite Mall,Hyderabad,Telangana,India,391668,21-02-2024,CRM
ADDR5372,CRM1372,Shipping,101 FC Rd,Near City Center,Jaipur,Rajasthan,India,399449,11-12-2025,CRM
ADDR5456,CRM1456,Billing,12 MG Rd,Opposite Mall,Bangalore,Karnataka,India,267475,19-02-2025,CRM
ADDR5278,CRM1278,Billing,34 JM Road,,Surat,Gujarat,India,385320,29-03-2025,CRM
ADDR5829,CRM1829,Shipping,78 Connaught Pl,,Ahmedabad,Gujarat,India,520245,13-02-2025,CRM
ADDR5274,CRM1274,Shipping,45 Marine Dr,Near Metro Station,Surat,Gujarat,India,876962,10-10-2025,CRM
ADDR5299,CRM1299,Shipping,34 JM Road,Near City Center,Surat,Gujarat,India,774225,12-10-2025,CRM
ADDR5325,CRM1325,Billing,23 Brigade Rd,Near Metro Station,Hyderabad,Telangana,India,424500,14-03-2026,CRM
ADDR5722,CRM1722,Billing,44 Ashram Rd,Opposite Mall,Pune,Maharashtra,India,925250,20-04-2024,CRM
ADDR5234,CRM1234,Billing,34 JM Road,,Surat,Gujarat,India,766269,20-04-2025,CRM
ADDR5645,CRM1645,Billing,101 FC Rd,,Pune,Maharashtra,India,555589,28-04-2024,CRM
ADDR5391,CRM1391,Billing,34 JM Road,Near Old Town,Mumbai,Maharashtra,India,704788,28-09-2024,CRM
ADDR5850,CRM1850,Shipping,23 Brigade Rd,Near Old Town,Hyderabad,Telangana,India,749863,06-09-2025,CRM
ADDR5074,CRM1074,Billing,67 Law Garden Rd,Opposite Mall,Kolkata,West Bengal,India,710805,19-07-2025,CRM
ADDR5415,CRM1415,Billing,44 Ashram Rd,Near City Center,Delhi,Delhi,India,434002,15-06-2024,CRM
ADDR5616,CRM1616,Billing,77 Linking Rd,Near Metro Station,Hyderabad,Telangana,India,822040,15-05-2024,CRM
ADDR5346,CRM1346,Billing,77 Linking Rd,Near Old Town,Kolkata,West Bengal,India,592972,14-02-2024,CRM
ADDR5172,CRM1172,Shipping,90 Karol Bagh Market,Above Central Bank,Delhi,Delhi,India,964278,05-08-2025,CRM
ADDR5859,CRM1859,Billing,12 MG Rd,,Surat,Gujarat,India,656127,23-01-2026,CRM
ADDR5475,CRM1475,Billing,55 MI Rd,Next to Market,Bangalore,Karnataka,India,806215,06-01-2026,CRM
ADDR5841,CRM1841,Shipping,67 Law Garden Rd,Near Metro Station,Hyderabad,Telangana,India,178501,08-02-2026,CRM
ADDR5623,CRM1623,Shipping,56 Chandni Chowk,Near Metro Station,Mumbai,Maharashtra,India,600905,13-03-2024,CRM
ADDR5820,CRM1820,Shipping,101 FC Rd,,Hyderabad,Telangana,India,113368,18-11-2025,CRM
ADDR5883,CRM1883,Billing,77 Linking Rd,,Kolkata,West Bengal,India,549323,12-10-2024,CRM
ADDR5500,CRM1500,Shipping,23 Brigade Rd,Above Central Bank,Chennai,Tamil Nadu,India,476710,11-11-2024,CRM
ADDR5209,CRM1209,Shipping,78 Connaught Pl,Above Central Bank,Mumbai,Maharashtra,India,414012,30-01-2024,CRM
ADDR5333,CRM1333,Shipping,12 Residency Rd,Next to Market,Hyderabad,Telangana,India,155843,09-02-2025,CRM
ADDR5364,CRM1364,Shipping,44 Ashram Rd,Near City Center,Mumbai,Maharashtra,India,940010,06-02-2026,CRM
ADDR5792,CRM1792,Shipping,77 Linking Rd,,Chennai,Tamil Nadu,India,995735,03-06-2024,CRM
ADDR5923,CRM1923,Shipping,12 MG Rd,Opposite Mall,Ahmedabad,Gujarat,India,746281,06-11-2025,CRM
ADDR5552,CRM1552,Shipping,90 Karol Bagh Market,Near Old Town,Jaipur,Rajasthan,India,354200,29-11-2024,CRM
ADDR5204,CRM1204,Billing,12 MG Rd,Near Old Town,Delhi,Delhi,India,377896,12-12-2024,CRM
ADDR5360,CRM1360,Shipping,44 Ashram Rd,,Kolkata,West Bengal,India,183958,01-12-2024,CRM
ADDR5125,CRM1125,Billing,44 Ashram Rd,Near Metro Station,Kolkata,West Bengal,India,781725,11-03-2024,CRM
ADDR5422,CRM1422,Shipping,78 Connaught Pl,Near Old Town,Delhi,Delhi,India,813793,05-09-2024,CRM
ADDR5021,CRM1021,Billing,56 Chandni Chowk,Near City Center,Delhi,Delhi,India,665158,26-09-2024,CRM
ADDR5895,CRM1895,Shipping,55 MI Rd,Near City Center,Mumbai,Maharashtra,India,859143,16-10-2024,CRM
ADDR5888,CRM1888,Billing,88 Worli Sea Face,Above Central Bank,Ahmedabad,Gujarat,India,433299,22-06-2025,CRM
ADDR5905,CRM1905,Shipping,12 Residency Rd,Next to Market,Chennai,Tamil Nadu,India,806004,01-05-2024,CRM
ADDR5574,CRM1574,Billing,34 JM Road,Above Central Bank,Delhi,Delhi,India,553125,09-02-2025,CRM
ADDR5814,CRM1814,Shipping,34 JM Road,,Jaipur,Rajasthan,India,794663,16-06-2025,CRM
ADDR5370,CRM1370,Billing,45 Marine Dr,,Jaipur,Rajasthan,India,871411,09-07-2024,CRM
ADDR5267,CRM1267,Billing,55 MI Rd,Near City Center,Chennai,Tamil Nadu,India,427626,26-12-2024,CRM
ADDR5343,CRM1343,Shipping,77 Linking Rd,,Delhi,Delhi,India,744674,27-12-2024,CRM
ADDR5461,CRM1461,Billing,23 Brigade Rd,Next to Market,Surat,Gujarat,India,653829,21-12-2025,CRM
ADDR5099,CRM1099,Billing,67 Law Garden Rd,Near Old Town,Ahmedabad,Gujarat,India,346277,19-11-2025,CRM
ADDR5893,CRM1893,Billing,45 Marine Dr,Above Central Bank,Hyderabad,Telangana,India,462814,01-04-2025,CRM
ADDR5488,CRM1488,Shipping,56 Chandni Chowk,Next to Market,Kolkata,West Bengal,India,528090,01-06-2024,CRM
ADDR5221,CRM1221,Shipping,67 Law Garden Rd,Opposite Mall,Bangalore,Karnataka,India,913423,29-03-2026,CRM
ADDR5062,CRM1062,Shipping,44 Ashram Rd,Near Old Town,Jaipur,Rajasthan,India,176066,10-01-2024,CRM
ADDR5168,CRM1168,Billing,55 MI Rd,Above Central Bank,Bangalore,Karnataka,India,396451,20-12-2025,CRM
ADDR5102,CRM1102,Shipping,77 Linking Rd,Above Central Bank,Mumbai,Maharashtra,India,703634,18-07-2024,CRM
ADDR5681,CRM1681,Billing,56 Chandni Chowk,Near Metro Station,Delhi,Delhi,India,473023,09-02-2025,CRM
ADDR5049,CRM1049,Shipping,88 Worli Sea Face,Near Old Town,Mumbai,Maharashtra,India,997546,17-07-2025,CRM
ADDR5582,CRM1582,Billing,34 JM Road,Near Metro Station,Jaipur,Rajasthan,India,428399,30-04-2024,CRM
ADDR5576,CRM1576,Billing,101 FC Rd,Opposite Mall,Bangalore,Karnataka,India,888870,21-12-2025,CRM
ADDR5763,CRM1763,Billing,55 MI Rd,Above Central Bank,Delhi,Delhi,India,631413,17-02-2025,CRM
ADDR5308,CRM1308,Billing,12 Residency Rd,Near Metro Station,Mumbai,Maharashtra,India,841995,24-03-2025,CRM
ADDR5499,CRM1499,Billing,23 Brigade Rd,Opposite Mall,Chennai,Tamil Nadu,India,913185,16-10-2024,CRM
ADDR5663,CRM1663,Billing,12 MG Rd,Opposite Mall,Surat,Gujarat,India,720432,20-05-2025,CRM
ADDR5547,CRM1547,Billing,12 MG Rd,,Surat,Gujarat,India,242071,07-11-2024,CRM
ADDR5530,CRM1530,Shipping,90 Karol Bagh Market,Near Old Town,Mumbai,Maharashtra,India,743684,01-09-2025,CRM
ADDR5847,CRM1847,Shipping,12 Residency Rd,Near City Center,Chennai,Tamil Nadu,India,675771,01-01-2024,CRM
ADDR5512,CRM1512,Shipping,44 Ashram Rd,,Kolkata,West Bengal,India,747847,15-10-2025,CRM
ADDR5432,CRM1432,Shipping,45 Marine Dr,Near City Center,Jaipur,Rajasthan,India,809489,10-07-2025,CRM
ADDR5181,CRM1181,Billing,67 Law Garden Rd,Near Metro Station,Ahmedabad,Gujarat,India,445824,25-02-2025,CRM
ADDR5735,CRM1735,Shipping,101 FC Rd,,Jaipur,Rajasthan,India,126985,30-07-2024,CRM
ADDR5485,CRM1485,Shipping,55 MI Rd,Opposite Mall,Pune,Maharashtra,India,163918,24-07-2025,CRM
ADDR5154,CRM1154,Shipping,78 Connaught Pl,Opposite Mall,Pune,Maharashtra,India,114835,26-12-2025,CRM
ADDR5150,CRM1150,Shipping,101 FC Rd,,Jaipur,Rajasthan,India,856321,16-07-2024,CRM
ADDR5201,CRM1201,Billing,12 MG Rd,,Chennai,Tamil Nadu,India,232378,29-05-2025,CRM
ADDR5206,CRM1206,Shipping,44 Ashram Rd,Above Central Bank,Kolkata,West Bengal,India,853629,16-02-2026,CRM
ADDR5443,CRM1443,Shipping,67 Law Garden Rd,Near Metro Station,Delhi,Delhi,India,138105,10-02-2025,CRM
ADDR5900,CRM1900,Shipping,67 Law Garden Rd,,Pune,Maharashtra,India,315565,04-07-2025,CRM
ADDR5242,CRM1242,Shipping,12 Residency Rd,Next to Market,Ahmedabad,Gujarat,India,389282,13-07-2024,CRM
ADDR5277,CRM1277,Billing,12 Residency Rd,Near Metro Station,Ahmedabad,Gujarat,India,265056,11-02-2026,CRM
ADDR5879,CRM1879,Billing,56 Chandni Chowk,Opposite Mall,Bangalore,Karnataka,India,312952,27-09-2025,CRM
ADDR5708,CRM1708,Billing,44 Ashram Rd,Near City Center,Hyderabad,Telangana,India,311250,13-05-2024,CRM
ADDR5877,CRM1877,Shipping,56 Chandni Chowk,Above Central Bank,Pune,Maharashtra,India,149261,25-01-2025,CRM
ADDR5135,CRM1135,Billing,67 Law Garden Rd,Next to Market,Ahmedabad,Gujarat,India,962276,16-05-2025,CRM
ADDR5586,CRM1586,Billing,12 MG Rd,Opposite Mall,Delhi,Delhi,India,247111,10-07-2024,CRM
ADDR5185,CRM1185,Shipping,77 Linking Rd,,Kolkata,West Bengal,India,296694,14-06-2025,CRM
ADDR5462,CRM1462,Billing,90 Karol Bagh Market,,Ahmedabad,Gujarat,India,164758,14-07-2025,CRM
ADDR5682,CRM1682,Billing,34 JM Road,Opposite Mall,Kolkata,West Bengal,India,372804,27-06-2024,CRM
ADDR5845,CRM1845,Billing,67 Law Garden Rd,Next to Market,Hyderabad,Telangana,India,568784,19-11-2024,CRM
ADDR5374,CRM1374,Billing,56 Chandni Chowk,Next to Market,Hyderabad,Telangana,India,192055,29-11-2025,CRM
ADDR5382,CRM1382,Billing,44 Ashram Rd,Above Central Bank,Mumbai,Maharashtra,India,177767,05-04-2025,CRM
ADDR5430,CRM1430,Billing,55 MI Rd,Near Old Town,Jaipur,Rajasthan,India,403042,22-12-2025,CRM
ADDR5660,CRM1660,Shipping,45 Marine Dr,Next to Market,Bangalore,Karnataka,India,396020,03-03-2026,CRM
ADDR5435,CRM1435,Shipping,56 Chandni Chowk,Next to Market,Hyderabad,Telangana,India,324381,25-07-2024,CRM
ADDR5870,CRM1870,Shipping,67 Law Garden Rd,Next to Market,Chennai,Tamil Nadu,India,947568,14-01-2024,CRM
ADDR5189,CRM1189,Billing,55 MI Rd,Near City Center,Pune,Maharashtra,India,114338,19-07-2025,CRM
ADDR5915,CRM1915,Billing,55 MI Rd,Near Metro Station,Kolkata,West Bengal,India,884645,29-01-2026,CRM
ADDR5352,CRM1352,Billing,55 MI Rd,Near Metro Station,Hyderabad,Telangana,India,145934,21-03-2026,CRM
ADDR5654,CRM1654,Billing,101 FC Rd,Above Central Bank,Mumbai,Maharashtra,India,633541,03-01-2024,CRM
ADDR5386,CRM1386,Shipping,56 Chandni Chowk,Near Metro Station,Delhi,Delhi,India,462831,15-06-2025,CRM
ADDR5734,CRM1734,Billing,44 Ashram Rd,,Delhi,Delhi,India,548377,30-03-2024,CRM
ADDR5243,CRM1243,Shipping,45 Marine Dr,Above Central Bank,Mumbai,Maharashtra,India,322409,19-10-2025,CRM
ADDR5733,CRM1733,Billing,77 Linking Rd,Near City Center,Mumbai,Maharashtra,India,676363,17-05-2025,CRM
ADDR5562,CRM1562,Billing,34 JM Road,Near City Center,Ahmedabad,Gujarat,India,146448,30-07-2025,CRM
ADDR5192,CRM1192,Shipping,67 Law Garden Rd,Next to Market,Jaipur,Rajasthan,India,595158,06-09-2024,CRM
ADDR5266,CRM1266,Shipping,44 Ashram Rd,Near Old Town,Mumbai,Maharashtra,India,797660,07-02-2026,CRM
ADDR5628,CRM1628,Shipping,90 Karol Bagh Market,Above Central Bank,Delhi,Delhi,India,563873,10-08-2024,CRM
ADDR5927,CRM1927,Shipping,12 MG Rd,Next to Market,Ahmedabad,Gujarat,India,476167,04-03-2026,CRM
ADDR5334,CRM1334,Shipping,101 FC Rd,Next to Market,Kolkata,West Bengal,India,185569,18-01-2025,CRM
ADDR5104,CRM1104,Billing,88 Worli Sea Face,Next to Market,Bangalore,Karnataka,India,329471,29-06-2024,CRM
ADDR5595,CRM1595,Billing,77 Linking Rd,,Hyderabad,Telangana,India,871740,31-10-2025,CRM
ADDR5389,CRM1389,Billing,90 Karol Bagh Market,Near City Center,Mumbai,Maharashtra,India,261684,24-06-2024,CRM
ADDR5216,CRM1216,Shipping,90 Karol Bagh Market,Opposite Mall,Hyderabad,Telangana,India,769975,10-03-2025,CRM
ADDR5013,CRM1013,Shipping,55 MI Rd,Next to Market,Mumbai,Maharashtra,India,766563,08-01-2025,CRM
ADDR5009,CRM1009,Billing,56 Chandni Chowk,Next to Market,Jaipur,Rajasthan,India,662275,07-05-2024,CRM
ADDR5740,CRM1740,Billing,67 Law Garden Rd,Opposite Mall,Jaipur,Rajasthan,India,691655,04-03-2024,CRM
ADDR5753,CRM1753,Shipping,77 Linking Rd,Opposite Mall,Jaipur,Rajasthan,India,501650,01-11-2025,CRM
ADDR5807,CRM1807,Billing,101 FC Rd,Above Central Bank,Bangalore,Karnataka,India,237579,04-08-2024,CRM
ADDR5124,CRM1124,Shipping,67 Law Garden Rd,,Chennai,Tamil Nadu,India,593152,20-01-2024,CRM
ADDR5469,CRM1469,Billing,12 Residency Rd,Next to Market,Pune,Maharashtra,India,461264,18-12-2025,CRM
ADDR5179,CRM1179,Shipping,55 MI Rd,Near Metro Station,Kolkata,West Bengal,India,713762,22-03-2025,CRM
ADDR5404,CRM1404,Billing,90 Karol Bagh Market,Opposite Mall,Pune,Maharashtra,India,151021,21-02-2024,CRM
ADDR5787,CRM1787,Billing,34 JM Road,Opposite Mall,Jaipur,Rajasthan,India,786224,01-04-2024,CRM
ADDR5515,CRM1515,Shipping,12 Residency Rd,Near City Center,Jaipur,Rajasthan,India,952657,15-12-2025,CRM
ADDR5034,CRM1034,Billing,88 Worli Sea Face,Near City Center,Hyderabad,Telangana,India,903035,08-05-2024,CRM
ADDR5554,CRM1554,Billing,90 Karol Bagh Market,Near City Center,Mumbai,Maharashtra,India,288667,29-11-2025,CRM
ADDR5490,CRM1490,Billing,55 MI Rd,Near Old Town,Pune,Maharashtra,India,841948,27-05-2024,CRM
ADDR5917,CRM1917,Billing,78 Connaught Pl,Near Metro Station,Delhi,Delhi,India,746850,15-09-2024,CRM
ADDR5539,CRM1539,Shipping,45 Marine Dr,,Kolkata,West Bengal,India,193972,28-12-2024,CRM
ADDR5056,CRM1056,Shipping,23 Brigade Rd,Near Old Town,Surat,Gujarat,India,656926,10-06-2024,CRM
ADDR5132,CRM1132,Billing,45 Marine Dr,Above Central Bank,Surat,Gujarat,India,910004,04-11-2024,CRM
ADDR5591,CRM1591,Shipping,12 Residency Rd,Opposite Mall,Pune,Maharashtra,India,335765,04-07-2025,CRM
ADDR5852,CRM1852,Billing,44 Ashram Rd,Opposite Mall,Pune,Maharashtra,India,970196,10-10-2025,CRM
ADDR5892,CRM1892,Shipping,101 FC Rd,Near Old Town,Ahmedabad,Gujarat,India,748314,27-06-2025,CRM
ADDR5287,CRM1287,Billing,12 MG Rd,,Chennai,Tamil Nadu,India,428267,12-08-2025,CRM
ADDR5524,CRM1524,Shipping,55 MI Rd,,Surat,Gujarat,India,177959,01-12-2025,CRM
ADDR5881,CRM1881,Billing,88 Worli Sea Face,Above Central Bank,Ahmedabad,Gujarat,India,302897,28-10-2024,CRM
ADDR5503,CRM1503,Billing,56 Chandni Chowk,Near Metro Station,Bangalore,Karnataka,India,117007,24-09-2024,CRM
ADDR5282,CRM1282,Shipping,90 Karol Bagh Market,,Pune,Maharashtra,India,108060,28-07-2024,CRM
ADDR5764,CRM1764,Billing,78 Connaught Pl,Near Metro Station,Delhi,Delhi,India,973390,24-07-2024,CRM
ADDR5912,CRM1912,Billing,55 MI Rd,Above Central Bank,Jaipur,Rajasthan,India,933635,16-01-2026,CRM
ADDR5323,CRM1323,Billing,56 Chandni Chowk,Next to Market,Surat,Gujarat,India,145814,24-02-2025,CRM
ADDR5636,CRM1636,Billing,23 Brigade Rd,,Surat,Gujarat,India,478638,20-11-2024,CRM
ADDR5381,CRM1381,Shipping,88 Worli Sea Face,Next to Market,Hyderabad,Telangana,India,963333,11-08-2025,CRM
ADDR5750,CRM1750,Shipping,67 Law Garden Rd,,Jaipur,Rajasthan,India,924758,18-12-2025,CRM
ADDR5044,CRM1044,Shipping,88 Worli Sea Face,Next to Market,Pune,Maharashtra,India,299659,06-04-2024,CRM
ADDR5555,CRM1555,Billing,56 Chandni Chowk,Next to Market,Kolkata,West Bengal,India,842776,02-08-2024,CRM
ADDR5007,CRM1007,Billing,88 Worli Sea Face,Opposite Mall,Delhi,Delhi,India,207175,04-04-2024,CRM
ADDR5860,CRM1860,Shipping,67 Law Garden Rd,Near City Center,Bangalore,Karnataka,India,606390,04-06-2025,CRM
ADDR5505,CRM1505,Shipping,90 Karol Bagh Market,Near Old Town,Pune,Maharashtra,India,357666,26-05-2025,CRM
ADDR5680,CRM1680,Billing,101 FC Rd,Near Old Town,Surat,Gujarat,India,998182,01-12-2024,CRM
ADDR5693,CRM1693,Billing,34 JM Road,Opposite Mall,Surat,Gujarat,India,623125,25-02-2025,CRM
ADDR5081,CRM1081,Shipping,67 Law Garden Rd,,Mumbai,Maharashtra,India,593554,15-08-2024,CRM
ADDR5123,CRM1123,Shipping,44 Ashram Rd,Near Old Town,Hyderabad,Telangana,India,497542,11-10-2024,CRM
ADDR5910,CRM1910,Billing,12 MG Rd,Near Metro Station,Chennai,Tamil Nadu,India,659381,13-08-2024,CRM
ADDR5160,CRM1160,Billing,78 Connaught Pl,Near Old Town,Bangalore,Karnataka,India,690180,07-11-2024,CRM
ADDR5365,CRM1365,Billing,78 Connaught Pl,Near Old Town,Delhi,Delhi,India,737086,25-11-2025,CRM
ADDR5634,CRM1634,Shipping,34 JM Road,,Chennai,Tamil Nadu,India,921875,23-03-2026,CRM
ADDR5256,CRM1256,Billing,45 Marine Dr,Opposite Mall,Hyderabad,Telangana,India,737846,31-05-2024,CRM
ADDR5208,CRM1208,Billing,56 Chandni Chowk,,Jaipur,Rajasthan,India,555052,10-04-2024,CRM
ADDR5136,CRM1136,Shipping,44 Ashram Rd,Above Central Bank,Mumbai,Maharashtra,India,968962,15-04-2025,CRM
ADDR5212,CRM1212,Billing,78 Connaught Pl,Near Metro Station,Surat,Gujarat,India,182804,16-09-2025,CRM
ADDR5272,CRM1272,Billing,78 Connaught Pl,Opposite Mall,Jaipur,Rajasthan,India,836833,19-02-2026,CRM
ADDR5248,CRM1248,Shipping,88 Worli Sea Face,Near Metro Station,Kolkata,West Bengal,India,215266,07-11-2025,CRM
ADDR5241,CRM1241,Billing,67 Law Garden Rd,Opposite Mall,Hyderabad,Telangana,India,204180,03-12-2025,CRM
ADDR5205,CRM1205,Shipping,34 JM Road,,Surat,Gujarat,India,993140,02-12-2024,CRM
ADDR5511,CRM1511,Billing,56 Chandni Chowk,Near Metro Station,Pune,Maharashtra,India,109585,11-08-2024,CRM
ADDR5195,CRM1195,Shipping,67 Law Garden Rd,,Ahmedabad,Gujarat,India,396578,13-01-2026,CRM
ADDR5700,CRM1700,Shipping,88 Worli Sea Face,Near City Center,Hyderabad,Telangana,India,344068,12-06-2024,CRM
ADDR5188,CRM1188,Billing,12 Residency Rd,Above Central Bank,Hyderabad,Telangana,India,738448,29-03-2026,CRM
ADDR5276,CRM1276,Shipping,44 Ashram Rd,Near Metro Station,Chennai,Tamil Nadu,India,488028,15-11-2024,CRM
ADDR5588,CRM1588,Billing,101 FC Rd,Near Old Town,Hyderabad,Telangana,India,502594,29-07-2025,CRM
ADDR5224,CRM1224,Shipping,88 Worli Sea Face,Next to Market,Bangalore,Karnataka,India,134985,16-08-2025,CRM
ADDR5363,CRM1363,Shipping,55 MI Rd,Above Central Bank,Ahmedabad,Gujarat,India,929924,28-02-2024,CRM
ADDR5322,CRM1322,Shipping,78 Connaught Pl,Near Metro Station,Delhi,Delhi,India,289630,10-12-2025,CRM
ADDR5488,CRM1488,Shipping,56 Chandni Chowk,Next to Market,Kolkata,West Bengal,India,528090,01-06-2024,CRM
ADDR5183,CRM1183,Billing,12 MG Rd,,Kolkata,West Bengal,India,429795,15-09-2024,CRM
ADDR5568,CRM1568,Shipping,55 MI Rd,Opposite Mall,Delhi,Delhi,India,577450,14-03-2026,CRM
ADDR5078,CRM1078,Billing,67 Law Garden Rd,Near Metro Station,Delhi,Delhi,India,938742,30-06-2024,CRM
ADDR5351,CRM1351,Billing,88 Worli Sea Face,Near Metro Station,Hyderabad,Telangana,India,166165,03-01-2026,CRM
ADDR5690,CRM1690,Shipping,12 MG Rd,,Chennai,Tamil Nadu,India,501320,30-11-2025,CRM
ADDR5409,CRM1409,Billing,44 Ashram Rd,Near City Center,Kolkata,West Bengal,India,402620,16-03-2024,CRM
ADDR5715,CRM1715,Billing,34 JM Road,Near City Center,Ahmedabad,Gujarat,India,954017,28-06-2024,CRM
ADDR5295,CRM1295,Shipping,56 Chandni Chowk,Near Old Town,Ahmedabad,Gujarat,India,776796,31-05-2024,CRM
ADDR5255,CRM1255,Shipping,77 Linking Rd,Above Central Bank,Hyderabad,Telangana,India,213206,17-05-2025,CRM
ADDR5853,CRM1853,Shipping,56 Chandni Chowk,,Jaipur,Rajasthan,India,148001,17-06-2024,CRM
ADDR5718,CRM1718,Billing,78 Connaught Pl,Near City Center,Surat,Gujarat,India,433674,18-09-2025,CRM
ADDR5010,CRM1010,Billing,23 Brigade Rd,Opposite Mall,Chennai,Tamil Nadu,India,969693,05-10-2025,CRM
ADDR5918,CRM1918,Billing,78 Connaught Pl,Above Central Bank,Pune,Maharashtra,India,938504,03-08-2025,CRM
ADDR5873,CRM1873,Shipping,78 Connaught Pl,Near Old Town,Jaipur,Rajasthan,India,165046,08-12-2025,CRM
ADDR5875,CRM1875,Billing,90 Karol Bagh Market,Near Old Town,Hyderabad,Telangana,India,808340,27-01-2026,CRM
ADDR5423,CRM1423,Billing,101 FC Rd,,Bangalore,Karnataka,India,562462,17-11-2024,CRM
ADDR5929,CRM1929,Billing,67 Law Garden Rd,Opposite Mall,Surat,Gujarat,India,966589,23-05-2024,CRM
ADDR5884,CRM1884,Shipping,78 Connaught Pl,Near Metro Station,Kolkata,West Bengal,India,712353,18-09-2024,CRM
ADDR5719,CRM1719,Billing,12 MG Rd,Near Metro Station,Pune,Maharashtra,India,447255,02-02-2026,CRM
ADDR5694,CRM1694,Shipping,12 Residency Rd,,Kolkata,West Bengal,India,393366,27-01-2025,CRM
ADDR5226,CRM1226,Billing,101 FC Rd,Near Metro Station,Chennai,Tamil Nadu,India,924718,06-07-2025,CRM
ADDR5649,CRM1649,Billing,44 Ashram Rd,Near Metro Station,Jaipur,Rajasthan,India,886197,10-03-2026,CRM
ADDR5392,CRM1392,Shipping,90 Karol Bagh Market,Above Central Bank,Pune,Maharashtra,India,131757,24-05-2025,CRM
ADDR5070,CRM1070,Shipping,55 MI Rd,Near Old Town,Kolkata,West Bengal,India,153266,04-04-2024,CRM
ADDR5265,CRM1265,Billing,90 Karol Bagh Market,Near City Center,Delhi,Delhi,India,688967,03-12-2024,CRM
ADDR5768,CRM1768,Shipping,78 Connaught Pl,Near Old Town,Hyderabad,Telangana,India,597635,23-08-2025,CRM
ADDR5458,CRM1458,Billing,101 FC Rd,Near Metro Station,Ahmedabad,Gujarat,India,601410,05-06-2024,CRM
ADDR5029,CRM1029,Billing,23 Brigade Rd,,Jaipur,Rajasthan,India,755674,01-11-2024,CRM
ADDR5801,CRM1801,Billing,12 Residency Rd,Above Central Bank,Kolkata,West Bengal,India,104324,03-10-2025,CRM
ADDR5472,CRM1472,Shipping,77 Linking Rd,Next to Market,Chennai,Tamil Nadu,India,495833,19-01-2025,CRM
ADDR5698,CRM1698,Shipping,78 Connaught Pl,,Chennai,Tamil Nadu,India,434367,03-09-2025,CRM
ADDR5470,CRM1470,Billing,45 Marine Dr,Next to Market,Mumbai,Maharashtra,India,133276,20-10-2024,CRM
ADDR5348,CRM1348,Shipping,101 FC Rd,Above Central Bank,Mumbai,Maharashtra,India,789023,05-10-2025,CRM
ADDR5250,CRM1250,Shipping,12 Residency Rd,Near Metro Station,Pune,Maharashtra,India,378258,23-02-2024,CRM
ADDR5899,CRM1899,Billing,34 JM Road,,Kolkata,West Bengal,India,321020,17-11-2025,CRM
ADDR5577,CRM1577,Billing,88 Worli Sea Face,Near Old Town,Mumbai,Maharashtra,India,662968,10-07-2024,CRM
ADDR5387,CRM1387,Billing,55 MI Rd,Near Metro Station,Jaipur,Rajasthan,India,765905,18-07-2025,CRM
ADDR5454,CRM1454,Shipping,55 MI Rd,Near City Center,Jaipur,Rajasthan,India,857997,09-08-2025,CRM
ADDR5711,CRM1711,Shipping,45 Marine Dr,Opposite Mall,Mumbai,Maharashtra,India,838761,09-11-2025,CRM
ADDR5257,CRM1257,Billing,55 MI Rd,Near City Center,Mumbai,Maharashtra,India,763829,22-08-2025,CRM
ADDR5921,CRM1921,Shipping,44 Ashram Rd,Near Metro Station,Hyderabad,Telangana,India,803904,02-11-2025,CRM
ADDR5551,CRM1551,Shipping,44 Ashram Rd,Near Metro Station,Pune,Maharashtra,India,517584,22-11-2024,CRM
ADDR5946,CRM1946,Shipping,12 MG Rd,Near Old Town,Ahmedabad,Gujarat,India,605529,10-09-2025,CRM
ADDR5526,CRM1526,Billing,88 Worli Sea Face,Near Old Town,Pune,Maharashtra,India,847332,11-02-2025,CRM
ADDR5120,CRM1120,Billing,77 Linking Rd,Near City Center,Kolkata,West Bengal,India,691807,09-11-2025,CRM
ADDR5349,CRM1349,Shipping,78 Connaught Pl,,Mumbai,Maharashtra,India,469412,13-07-2025,CRM
ADDR5302,CRM1302,Billing,44 Ashram Rd,Near City Center,Jaipur,Rajasthan,India,177794,13-11-2024,CRM
ADDR5516,CRM1516,Billing,45 Marine Dr,,Chennai,Tamil Nadu,India,649857,01-06-2024,CRM
ADDR5075,CRM1075,Shipping,78 Connaught Pl,,Delhi,Delhi,India,423232,08-01-2025,CRM
ADDR5790,CRM1790,Shipping,12 Residency Rd,Near Old Town,Mumbai,Maharashtra,India,765213,20-08-2025,CRM
ADDR5926,CRM1926,Shipping,55 MI Rd,Near Old Town,Pune,Maharashtra,India,476948,17-05-2024,CRM
ADDR5519,CRM1519,Billing,56 Chandni Chowk,Near Metro Station,Surat,Gujarat,India,414546,01-12-2025,CRM
ADDR5417,CRM1417,Shipping,56 Chandni Chowk,Near City Center,Kolkata,West Bengal,India,414353,01-05-2025,CRM
ADDR5836,CRM1836,Billing,55 MI Rd,Above Central Bank,Bangalore,Karnataka,India,429502,13-01-2024,CRM
ADDR5920,CRM1920,Shipping,45 Marine Dr,Near Metro Station,Mumbai,Maharashtra,India,860835,17-08-2025,CRM
ADDR5005,CRM1005,Shipping,101 FC Rd,Next to Market,Kolkata,West Bengal,India,717889,11-10-2024,CRM
ADDR5589,CRM1589,Shipping,77 Linking Rd,Above Central Bank,Kolkata,West Bengal,India,615611,01-03-2025,CRM
ADDR5414,CRM1414,Shipping,88 Worli Sea Face,Next to Market,Delhi,Delhi,India,644559,12-04-2025,CRM
ADDR5466,CRM1466,Billing,23 Brigade Rd,Next to Market,Hyderabad,Telangana,India,578987,31-07-2025,CRM
ADDR5826,CRM1826,Billing,45 Marine Dr,Near Old Town,Chennai,Tamil Nadu,India,895034,16-02-2024,CRM
ADDR5621,CRM1621,Billing,12 MG Rd,,Bangalore,Karnataka,India,239145,30-08-2025,CRM
ADDR5232,CRM1232,Shipping,67 Law Garden Rd,Above Central Bank,Jaipur,Rajasthan,India,489518,20-04-2024,CRM
ADDR5284,CRM1284,Shipping,45 Marine Dr,,Jaipur,Rajasthan,India,621546,03-02-2026,CRM
ADDR5356,CRM1356,Shipping,45 Marine Dr,Near Old Town,Ahmedabad,Gujarat,India,485896,23-03-2025,CRM
ADDR5357,CRM1357,Shipping,77 Linking Rd,Opposite Mall,Chennai,Tamil Nadu,India,295892,23-05-2025,CRM
ADDR5597,CRM1597,Billing,12 MG Rd,Near Old Town,Ahmedabad,Gujarat,India,223088,05-03-2026,CRM
ADDR5901,CRM1901,Billing,56 Chandni Chowk,Above Central Bank,Chennai,Tamil Nadu,India,261223,25-01-2024,CRM
ADDR5744,CRM1744,Shipping,55 MI Rd,,Pune,Maharashtra,India,513982,01-01-2026,CRM
ADDR5292,CRM1292,Billing,77 Linking Rd,Near Old Town,Kolkata,West Bengal,India,425346,02-02-2026,CRM
ADDR5563,CRM1563,Shipping,88 Worli Sea Face,Next to Market,Chennai,Tamil Nadu,India,211090,11-01-2024,CRM
ADDR5093,CRM1093,Billing,101 FC Rd,Next to Market,Jaipur,Rajasthan,India,797229,23-01-2025,CRM
ADDR5071,CRM1071,Shipping,12 Residency Rd,,Chennai,Tamil Nadu,India,449759,28-02-2026,CRM
ADDR5721,CRM1721,Shipping,12 MG Rd,,Mumbai,Maharashtra,India,378095,02-08-2024,CRM
ADDR5755,CRM1755,Shipping,12 Residency Rd,Next to Market,Delhi,Delhi,India,447596,08-12-2025,CRM
ADDR5016,CRM1016,Shipping,55 MI Rd,Above Central Bank,Hyderabad,Telangana,India,821590,24-07-2025,CRM
ADDR5828,CRM1828,Shipping,90 Karol Bagh Market,Opposite Mall,Ahmedabad,Gujarat,India,868677,05-04-2024,CRM
ADDR5206,CRM1206,Shipping,44 Ashram Rd,Above Central Bank,Kolkata,West Bengal,India,853629,16-02-2026,CRM
ADDR5601,CRM1601,Shipping,90 Karol Bagh Market,Near City Center,Kolkata,West Bengal,India,276556,27-11-2024,CRM
ADDR5416,CRM1416,Shipping,90 Karol Bagh Market,Opposite Mall,Chennai,Tamil Nadu,India,631958,05-06-2025,CRM
ADDR5405,CRM1405,Shipping,90 Karol Bagh Market,Near Old Town,Jaipur,Rajasthan,India,786041,19-11-2025,CRM
ADDR5686,CRM1686,Billing,101 FC Rd,Near Old Town,Pune,Maharashtra,India,520040,16-01-2025,CRM
ADDR5362,CRM1362,Shipping,44 Ashram Rd,Next to Market,Delhi,Delhi,India,144412,14-01-2026,CRM
ADDR5410,CRM1410,Shipping,88 Worli Sea Face,Near City Center,Chennai,Tamil Nadu,India,393308,30-09-2025,CRM
ADDR5799,CRM1799,Shipping,12 MG Rd,Next to Market,Chennai,Tamil Nadu,India,104895,08-02-2024,CRM
ADDR5913,CRM1913,Billing,23 Brigade Rd,Near Old Town,Ahmedabad,Gujarat,India,682032,24-05-2024,CRM
ADDR5089,CRM1089,Billing,55 MI Rd,,Surat,Gujarat,India,843215,22-03-2025,CRM
ADDR5162,CRM1162,Billing,88 Worli Sea Face,Near City Center,Surat,Gujarat,India,498855,06-04-2025,CRM
ADDR5001,CRM1001,Billing,56 Chandni Chowk,Opposite Mall,Mumbai,Maharashtra,India,356787,16-08-2024,CRM
ADDR5933,CRM1933,Shipping,23 Brigade Rd,Near City Center,Kolkata,West Bengal,India,595036,31-10-2025,CRM
ADDR5245,CRM1245,Billing,45 Marine Dr,Near Old Town,Delhi,Delhi,India,902325,21-07-2025,CRM
ADDR5369,CRM1369,Billing,23 Brigade Rd,Opposite Mall,Mumbai,Maharashtra,India,517368,17-11-2024,CRM
ADDR5037,CRM1037,Shipping,77 Linking Rd,Above Central Bank,Pune,Maharashtra,India,781446,17-01-2025,CRM
ADDR5691,CRM1691,Billing,44 Ashram Rd,Near Metro Station,Chennai,Tamil Nadu,India,296242,08-10-2024,CRM
ADDR5174,CRM1174,Shipping,23 Brigade Rd,Near City Center,Chennai,Tamil Nadu,India,617781,24-03-2025,CRM
ADDR5630,CRM1630,Shipping,77 Linking Rd,Opposite Mall,Chennai,Tamil Nadu,India,929504,23-05-2024,CRM
ADDR5238,CRM1238,Shipping,90 Karol Bagh Market,Above Central Bank,Kolkata,West Bengal,India,861894,07-06-2024,CRM
ADDR5716,CRM1716,Shipping,56 Chandni Chowk,Above Central Bank,Chennai,Tamil Nadu,India,408823,10-05-2024,CRM
ADDR5529,CRM1529,Shipping,12 Residency Rd,,Mumbai,Maharashtra,India,558320,25-08-2024,CRM
ADDR5523,CRM1523,Billing,23 Brigade Rd,,Ahmedabad,Gujarat,India,340927,04-08-2024,CRM
ADDR5614,CRM1614,Billing,12 Residency Rd,,Ahmedabad,Gujarat,India,756596,13-03-2026,CRM
ADDR5906,CRM1906,Billing,34 JM Road,Above Central Bank,Kolkata,West Bengal,India,748386,05-03-2024,CRM
ADDR5035,CRM1035,Shipping,23 Brigade Rd,Near Metro Station,Delhi,Delhi,India,377932,24-06-2025,CRM
ADDR5200,CRM1200,Shipping,56 Chandni Chowk,Next to Market,Bangalore,Karnataka,India,839485,25-01-2025,CRM
ADDR5293,CRM1293,Billing,44 Ashram Rd,Near Old Town,Ahmedabad,Gujarat,India,276299,19-03-2024,CRM
ADDR5531,CRM1531,Shipping,12 Residency Rd,Above Central Bank,Chennai,Tamil Nadu,India,386604,13-03-2026,CRM
ADDR5862,CRM1862,Shipping,23 Brigade Rd,Next to Market,Chennai,Tamil Nadu,India,539001,15-09-2025,CRM
ADDR5673,CRM1673,Shipping,67 Law Garden Rd,Opposite Mall,Jaipur,Rajasthan,India,939717,06-02-2025,CRM
ADDR5207,CRM1207,Billing,90 Karol Bagh Market,,Hyderabad,Telangana,India,346174,08-10-2025,CRM
ADDR5011,CRM1011,Shipping,90 Karol Bagh Market,Near Metro Station,Surat,Gujarat,India,838797,12-03-2024,CRM
ADDR5450,CRM1450,Billing,78 Connaught Pl,Near City Center,Surat,Gujarat,India,997734,16-10-2025,CRM
ADDR5507,CRM1507,Shipping,78 Connaught Pl,Above Central Bank,Hyderabad,Telangana,India,933592,26-12-2024,CRM
ADDR5656,CRM1656,Billing,78 Connaught Pl,Near Old Town,Chennai,Tamil Nadu,India,137081,20-07-2025,CRM
ADDR5180,CRM1180,Billing,12 MG Rd,Opposite Mall,Hyderabad,Telangana,India,528184,07-12-2024,CRM
ADDR5894,CRM1894,Billing,12 Residency Rd,Above Central Bank,Pune,Maharashtra,India,436526,25-01-2025,CRM
ADDR5059,CRM1059,Billing,90 Karol Bagh Market,,Surat,Gujarat,India,539589,04-11-2025,CRM
ADDR5612,CRM1612,Shipping,44 Ashram Rd,Near Old Town,Hyderabad,Telangana,India,397368,11-12-2024,CRM
ADDR5729,CRM1729,Billing,44 Ashram Rd,Near City Center,Kolkata,West Bengal,India,743453,09-05-2025,CRM
ADDR5294,CRM1294,Billing,23 Brigade Rd,Near City Center,Kolkata,West Bengal,India,303322,05-03-2026,CRM
ADDR5534,CRM1534,Shipping,88 Worli Sea Face,Near Metro Station,Mumbai,Maharashtra,India,847748,16-03-2024,CRM
ADDR5672,CRM1672,Billing,77 Linking Rd,Above Central Bank,Surat,Gujarat,India,237057,30-08-2024,CRM
ADDR5871,CRM1871,Billing,12 Residency Rd,Next to Market,Kolkata,West Bengal,India,252386,24-02-2024,CRM
ADDR5889,CRM1889,Billing,23 Brigade Rd,,Pune,Maharashtra,India,924451,01-06-2025,CRM
ADDR5394,CRM1394,Shipping,12 MG Rd,,Chennai,Tamil Nadu,India,822063,02-03-2024,CRM
ADDR5742,CRM1742,Billing,23 Brigade Rd,,Chennai,Tamil Nadu,India,981639,31-01-2025,CRM
ADDR5039,CRM1039,Billing,90 Karol Bagh Market,Near City Center,Ahmedabad,Gujarat,India,341292,25-08-2025,CRM
ADDR5624,CRM1624,Shipping,45 Marine Dr,Above Central Bank,Pune,Maharashtra,India,945106,14-04-2024,CRM
ADDR5082,CRM1082,Shipping,44 Ashram Rd,Opposite Mall,Pune,Maharashtra,India,960394,25-03-2026,CRM
ADDR5902,CRM1902,Shipping,12 Residency Rd,,Hyderabad,Telangana,India,176806,25-02-2024,CRM
ADDR5228,CRM1228,Shipping,88 Worli Sea Face,,Jaipur,Rajasthan,India,591081,18-03-2024,CRM
ADDR5270,CRM1270,Billing,88 Worli Sea Face,Next to Market,Jaipur,Rajasthan,India,986209,28-07-2025,CRM
ADDR5066,CRM1066,Billing,34 JM Road,Near Old Town,Jaipur,Rajasthan,India,681542,02-11-2024,CRM
ADDR5091,CRM1091,Shipping,34 JM Road,Near Old Town,Ahmedabad,Gujarat,India,230679,07-01-2026,CRM
ADDR5446,CRM1446,Shipping,34 JM Road,Near City Center,Jaipur,Rajasthan,India,649787,20-05-2025,CRM
ADDR5615,CRM1615,Billing,45 Marine Dr,Near Old Town,Hyderabad,Telangana,India,265657,27-03-2025,CRM
ADDR5483,CRM1483,Shipping,90 Karol Bagh Market,Near City Center,Surat,Gujarat,India,910065,19-11-2025,CRM
ADDR5149,CRM1149,Shipping,44 Ashram Rd,Above Central Bank,Chennai,Tamil Nadu,India,575786,04-10-2024,CRM
ADDR5844,CRM1844,Billing,12 MG Rd,Next to Market,Pune,Maharashtra,India,940183,09-08-2025,CRM
ADDR5094,CRM1094,Shipping,77 Linking Rd,Near City Center,Delhi,Delhi,India,974224,01-01-2024,CRM
ADDR5606,CRM1606,Shipping,78 Connaught Pl,Near City Center,Chennai,Tamil Nadu,India,763121,02-10-2024,CRM
ADDR5944,CRM1944,Shipping,44 Ashram Rd,Near City Center,Chennai,Tamil Nadu,India,785073,20-03-2024,CRM
ADDR5652,CRM1652,Shipping,12 MG Rd,Near City Center,Mumbai,Maharashtra,India,477617,26-02-2024,CRM
ADDR5399,CRM1399,Shipping,101 FC Rd,Near Metro Station,Jaipur,Rajasthan,India,201514,21-02-2024,CRM
ADDR5165,CRM1165,Billing,55 MI Rd,Above Central Bank,Pune,Maharashtra,India,185131,09-06-2024,CRM
ADDR5054,CRM1054,Shipping,78 Connaught Pl,Near Metro Station,Chennai,Tamil Nadu,India,411120,10-08-2024,CRM
ADDR5724,CRM1724,Shipping,12 MG Rd,Next to Market,Delhi,Delhi,India,468292,13-07-2025,CRM
ADDR5701,CRM1701,Billing,34 JM Road,Near Metro Station,Mumbai,Maharashtra,India,379473,30-06-2025,CRM
ADDR5491,CRM1491,Billing,23 Brigade Rd,Next to Market,Hyderabad,Telangana,India,536740,24-07-2025,CRM
ADDR5629,CRM1629,Billing,78 Connaught Pl,Near Old Town,Mumbai,Maharashtra,India,229139,26-08-2025,CRM
ADDR5564,CRM1564,Shipping,101 FC Rd,Near City Center,Mumbai,Maharashtra,India,883132,15-06-2025,CRM
ADDR5821,CRM1821,Billing,67 Law Garden Rd,Near City Center,Mumbai,Maharashtra,India,801520,20-05-2025,CRM
ADDR5347,CRM1347,Shipping,55 MI Rd,Above Central Bank,Chennai,Tamil Nadu,India,117031,31-12-2024,CRM
ADDR5805,CRM1805,Shipping,77 Linking Rd,Above Central Bank,Kolkata,West Bengal,India,240288,16-12-2024,CRM
ADDR5411,CRM1411,Billing,78 Connaught Pl,,Surat,Gujarat,India,513037,17-01-2025,CRM
ADDR5521,CRM1521,Shipping,12 Residency Rd,Above Central Bank,Kolkata,West Bengal,India,109909,20-12-2025,CRM
ADDR5220,CRM1220,Shipping,12 Residency Rd,Near City Center,Chennai,Tamil Nadu,India,819112,07-03-2026,CRM
ADDR5103,CRM1103,Shipping,77 Linking Rd,Near Metro Station,Chennai,Tamil Nadu,India,254739,02-11-2025,CRM
ADDR5166,CRM1166,Billing,23 Brigade Rd,,Pune,Maharashtra,India,264136,03-01-2024,CRM
ADDR5717,CRM1717,Billing,56 Chandni Chowk,Near City Center,Delhi,Delhi,India,510623,28-02-2026,CRM
ADDR5802,CRM1802,Billing,56 Chandni Chowk,Opposite Mall,Pune,Maharashtra,India,427252,12-05-2024,CRM
ADDR5458,CRM1458,Billing,101 FC Rd,Near Metro Station,Ahmedabad,Gujarat,India,601410,05-06-2024,CRM
ADDR5236,CRM1236,Shipping,45 Marine Dr,,Jaipur,Rajasthan,India,346205,04-07-2025,CRM
ADDR5766,CRM1766,Shipping,44 Ashram Rd,Near Old Town,Pune,Maharashtra,India,586768,01-06-2025,CRM
ADDR5122,CRM1122,Billing,55 MI Rd,Next to Market,Delhi,Delhi,India,443254,04-08-2024,CRM
ADDR5834,CRM1834,Billing,67 Law Garden Rd,Above Central Bank,Ahmedabad,Gujarat,India,979269,14-01-2026,CRM
ADDR5885,CRM1885,Shipping,12 MG Rd,Above Central Bank,Bangalore,Karnataka,India,262325,10-02-2024,CRM
ADDR5864,CRM1864,Billing,77 Linking Rd,Near City Center,Delhi,Delhi,India,834018,05-02-2026,CRM
ADDR5142,CRM1142,Shipping,101 FC Rd,Opposite Mall,Delhi,Delhi,India,936587,21-09-2024,CRM
ADDR5754,CRM1754,Shipping,12 Residency Rd,Near Metro Station,Hyderabad,Telangana,India,388792,16-02-2025,CRM
ADDR5408,CRM1408,Shipping,12 Residency Rd,Next to Market,Chennai,Tamil Nadu,India,153642,06-08-2025,CRM
ADDR5723,CRM1723,Billing,77 Linking Rd,Next to Market,Bangalore,Karnataka,India,868170,05-03-2025,CRM
ADDR5793,CRM1793,Billing,44 Ashram Rd,Next to Market,Delhi,Delhi,India,697062,13-04-2025,CRM
ADDR5353,CRM1353,Billing,44 Ashram Rd,Opposite Mall,Pune,Maharashtra,India,640418,11-02-2025,CRM
ADDR5939,CRM1939,Shipping,12 Residency Rd,Near Metro Station,Hyderabad,Telangana,India,898461,14-05-2025,CRM
ADDR5315,CRM1315,Billing,90 Karol Bagh Market,Above Central Bank,Chennai,Tamil Nadu,India,188834,13-11-2024,CRM
ADDR5921,CRM1921,Shipping,44 Ashram Rd,Near Metro Station,Hyderabad,Telangana,India,803904,02-11-2025,CRM
ADDR5496,CRM1496,Billing,12 MG Rd,Near Metro Station,Surat,Gujarat,India,449138,06-11-2024,CRM
ADDR5569,CRM1569,Shipping,44 Ashram Rd,Next to Market,Pune,Maharashtra,India,202365,24-03-2025,CRM
ADDR5573,CRM1573,Shipping,12 MG Rd,Near Metro Station,Ahmedabad,Gujarat,India,936507,18-02-2025,CRM
ADDR5652,CRM1652,Shipping,12 MG Rd,Near City Center,Mumbai,Maharashtra,India,477617,26-02-2024,CRM
ADDR5184,CRM1184,Billing,88 Worli Sea Face,Next to Market,Ahmedabad,Gujarat,India,639593,02-01-2024,CRM
ADDR5495,CRM1495,Billing,67 Law Garden Rd,,Surat,Gujarat,India,297303,18-02-2026,CRM
ADDR5571,CRM1571,Billing,67 Law Garden Rd,Opposite Mall,Mumbai,Maharashtra,India,779445,21-04-2024,CRM
ADDR5803,CRM1803,Shipping,23 Brigade Rd,Near City Center,Mumbai,Maharashtra,India,420984,20-06-2024,CRM
ADDR5566,CRM1566,Billing,44 Ashram Rd,,Surat,Gujarat,India,606222,17-04-2024,CRM
ADDR5424,CRM1424,Billing,77 Linking Rd,Above Central Bank,Chennai,Tamil Nadu,India,313795,24-02-2025,CRM
ADDR5209,CRM1209,Shipping,78 Connaught Pl,Above Central Bank,Mumbai,Maharashtra,India,414012,30-01-2024,CRM
ADDR5774,CRM1774,Billing,55 MI Rd,Near City Center,Bangalore,Karnataka,India,944193,08-11-2024,CRM
ADDR5407,CRM1407,Billing,55 MI Rd,Above Central Bank,Chennai,Tamil Nadu,India,483545,21-02-2026,CRM
ADDR5697,CRM1697,Shipping,44 Ashram Rd,Near City Center,Hyderabad,Telangana,India,626797,25-11-2024,CRM
ADDR5283,CRM1283,Billing,88 Worli Sea Face,Near Metro Station,Jaipur,Rajasthan,India,901280,18-09-2024,CRM
ADDR5627,CRM1627,Billing,12 MG Rd,Opposite Mall,Surat,Gujarat,India,857524,06-08-2024,CRM
ADDR5375,CRM1375,Shipping,56 Chandni Chowk,,Ahmedabad,Gujarat,India,676713,09-07-2025,CRM
ADDR5579,CRM1579,Shipping,90 Karol Bagh Market,Next to Market,Hyderabad,Telangana,India,741003,05-02-2025,CRM
ADDR5434,CRM1434,Billing,55 MI Rd,Above Central Bank,Jaipur,Rajasthan,India,182868,20-12-2024,CRM
ADDR5549,CRM1549,Shipping,44 Ashram Rd,Next to Market,Ahmedabad,Gujarat,India,955088,28-10-2025,CRM
ADDR5876,CRM1876,Billing,56 Chandni Chowk,Above Central Bank,Kolkata,West Bengal,India,688534,02-02-2025,CRM
ADDR5268,CRM1268,Billing,78 Connaught Pl,Above Central Bank,Mumbai,Maharashtra,India,605612,17-08-2024,CRM
ADDR5260,CRM1260,Billing,77 Linking Rd,Next to Market,Kolkata,West Bengal,India,339592,27-02-2025,CRM
ADDR5600,CRM1600,Billing,88 Worli Sea Face,,Pune,Maharashtra,India,697766,25-12-2024,CRM
ADDR5668,CRM1668,Billing,78 Connaught Pl,Above Central Bank,Hyderabad,Telangana,India,393418,05-04-2024,CRM
ADDR5437,CRM1437,Billing,101 FC Rd,,Mumbai,Maharashtra,India,802371,27-06-2025,CRM
ADDR5159,CRM1159,Billing,77 Linking Rd,Next to Market,Mumbai,Maharashtra,India,177680,13-08-2025,CRM
ADDR5110,CRM1110,Shipping,34 JM Road,Near Metro Station,Jaipur,Rajasthan,India,387936,26-03-2025,CRM
ADDR5371,CRM1371,Shipping,23 Brigade Rd,,Hyderabad,Telangana,India,374492,04-03-2026,CRM
ADDR5947,CRM1947,Billing,12 MG Rd,Near Metro Station,Bangalore,Karnataka,India,341162,19-03-2024,CRM
ADDR5324,CRM1324,Billing,12 MG Rd,Near City Center,Ahmedabad,Gujarat,India,398768,09-02-2026,CRM
ADDR5692,CRM1692,Shipping,78 Connaught Pl,,Jaipur,Rajasthan,India,743937,26-09-2025,CRM
ADDR5705,CRM1705,Billing,90 Karol Bagh Market,Near Metro Station,Surat,Gujarat,India,977340,19-05-2025,CRM
ADDR5211,CRM1211,Shipping,78 Connaught Pl,Near Metro Station,Ahmedabad,Gujarat,India,656968,25-02-2025,CRM
ADDR5671,CRM1671,Billing,34 JM Road,Near Old Town,Kolkata,West Bengal,India,513507,17-03-2024,CRM
ADDR5385,CRM1385,Billing,23 Brigade Rd,Near Metro Station,Bangalore,Karnataka,India,418897,17-06-2024,CRM
ADDR5940,CRM1940,Billing,55 MI Rd,Opposite Mall,Pune,Maharashtra,India,345386,13-02-2024,CRM
ADDR5533,CRM1533,Billing,34 JM Road,Near City Center,Chennai,Tamil Nadu,India,792764,24-01-2025,CRM
ADDR5121,CRM1121,Billing,34 JM Road,Next to Market,Bangalore,Karnataka,India,242291,17-04-2025,CRM
ADDR5536,CRM1536,Shipping,44 Ashram Rd,Opposite Mall,Delhi,Delhi,India,211726,03-04-2024,CRM
ADDR5592,CRM1592,Billing,88 Worli Sea Face,Next to Market,Jaipur,Rajasthan,India,693127,30-01-2026,CRM
ADDR5008,CRM1008,Billing,44 Ashram Rd,Near Old Town,Chennai,Tamil Nadu,India,460663,10-09-2025,CRM
ADDR5448,CRM1448,Billing,56 Chandni Chowk,Next to Market,Ahmedabad,Gujarat,India,779776,20-09-2024,CRM
ADDR5762,CRM1762,Shipping,67 Law Garden Rd,,Hyderabad,Telangana,India,640299,21-03-2026,CRM
ADDR5727,CRM1727,Billing,44 Ashram Rd,Opposite Mall,Jaipur,Rajasthan,India,209812,16-03-2024,CRM
ADDR5006,CRM1006,Billing,56 Chandni Chowk,Next to Market,Bangalore,Karnataka,India,456778,11-10-2024,CRM
ADDR5194,CRM1194,Billing,55 MI Rd,Near Old Town,Delhi,Delhi,India,928381,28-02-2025,CRM
ADDR5264,CRM1264,Shipping,45 Marine Dr,Above Central Bank,Mumbai,Maharashtra,India,874683,16-01-2025,CRM
ADDR5419,CRM1419,Shipping,88 Worli Sea Face,Above Central Bank,Surat,Gujarat,India,821466,06-10-2025,CRM
ADDR5557,CRM1557,Shipping,78 Connaught Pl,Above Central Bank,Chennai,Tamil Nadu,India,417543,04-09-2024,CRM
ADDR5898,CRM1898,Billing,45 Marine Dr,Near Metro Station,Kolkata,West Bengal,India,910883,04-07-2025,CRM
ADDR5613,CRM1613,Billing,90 Karol Bagh Market,Near Old Town,Kolkata,West Bengal,India,608913,18-03-2026,CRM
ADDR5291,CRM1291,Billing,101 FC Rd,Next to Market,Chennai,Tamil Nadu,India,717476,14-02-2025,CRM
ADDR5086,CRM1086,Billing,55 MI Rd,Near Metro Station,Bangalore,Karnataka,India,708792,28-09-2024,CRM
ADDR5880,CRM1880,Billing,34 JM Road,Above Central Bank,Hyderabad,Telangana,India,844012,25-10-2025,CRM
ADDR5932,CRM1932,Shipping,88 Worli Sea Face,Near City Center,Surat,Gujarat,India,323095,07-02-2024,CRM
ADDR5239,CRM1239,Billing,67 Law Garden Rd,Next to Market,Chennai,Tamil Nadu,India,745558,21-02-2025,CRM
ADDR5785,CRM1785,Shipping,34 JM Road,Opposite Mall,Kolkata,West Bengal,India,631958,03-11-2024,CRM
ADDR5489,CRM1489,Shipping,78 Connaught Pl,Near Old Town,Jaipur,Rajasthan,India,664058,29-04-2025,CRM
ADDR5261,CRM1261,Shipping,77 Linking Rd,Next to Market,Ahmedabad,Gujarat,India,865054,07-04-2024,CRM
ADDR5138,CRM1138,Shipping,12 MG Rd,Next to Market,Jaipur,Rajasthan,India,965845,18-01-2026,CRM
ADDR5436,CRM1436,Shipping,23 Brigade Rd,Above Central Bank,Kolkata,West Bengal,India,384815,20-05-2024,CRM
ADDR5101,CRM1101,Billing,12 MG Rd,Near City Center,Bangalore,Karnataka,India,991014,25-02-2026,CRM
ADDR5590,CRM1590,Shipping,78 Connaught Pl,,Hyderabad,Telangana,India,692862,01-02-2024,CRM
ADDR5714,CRM1714,Billing,56 Chandni Chowk,Near City Center,Ahmedabad,Gujarat,India,827250,20-09-2025,CRM
ADDR5858,CRM1858,Billing,88 Worli Sea Face,Next to Market,Surat,Gujarat,India,579605,05-11-2025,CRM
ADDR5780,CRM1780,Shipping,101 FC Rd,Near Metro Station,Jaipur,Rajasthan,India,642421,22-02-2026,CRM
ADDR5930,CRM1930,Billing,55 MI Rd,Above Central Bank,Kolkata,West Bengal,India,757057,19-03-2024,CRM
ADDR5760,CRM1760,Shipping,56 Chandni Chowk,Next to Market,Ahmedabad,Gujarat,India,734366,23-10-2025,CRM
ADDR5824,CRM1824,Shipping,12 Residency Rd,,Jaipur,Rajasthan,India,952679,27-06-2024,CRM
ADDR5604,CRM1604,Billing,56 Chandni Chowk,Near Old Town,Jaipur,Rajasthan,India,239136,12-09-2024,CRM
ADDR5359,CRM1359,Shipping,45 Marine Dr,Next to Market,Mumbai,Maharashtra,India,731718,03-07-2024,CRM
ADDR5391,CRM1391,Billing,34 JM Road,Near Old Town,Mumbai,Maharashtra,India,704788,28-09-2024,CRM
ADDR5788,CRM1788,Shipping,101 FC Rd,Above Central Bank,Pune,Maharashtra,India,422002,06-03-2025,CRM
ADDR5809,CRM1809,Shipping,34 JM Road,Opposite Mall,Bangalore,Karnataka,India,908713,01-07-2025,CRM
ADDR5505,CRM1505,Shipping,90 Karol Bagh Market,Near Old Town,Pune,Maharashtra,India,357666,26-05-2025,CRM
ADDR5822,CRM1822,Billing,88 Worli Sea Face,Near City Center,Delhi,Delhi,India,178693,10-01-2026,CRM
ADDR5497,CRM1497,Billing,101 FC Rd,Above Central Bank,Bangalore,Karnataka,India,223014,03-02-2026,CRM
ADDR5235,CRM1235,Shipping,45 Marine Dr,Near Metro Station,Jaipur,Rajasthan,India,147549,08-02-2024,CRM
ADDR5440,CRM1440,Billing,77 Linking Rd,Above Central Bank,Kolkata,West Bengal,India,598807,03-05-2025,CRM
ADDR5543,CRM1543,Billing,78 Connaught Pl,Opposite Mall,Chennai,Tamil Nadu,India,415759,01-10-2024,CRM
ADDR5715,CRM1715,Billing,34 JM Road,Near City Center,Ahmedabad,Gujarat,India,954017,28-06-2024,CRM
ADDR5045,CRM1045,Shipping,44 Ashram Rd,Next to Market,Mumbai,Maharashtra,India,531071,23-04-2025,CRM
ADDR5896,CRM1896,Shipping,23 Brigade Rd,Near Old Town,Bangalore,Karnataka,India,633447,01-04-2025,CRM
ADDR5380,CRM1380,Billing,45 Marine Dr,Opposite Mall,Surat,Gujarat,India,517500,04-01-2026,CRM
ADDR5431,CRM1431,Shipping,44 Ashram Rd,Next to Market,Pune,Maharashtra,India,465746,27-07-2025,CRM
ADDR5535,CRM1535,Shipping,78 Connaught Pl,Next to Market,Mumbai,Maharashtra,India,846247,13-03-2026,CRM
ADDR5442,CRM1442,Billing,23 Brigade Rd,Above Central Bank,Mumbai,Maharashtra,India,858243,08-02-2024,CRM
ADDR5665,CRM1665,Shipping,34 JM Road,Near Old Town,Pune,Maharashtra,India,827146,10-01-2024,CRM
ADDR5695,CRM1695,Shipping,101 FC Rd,Above Central Bank,Delhi,Delhi,India,935922,22-06-2025,CRM
ADDR5794,CRM1794,Shipping,67 Law Garden Rd,Above Central Bank,Delhi,Delhi,India,289117,08-03-2026,CRM
ADDR5159,CRM1159,Billing,77 Linking Rd,Next to Market,Mumbai,Maharashtra,India,177680,13-08-2025,CRM
ADDR5919,CRM1919,Shipping,34 JM Road,Near City Center,Bangalore,Karnataka,India,176697,24-10-2024,CRM
ADDR5002,CRM1002,Billing,34 JM Road,Above Central Bank,Delhi,Delhi,India,671858,30-03-2024,CRM
ADDR5848,CRM1848,Shipping,23 Brigade Rd,Near City Center,Mumbai,Maharashtra,India,316899,01-11-2025,CRM
ADDR5553,CRM1553,Shipping,67 Law Garden Rd,Near Old Town,Chennai,Tamil Nadu,India,512022,08-01-2025,CRM
ADDR5618,CRM1618,Shipping,45 Marine Dr,Opposite Mall,Ahmedabad,Gujarat,India,796787,26-10-2025,CRM
ADDR5924,CRM1924,Billing,90 Karol Bagh Market,Near City Center,Jaipur,Rajasthan,India,482199,19-11-2024,CRM
ADDR5134,CRM1134,Shipping,34 JM Road,Opposite Mall,Ahmedabad,Gujarat,India,172306,02-06-2025,CRM
ADDR5676,CRM1676,Billing,78 Connaught Pl,Next to Market,Delhi,Delhi,India,588694,17-11-2024,CRM
ADDR5494,CRM1494,Billing,12 Residency Rd,Opposite Mall,Kolkata,West Bengal,India,495489,20-11-2025,CRM
ADDR5096,CRM1096,Shipping,12 MG Rd,Next to Market,Surat,Gujarat,India,563638,22-11-2025,CRM
