transaction_id,customer_id,account_id,transaction_type,amount,currency,transaction_date,source_system
TXN5522,CRM1522,ACC1522,Credit,35918,INR,2026-02-04 00:00:00,CRM
TXN5473,CRM1473,ACC1473,Invoice,13398,INR,2024-03-19 00:00:00,CRM
TXN5756,CRM1756,ACC1756,Payment,15247,INR,2024-01-22 00:00:00,CRM
TXN5846,CRM1846,ACC1846,Invoice,3215,INR,2026-03-06 00:00:00,CRM
TXN5627,CRM1627,ACC1627,Invoice,9413,INR,2024-10-12 00:00:00,CRM
TXN5938,CRM1938,ACC1938,Refund,8530,INR,2024-10-19 00:00:00,CRM
TXN5513,CRM1513,ACC1513,Credit,37717,INR,2025-08-16 00:00:00,CRM
TXN5864,CRM1864,ACC1864,Credit,18581,INR,2024-03-09 00:00:00,CRM
TXN5004,CRM1004,ACC1004,Invoice,9468,INR,2024-12-04 00:00:00,CRM
TXN5218,CRM1218,ACC1218,Order,30873,INR,2024-03-27 00:00:00,CRM
TXN5423,CRM1423,ACC1423,Order,28362,INR,2024-05-13 00:00:00,CRM
TXN5238,CRM1238,ACC1238,Invoice,5672,INR,2024-12-27 00:00:00,CRM
TXN5421,CRM1421,ACC1421,Payment,21401,INR,2024-08-14 00:00:00,CRM
TXN5809,CRM1809,ACC1809,Payment,22278,INR,2025-07-17 00:00:00,CRM
TXN5321,CRM1321,ACC1321,Invoice,12101,INR,2025-05-14 00:00:00,CRM
TXN5819,CRM1819,ACC1819,Invoice,4901,INR,2025-07-14 00:00:00,CRM
TXN5175,CRM1175,ACC1175,Invoice,28278,INR,2025-01-02 00:00:00,CRM
TXN5776,CRM1776,ACC1776,Credit,17098,INR,2024-09-05 00:00:00,CRM
TXN5467,CRM1467,ACC1467,Invoice,33494,INR,2024-11-28 00:00:00,CRM
TXN5913,CRM1913,ACC1913,Payment,31099,INR,2026-03-08 00:00:00,CRM
TXN5176,CRM1176,ACC1176,Credit,21906,INR,2025-07-06 00:00:00,CRM
TXN5860,CRM1860,ACC1860,Refund,40353,INR,2024-02-11 00:00:00,CRM
TXN5058,CRM1058,ACC1058,Invoice,12340,INR,2024-12-24 00:00:00,CRM
TXN5177,CRM1177,ACC1177,Payment,25886,INR,2024-11-10 00:00:00,CRM
TXN5637,CRM1637,ACC1637,Credit,24954,INR,2024-01-07 00:00:00,CRM
TXN5311,CRM1311,ACC1311,Refund,37179,INR,2025-05-31 00:00:00,CRM
TXN5384,CRM1384,ACC1384,Credit,26440,INR,2025-12-14 00:00:00,CRM
TXN5824,CRM1824,ACC1824,Order,34179,INR,2024-05-21 00:00:00,CRM
TXN5298,CRM1298,ACC1298,Invoice,37926,INR,2025-03-26 00:00:00,CRM
TXN5930,CRM1930,ACC1930,Refund,39555,INR,2024-05-26 00:00:00,CRM
TXN5769,CRM1769,ACC1769,Invoice,14841,INR,2026-03-19 00:00:00,CRM
TXN5457,CRM1457,ACC1457,Invoice,48696,INR,2026-02-16 00:00:00,CRM
TXN5197,CRM1197,ACC1197,Refund,37490,INR,2026-02-25 00:00:00,CRM
TXN5365,CRM1365,ACC1365,Refund,21332,INR,2025-10-27 00:00:00,CRM
TXN5129,CRM1129,ACC1129,Order,20343,INR,2024-07-22 00:00:00,CRM
TXN5559,CRM1559,ACC1559,Refund,12452,INR,2024-01-04 00:00:00,CRM
TXN5635,CRM1635,ACC1635,Invoice,6404,INR,2024-05-19 00:00:00,CRM
TXN5252,CRM1252,ACC1252,Credit,46370,INR,2025-12-25 00:00:00,CRM
TXN5078,CRM1078,ACC1078,Credit,14531,INR,2026-01-28 00:00:00,CRM
TXN5043,CRM1043,ACC1043,Invoice,5060,INR,2025-06-22 00:00:00,CRM
TXN5400,CRM1400,ACC1400,Credit,26379,INR,2024-07-31 00:00:00,CRM
TXN5648,CRM1648,ACC1648,Invoice,13581,INR,2024-02-14 00:00:00,CRM
TXN5609,CRM1609,ACC1609,Credit,26898,INR,2024-05-21 00:00:00,CRM
TXN5828,CRM1828,ACC1828,Invoice,40807,INR,2024-10-28 00:00:00,CRM
TXN5495,CRM1495,ACC1495,Order,2843,INR,2025-12-17 00:00:00,CRM
TXN5366,CRM1366,ACC1366,Order,13164,INR,2025-12-14 00:00:00,CRM
TXN5053,CRM1053,ACC1053,Refund,10995,INR,2024-07-27 00:00:00,CRM
TXN5571,CRM1571,ACC1571,Credit,18120,INR,2026-03-01 00:00:00,CRM
TXN5214,CRM1214,ACC1214,Credit,6885,INR,2026-01-14 00:00:00,CRM
TXN5947,CRM1947,ACC1947,Order,2465,INR,2025-06-30 00:00:00,CRM
TXN5712,CRM1712,ACC1712,Payment,37586,INR,2024-12-31 00:00:00,CRM
TXN5598,CRM1598,ACC1598,Order,37962,INR,2025-01-12 00:00:00,CRM
TXN5350,CRM1350,ACC1350,Payment,5340,INR,2024-08-07 00:00:00,CRM
TXN5280,CRM1280,ACC1280,Refund,35925,INR,2024-06-24 00:00:00,CRM
TXN5512,CRM1512,ACC1512,Credit,48691,INR,2025-01-30 00:00:00,CRM
TXN5370,CRM1370,ACC1370,Refund,49489,INR,2024-03-07 00:00:00,CRM
TXN5516,CRM1516,ACC1516,Credit,4492,INR,2024-11-09 00:00:00,CRM
TXN5151,CRM1151,ACC1151,Invoice,41327,INR,2026-02-03 00:00:00,CRM
TXN5447,CRM1447,ACC1447,Refund,32035,INR,2025-12-29 00:00:00,CRM
TXN5689,CRM1689,ACC1689,Refund,41124,INR,2024-12-09 00:00:00,CRM
TXN5186,CRM1186,ACC1186,Credit,4531,INR,2025-03-29 00:00:00,CRM
TXN5660,CRM1660,ACC1660,Payment,9118,INR,2025-09-01 00:00:00,CRM
TXN5600,CRM1600,ACC1600,Refund,24172,INR,2024-12-09 00:00:00,CRM
TXN5148,CRM1148,ACC1148,Order,29761,INR,2024-05-19 00:00:00,CRM
TXN5301,CRM1301,ACC1301,Order,2183,INR,2024-09-22 00:00:00,CRM
TXN5244,CRM1244,ACC1244,Payment,22148,INR,2025-10-03 00:00:00,CRM
TXN5286,CRM1286,ACC1286,Credit,37957,INR,2025-06-09 00:00:00,CRM
TXN5342,CRM1342,ACC1342,Credit,26722,INR,2025-06-29 00:00:00,CRM
TXN5703,CRM1703,ACC1703,Payment,46647,INR,2025-03-31 00:00:00,CRM
TXN5825,CRM1825,ACC1825,Invoice,47842,INR,2026-02-11 00:00:00,CRM
TXN5372,CRM1372,ACC1372,Payment,39464,INR,2025-07-05 00:00:00,CRM
TXN5256,CRM1256,ACC1256,Invoice,3271,INR,2024-09-18 00:00:00,CRM
TXN5232,CRM1232,ACC1232,Refund,2445,INR,2024-07-28 00:00:00,CRM
TXN5763,CRM1763,ACC1763,Payment,17218,INR,2024-05-13 00:00:00,CRM
TXN5543,CRM1543,ACC1543,Refund,47349,INR,2025-01-30 00:00:00,CRM
TXN5336,CRM1336,ACC1336,Order,25792,INR,2024-05-25 00:00:00,CRM
TXN5876,CRM1876,ACC1876,Payment,38590,INR,2024-10-20 00:00:00,CRM
TXN5599,CRM1599,ACC1599,Invoice,5273,INR,2026-03-13 00:00:00,CRM
TXN5050,CRM1050,ACC1050,Order,25217,INR,2026-01-26 00:00:00,CRM
TXN5085,CRM1085,ACC1085,Payment,46537,INR,2024-09-07 00:00:00,CRM
TXN5685,CRM1685,ACC1685,Credit,3608,INR,2024-12-04 00:00:00,CRM
TXN5418,CRM1418,ACC1418,Payment,32614,INR,2026-02-13 00:00:00,CRM
TXN5091,CRM1091,ACC1091,Refund,14843,INR,2024-06-14 00:00:00,CRM
TXN5234,CRM1234,ACC1234,Payment,13539,INR,2025-11-18 00:00:00,CRM
TXN5331,CRM1331,ACC1331,Payment,40595,INR,2025-03-15 00:00:00,CRM
TXN5928,CRM1928,ACC1928,Credit,20576,INR,2025-06-04 00:00:00,CRM
TXN5368,CRM1368,ACC1368,Credit,27788,INR,2025-02-15 00:00:00,CRM
TXN5145,CRM1145,ACC1145,Refund,26891,INR,2024-04-17 00:00:00,CRM
TXN5534,CRM1534,ACC1534,Credit,37006,INR,2024-08-05 00:00:00,CRM
TXN5659,CRM1659,ACC1659,Credit,14481,INR,2025-02-26 00:00:00,CRM
TXN5319,CRM1319,ACC1319,Order,23739,INR,2025-03-13 00:00:00,CRM
TXN5247,CRM1247,ACC1247,Refund,39068,INR,2025-05-12 00:00:00,CRM
TXN5508,CRM1508,ACC1508,Payment,16289,INR,2025-10-21 00:00:00,CRM
TXN5550,CRM1550,ACC1550,Order,39142,INR,2025-06-06 00:00:00,CRM
TXN5603,CRM1603,ACC1603,Payment,46772,INR,2024-04-02 00:00:00,CRM
TXN5696,CRM1696,ACC1696,Refund,41718,INR,2025-12-17 00:00:00,CRM
TXN5530,CRM1530,ACC1530,Credit,33265,INR,2024-01-31 00:00:00,CRM
TXN5357,CRM1357,ACC1357,Order,22895,INR,2024-07-10 00:00:00,CRM
TXN5077,CRM1077,ACC1077,Invoice,38291,INR,2025-08-03 00:00:00,CRM
TXN5641,CRM1641,ACC1641,Credit,24866,INR,2024-01-02 00:00:00,CRM
TXN5281,CRM1281,ACC1281,Order,6334,INR,2025-02-24 00:00:00,CRM
TXN5194,CRM1194,ACC1194,Payment,2622,INR,2024-09-12 00:00:00,CRM
TXN5847,CRM1847,ACC1847,Invoice,33486,INR,2024-04-05 00:00:00,CRM
TXN5167,CRM1167,ACC1167,Payment,23435,INR,2026-01-08 00:00:00,CRM
TXN5839,CRM1839,ACC1839,Invoice,48716,INR,2025-10-04 00:00:00,CRM
TXN5466,CRM1466,ACC1466,Credit,46028,INR,2026-02-08 00:00:00,CRM
TXN5830,CRM1830,ACC1830,Invoice,9365,INR,2025-11-09 00:00:00,CRM
TXN5236,CRM1236,ACC1236,Invoice,29301,INR,2024-09-17 00:00:00,CRM
TXN5841,CRM1841,ACC1841,Invoice,3823,INR,2024-10-10 00:00:00,CRM
TXN5086,CRM1086,ACC1086,Credit,35900,INR,2024-07-27 00:00:00,CRM
TXN5865,CRM1865,ACC1865,Credit,25868,INR,2025-02-05 00:00:00,CRM
TXN5274,CRM1274,ACC1274,Credit,19446,INR,2025-08-19 00:00:00,CRM
TXN5555,CRM1555,ACC1555,Refund,39081,INR,2024-11-19 00:00:00,CRM
TXN5104,CRM1104,ACC1104,Payment,9562,INR,2025-08-16 00:00:00,CRM
TXN5405,CRM1405,ACC1405,Payment,39788,INR,2024-02-27 00:00:00,CRM
TXN5698,CRM1698,ACC1698,Credit,7166,INR,2024-08-27 00:00:00,CRM
TXN5887,CRM1887,ACC1887,Refund,8198,INR,2024-03-31 00:00:00,CRM
TXN5920,CRM1920,ACC1920,Credit,31445,INR,2024-10-04 00:00:00,CRM
TXN5884,CRM1884,ACC1884,Credit,25202,INR,2024-06-20 00:00:00,CRM
TXN5031,CRM1031,ACC1031,Invoice,45195,INR,2024-04-12 00:00:00,CRM
TXN5263,CRM1263,ACC1263,Refund,45402,INR,2024-05-03 00:00:00,CRM
TXN5549,CRM1549,ACC1549,Payment,43090,INR,2024-09-06 00:00:00,CRM
TXN5335,CRM1335,ACC1335,Invoice,37254,INR,2024-12-12 00:00:00,CRM
TXN5296,CRM1296,ACC1296,Order,30075,INR,2024-12-30 00:00:00,CRM
TXN5738,CRM1738,ACC1738,Payment,40829,INR,2025-09-23 00:00:00,CRM
TXN5761,CRM1761,ACC1761,Payment,1224,INR,2024-03-15 00:00:00,CRM
TXN5582,CRM1582,ACC1582,Invoice,35885,INR,2025-03-19 00:00:00,CRM
TXN5432,CRM1432,ACC1432,Refund,11003,INR,2024-07-10 00:00:00,CRM
TXN5944,CRM1944,ACC1944,Order,30175,INR,2025-08-03 00:00:00,CRM
TXN5615,CRM1615,ACC1615,Payment,17958,INR,2024-05-15 00:00:00,CRM
TXN5501,CRM1501,ACC1501,Payment,44410,INR,2025-01-03 00:00:00,CRM
TXN5048,CRM1048,ACC1048,Invoice,42780,INR,2024-01-08 00:00:00,CRM
TXN5694,CRM1694,ACC1694,Credit,22343,INR,2026-02-23 00:00:00,CRM
TXN5655,CRM1655,ACC1655,Payment,46317,INR,2024-10-27 00:00:00,CRM
TXN5049,CRM1049,ACC1049,Payment,41398,INR,2024-04-04 00:00:00,CRM
TXN5798,CRM1798,ACC1798,Credit,901,INR,2024-07-04 00:00:00,CRM
TXN5662,CRM1662,ACC1662,Order,27593,INR,2026-01-20 00:00:00,CRM
TXN5254,CRM1254,ACC1254,Payment,16837,INR,2025-11-14 00:00:00,CRM
TXN5924,CRM1924,ACC1924,Payment,8788,INR,2024-03-21 00:00:00,CRM
TXN5625,CRM1625,ACC1625,Payment,27370,INR,2024-10-08 00:00:00,CRM
TXN5463,CRM1463,ACC1463,Invoice,24649,INR,2024-09-28 00:00:00,CRM
TXN5506,CRM1506,ACC1506,Credit,14750,INR,2025-04-06 00:00:00,CRM
TXN5137,CRM1137,ACC1137,Refund,3673,INR,2025-10-10 00:00:00,CRM
TXN5101,CRM1101,ACC1101,Invoice,44194,INR,2025-09-02 00:00:00,CRM
TXN5162,CRM1162,ACC1162,Invoice,22595,INR,2024-01-09 00:00:00,CRM
TXN5875,CRM1875,ACC1875,Payment,24202,INR,2024-03-02 00:00:00,CRM
TXN5011,CRM1011,ACC1011,Payment,33937,INR,2024-12-11 00:00:00,CRM
TXN5557,CRM1557,ACC1557,Invoice,48559,INR,2026-03-02 00:00:00,CRM
TXN5404,CRM1404,ACC1404,Credit,17533,INR,2024-12-01 00:00:00,CRM
TXN5316,CRM1316,ACC1316,Credit,23741,INR,2024-08-22 00:00:00,CRM
TXN5578,CRM1578,ACC1578,Credit,48053,INR,2025-08-04 00:00:00,CRM
TXN5723,CRM1723,ACC1723,Invoice,30888,INR,2025-09-01 00:00:00,CRM
TXN5087,CRM1087,ACC1087,Payment,36934,INR,2024-11-11 00:00:00,CRM
TXN5817,CRM1817,ACC1817,Payment,15988,INR,2025-05-05 00:00:00,CRM
TXN5121,CRM1121,ACC1121,Refund,42797,INR,2024-03-24 00:00:00,CRM
TXN5859,CRM1859,ACC1859,Order,31280,INR,2024-11-01 00:00:00,CRM
TXN5182,CRM1182,ACC1182,Order,24212,INR,2025-09-20 00:00:00,CRM
TXN5138,CRM1138,ACC1138,Invoice,48456,INR,2024-06-04 00:00:00,CRM
TXN5477,CRM1477,ACC1477,Refund,45206,INR,2025-09-27 00:00:00,CRM
TXN5409,CRM1409,ACC1409,Payment,35257,INR,2025-08-17 00:00:00,CRM
TXN5639,CRM1639,ACC1639,Payment,37361,INR,2025-10-18 00:00:00,CRM
TXN5426,CRM1426,ACC1426,Invoice,42019,INR,2024-07-07 00:00:00,CRM
TXN5013,CRM1013,ACC1013,Payment,48530,INR,2025-08-25 00:00:00,CRM
TXN5789,CRM1789,ACC1789,Invoice,16246,INR,2025-03-05 00:00:00,CRM
TXN5611,CRM1611,ACC1611,Invoice,9734,INR,2025-09-09 00:00:00,CRM
TXN5833,CRM1833,ACC1833,Refund,18768,INR,2025-11-01 00:00:00,CRM
TXN5854,CRM1854,ACC1854,Refund,38809,INR,2024-04-08 00:00:00,CRM
TXN5797,CRM1797,ACC1797,Payment,11123,INR,2024-08-19 00:00:00,CRM
TXN5945,CRM1945,ACC1945,Refund,14918,INR,2025-11-04 00:00:00,CRM
TXN5180,CRM1180,ACC1180,Invoice,2180,INR,2024-05-24 00:00:00,CRM
TXN5640,CRM1640,ACC1640,Order,6494,INR,2024-04-28 00:00:00,CRM
TXN5888,CRM1888,ACC1888,Payment,10124,INR,2024-09-18 00:00:00,CRM
TXN5610,CRM1610,ACC1610,Refund,17950,INR,2024-06-30 00:00:00,CRM
TXN5224,CRM1224,ACC1224,Credit,18558,INR,2025-05-18 00:00:00,CRM
TXN5122,CRM1122,ACC1122,Credit,38107,INR,2024-11-24 00:00:00,CRM
TXN5027,CRM1027,ACC1027,Invoice,865,INR,2024-11-27 00:00:00,CRM
TXN5325,CRM1325,ACC1325,Payment,7512,INR,2026-03-08 00:00:00,CRM
TXN5674,CRM1674,ACC1674,Credit,16356,INR,2024-12-11 00:00:00,CRM
TXN5932,CRM1932,ACC1932,Refund,26522,INR,2024-11-05 00:00:00,CRM
TXN5374,CRM1374,ACC1374,Order,36328,INR,2025-07-08 00:00:00,CRM
TXN5106,CRM1106,ACC1106,Invoice,10280,INR,2024-01-29 00:00:00,CRM
TXN5529,CRM1529,ACC1529,Order,10392,INR,2024-04-25 00:00:00,CRM
TXN5369,CRM1369,ACC1369,Order,31304,INR,2026-02-12 00:00:00,CRM
TXN5096,CRM1096,ACC1096,Order,12326,INR,2025-04-02 00:00:00,CRM
TXN5749,CRM1749,ACC1749,Credit,25853,INR,2026-01-04 00:00:00,CRM
TXN5470,CRM1470,ACC1470,Refund,17176,INR,2024-11-08 00:00:00,CRM
TXN5933,CRM1933,ACC1933,Refund,12409,INR,2024-04-25 00:00:00,CRM
TXN5451,CRM1451,ACC1451,Refund,1392,INR,2024-10-06 00:00:00,CRM
TXN5907,CRM1907,ACC1907,Invoice,15239,INR,2024-09-08 00:00:00,CRM
TXN5042,CRM1042,ACC1042,Invoice,24671,INR,2024-10-21 00:00:00,CRM
TXN5861,CRM1861,ACC1861,Invoice,38644,INR,2026-02-06 00:00:00,CRM
TXN5678,CRM1678,ACC1678,Refund,29847,INR,2024-07-17 00:00:00,CRM
TXN5925,CRM1925,ACC1925,Invoice,22995,INR,2024-10-19 00:00:00,CRM
TXN5272,CRM1272,ACC1272,Invoice,14323,INR,2026-01-24 00:00:00,CRM
TXN5900,CRM1900,ACC1900,Order,43623,INR,2025-09-07 00:00:00,CRM
TXN5464,CRM1464,ACC1464,Credit,11957,INR,2024-11-13 00:00:00,CRM
TXN5519,CRM1519,ACC1519,Payment,29952,INR,2025-11-28 00:00:00,CRM
TXN5262,CRM1262,ACC1262,Invoice,30859,INR,2025-08-27 00:00:00,CRM
TXN5946,CRM1946,ACC1946,Refund,15311,INR,2024-04-16 00:00:00,CRM
TXN5448,CRM1448,ACC1448,Refund,37123,INR,2024-05-10 00:00:00,CRM
TXN5303,CRM1303,ACC1303,Refund,21484,INR,2025-04-29 00:00:00,CRM
TXN5261,CRM1261,ACC1261,Invoice,42969,INR,2024-03-07 00:00:00,CRM
TXN5568,CRM1568,ACC1568,Invoice,18993,INR,2024-01-02 00:00:00,CRM
TXN5320,CRM1320,ACC1320,Order,32898,INR,2025-07-19 00:00:00,CRM
TXN5540,CRM1540,ACC1540,Refund,25364,INR,2024-04-27 00:00:00,CRM
TXN5382,CRM1382,ACC1382,Refund,40900,INR,2025-11-10 00:00:00,CRM
TXN5428,CRM1428,ACC1428,Payment,4051,INR,2024-04-21 00:00:00,CRM
TXN5595,CRM1595,ACC1595,Credit,38334,INR,2025-07-26 00:00:00,CRM
TXN5061,CRM1061,ACC1061,Credit,41639,INR,2024-09-29 00:00:00,CRM
TXN5352,CRM1352,ACC1352,Invoice,23945,INR,2025-11-08 00:00:00,CRM
TXN5649,CRM1649,ACC1649,Order,30802,INR,2024-03-13 00:00:00,CRM
TXN5778,CRM1778,ACC1778,Order,25667,INR,2025-02-06 00:00:00,CRM
TXN5706,CRM1706,ACC1706,Order,27115,INR,2026-01-04 00:00:00,CRM
TXN5198,CRM1198,ACC1198,Refund,24654,INR,2025-03-09 00:00:00,CRM
TXN5767,CRM1767,ACC1767,Order,41639,INR,2024-07-10 00:00:00,CRM
TXN5612,CRM1612,ACC1612,Refund,22406,INR,2025-06-08 00:00:00,CRM
TXN5793,CRM1793,ACC1793,Order,17266,INR,2025-04-18 00:00:00,CRM
TXN5060,CRM1060,ACC1060,Payment,49444,INR,2025-01-06 00:00:00,CRM
TXN5562,CRM1562,ACC1562,Order,22219,INR,2024-01-21 00:00:00,CRM
TXN5021,CRM1021,ACC1021,Order,10719,INR,2026-03-31 00:00:00,CRM
TXN5514,CRM1514,ACC1514,Refund,38925,INR,2025-06-24 00:00:00,CRM
TXN5444,CRM1444,ACC1444,Order,901,INR,2026-02-17 00:00:00,CRM
TXN5095,CRM1095,ACC1095,Refund,40556,INR,2026-01-02 00:00:00,CRM
TXN5906,CRM1906,ACC1906,Order,24399,INR,2025-06-28 00:00:00,CRM
TXN5072,CRM1072,ACC1072,Refund,45554,INR,2024-08-08 00:00:00,CRM
TXN5045,CRM1045,ACC1045,Credit,7437,INR,2026-01-24 00:00:00,CRM
TXN5318,CRM1318,ACC1318,Order,38574,INR,2025-03-09 00:00:00,CRM
TXN5872,CRM1872,ACC1872,Order,25611,INR,2024-08-27 00:00:00,CRM
TXN5064,CRM1064,ACC1064,Payment,9835,INR,2025-09-25 00:00:00,CRM
TXN5340,CRM1340,ACC1340,Invoice,522,INR,2025-05-29 00:00:00,CRM
TXN5908,CRM1908,ACC1908,Payment,13758,INR,2024-02-05 00:00:00,CRM
TXN5620,CRM1620,ACC1620,Credit,9775,INR,2024-05-09 00:00:00,CRM
TXN5440,CRM1440,ACC1440,Payment,46974,INR,2024-04-12 00:00:00,CRM
TXN5334,CRM1334,ACC1334,Order,29594,INR,2024-01-12 00:00:00,CRM
TXN5845,CRM1845,ACC1845,Order,16471,INR,2025-01-16 00:00:00,CRM
TXN5126,CRM1126,ACC1126,Invoice,42633,INR,2025-08-14 00:00:00,CRM
TXN5948,CRM1948,ACC1948,Order,32985,INR,2025-06-27 00:00:00,CRM
TXN5037,CRM1037,ACC1037,Invoice,28226,INR,2025-04-04 00:00:00,CRM
TXN5248,CRM1248,ACC1248,Refund,8647,INR,2024-09-15 00:00:00,CRM
TXN5220,CRM1220,ACC1220,Refund,30185,INR,2024-04-14 00:00:00,CRM
TXN5255,CRM1255,ACC1255,Order,21253,INR,2026-03-14 00:00:00,CRM
TXN5003,CRM1003,ACC1003,Credit,23327,INR,2025-02-15 00:00:00,CRM
TXN5330,CRM1330,ACC1330,Refund,36334,INR,2024-09-11 00:00:00,CRM
TXN5500,CRM1500,ACC1500,Invoice,18774,INR,2024-09-17 00:00:00,CRM
TXN5751,CRM1751,ACC1751,Order,46077,INR,2024-09-04 00:00:00,CRM
TXN5666,CRM1666,ACC1666,Order,14473,INR,2026-02-28 00:00:00,CRM
TXN5728,CRM1728,ACC1728,Refund,19364,INR,2025-11-24 00:00:00,CRM
TXN5110,CRM1110,ACC1110,Invoice,2967,INR,2024-02-15 00:00:00,CRM
TXN5324,CRM1324,ACC1324,Payment,47873,INR,2025-01-21 00:00:00,CRM
TXN5172,CRM1172,ACC1172,Refund,1619,INR,2026-03-05 00:00:00,CRM
TXN5885,CRM1885,ACC1885,Refund,12936,INR,2024-05-12 00:00:00,CRM
TXN5178,CRM1178,ACC1178,Invoice,14394,INR,2024-01-28 00:00:00,CRM
TXN5397,CRM1397,ACC1397,Refund,5651,INR,2025-03-08 00:00:00,CRM
TXN5707,CRM1707,ACC1707,Credit,24810,INR,2024-08-27 00:00:00,CRM
TXN5684,CRM1684,ACC1684,Payment,27100,INR,2024-05-21 00:00:00,CRM
TXN5240,CRM1240,ACC1240,Invoice,9558,INR,2025-12-17 00:00:00,CRM
TXN5880,CRM1880,ACC1880,Payment,40126,INR,2026-02-27 00:00:00,CRM
TXN5130,CRM1130,ACC1130,Refund,18665,INR,2025-10-31 00:00:00,CRM
TXN5349,CRM1349,ACC1349,Credit,4655,INR,2024-04-01 00:00:00,CRM
TXN5537,CRM1537,ACC1537,Invoice,15574,INR,2024-06-28 00:00:00,CRM
TXN5012,CRM1012,ACC1012,Payment,35977,INR,2025-10-09 00:00:00,CRM
TXN5771,CRM1771,ACC1771,Order,5070,INR,2024-01-16 00:00:00,CRM
TXN5566,CRM1566,ACC1566,Refund,24811,INR,2024-11-02 00:00:00,CRM
TXN5345,CRM1345,ACC1345,Payment,26399,INR,2025-05-06 00:00:00,CRM
TXN5111,CRM1111,ACC1111,Payment,36820,INR,2025-05-15 00:00:00,CRM
TXN5265,CRM1265,ACC1265,Credit,49645,INR,2024-10-26 00:00:00,CRM
TXN5647,CRM1647,ACC1647,Refund,3989,INR,2025-08-06 00:00:00,CRM
TXN5539,CRM1539,ACC1539,Credit,25792,INR,2025-04-17 00:00:00,CRM
TXN5276,CRM1276,ACC1276,Refund,1460,INR,2024-03-09 00:00:00,CRM
TXN5479,CRM1479,ACC1479,Refund,14018,INR,2024-09-05 00:00:00,CRM
TXN5517,CRM1517,ACC1517,Payment,32038,INR,2025-08-15 00:00:00,CRM
TXN5443,CRM1443,ACC1443,Credit,42404,INR,2025-02-01 00:00:00,CRM
TXN5120,CRM1120,ACC1120,Payment,20298,INR,2024-08-29 00:00:00,CRM
TXN5308,CRM1308,ACC1308,Order,10843,INR,2025-06-07 00:00:00,CRM
TXN5267,CRM1267,ACC1267,Order,10228,INR,2024-08-09 00:00:00,CRM
TXN5909,CRM1909,ACC1909,Invoice,5582,INR,2024-03-21 00:00:00,CRM
TXN5893,CRM1893,ACC1893,Order,45010,INR,2025-06-11 00:00:00,CRM
TXN5858,CRM1858,ACC1858,Credit,6375,INR,2025-03-01 00:00:00,CRM
TXN5794,CRM1794,ACC1794,Refund,2116,INR,2025-12-12 00:00:00,CRM
TXN5732,CRM1732,ACC1732,Payment,23320,INR,2024-05-09 00:00:00,CRM
TXN5230,CRM1230,ACC1230,Payment,29782,INR,2025-03-12 00:00:00,CRM
TXN5093,CRM1093,ACC1093,Order,37923,INR,2024-12-06 00:00:00,CRM
TXN5917,CRM1917,ACC1917,Payment,47800,INR,2026-03-01 00:00:00,CRM
TXN5379,CRM1379,ACC1379,Order,15342,INR,2024-11-30 00:00:00,CRM
TXN5697,CRM1697,ACC1697,Payment,48381,INR,2024-01-29 00:00:00,CRM
TXN5934,CRM1934,ACC1934,Invoice,1387,INR,2025-04-09 00:00:00,CRM
TXN5287,CRM1287,ACC1287,Credit,33560,INR,2026-03-09 00:00:00,CRM
TXN5083,CRM1083,ACC1083,Credit,9928,INR,2024-08-30 00:00:00,CRM
TXN5084,CRM1084,ACC1084,Invoice,21805,INR,2025-10-30 00:00:00,CRM
TXN5784,CRM1784,ACC1784,Credit,30066,INR,2024-11-27 00:00:00,CRM
TXN5786,CRM1786,ACC1786,Invoice,39390,INR,2026-01-24 00:00:00,CRM
TXN5713,CRM1713,ACC1713,Order,1193,INR,2024-06-10 00:00:00,CRM
TXN5117,CRM1117,ACC1117,Payment,12601,INR,2024-08-30 00:00:00,CRM
TXN5896,CRM1896,ACC1896,Credit,45539,INR,2025-09-24 00:00:00,CRM
TXN5030,CRM1030,ACC1030,Refund,36908,INR,2026-01-25 00:00:00,CRM
TXN5164,CRM1164,ACC1164,Invoice,10338,INR,2025-09-02 00:00:00,CRM
TXN5453,CRM1453,ACC1453,Refund,17743,INR,2024-06-17 00:00:00,CRM
TXN5326,CRM1326,ACC1326,Refund,38578,INR,2026-03-28 00:00:00,CRM
TXN5412,CRM1412,ACC1412,Payment,49033,INR,2025-07-24 00:00:00,CRM
TXN5523,CRM1523,ACC1523,Refund,47061,INR,2024-09-15 00:00:00,CRM
TXN5821,CRM1821,ACC1821,Credit,38634,INR,2025-05-06 00:00:00,CRM
TXN5614,CRM1614,ACC1614,Order,46842,INR,2024-09-27 00:00:00,CRM
TXN5422,CRM1422,ACC1422,Invoice,33688,INR,2025-09-15 00:00:00,CRM
TXN5425,CRM1425,ACC1425,Refund,25486,INR,2026-03-13 00:00:00,CRM
TXN5225,CRM1225,ACC1225,Payment,13574,INR,2026-03-31 00:00:00,CRM
TXN5667,CRM1667,ACC1667,Order,2827,INR,2024-09-21 00:00:00,CRM
TXN5046,CRM1046,ACC1046,Invoice,12979,INR,2024-03-05 00:00:00,CRM
TXN5079,CRM1079,ACC1079,Refund,11719,INR,2024-04-13 00:00:00,CRM
TXN5494,CRM1494,ACC1494,Payment,15541,INR,2024-11-08 00:00:00,CRM
TXN5787,CRM1787,ACC1787,Credit,28254,INR,2024-11-15 00:00:00,CRM
TXN5511,CRM1511,ACC1511,Credit,43823,INR,2024-09-18 00:00:00,CRM
TXN5592,CRM1592,ACC1592,Invoice,8790,INR,2024-01-23 00:00:00,CRM
TXN5810,CRM1810,ACC1810,Credit,5844,INR,2026-01-17 00:00:00,CRM
TXN5394,CRM1394,ACC1394,Refund,24179,INR,2024-09-09 00:00:00,CRM
TXN5161,CRM1161,ACC1161,Refund,41482,INR,2025-06-21 00:00:00,CRM
TXN5694,CRM1694,ACC1694,Credit,22343,INR,2026-02-23 00:00:00,CRM
TXN5017,CRM1017,ACC1017,Invoice,20458,INR,2025-09-21 00:00:00,CRM
TXN5493,CRM1493,ACC1493,Payment,41402,INR,2024-08-22 00:00:00,CRM
TXN5277,CRM1277,ACC1277,Payment,11322,INR,2025-03-17 00:00:00,CRM
TXN5765,CRM1765,ACC1765,Order,30605,INR,2025-07-04 00:00:00,CRM
TXN5259,CRM1259,ACC1259,Credit,33065,INR,2025-02-08 00:00:00,CRM
TXN5630,CRM1630,ACC1630,Payment,47759,INR,2026-03-17 00:00:00,CRM
TXN5688,CRM1688,ACC1688,Order,26286,INR,2025-01-03 00:00:00,CRM
TXN5950,CRM1950,ACC1950,Order,5703,INR,2025-01-12 00:00:00,CRM
TXN5626,CRM1626,ACC1626,Order,30604,INR,2024-06-24 00:00:00,CRM
TXN5474,CRM1474,ACC1474,Order,9671,INR,2024-07-17 00:00:00,CRM
TXN5010,CRM1010,ACC1010,Invoice,32790,INR,2025-12-24 00:00:00,CRM
TXN5056,CRM1056,ACC1056,Refund,26978,INR,2025-06-15 00:00:00,CRM
TXN5107,CRM1107,ACC1107,Order,9328,INR,2026-03-23 00:00:00,CRM
TXN5341,CRM1341,ACC1341,Credit,15049,INR,2024-09-29 00:00:00,CRM
TXN5480,CRM1480,ACC1480,Payment,42774,INR,2025-10-18 00:00:00,CRM
TXN5456,CRM1456,ACC1456,Invoice,35152,INR,2024-09-14 00:00:00,CRM
TXN5150,CRM1150,ACC1150,Credit,29180,INR,2024-09-11 00:00:00,CRM
TXN5736,CRM1736,ACC1736,Credit,20153,INR,2025-10-03 00:00:00,CRM
TXN5159,CRM1159,ACC1159,Order,6404,INR,2024-10-18 00:00:00,CRM
TXN5100,CRM1100,ACC1100,Invoice,4133,INR,2024-12-05 00:00:00,CRM
TXN5883,CRM1883,ACC1883,Order,20311,INR,2025-10-24 00:00:00,CRM
TXN5704,CRM1704,ACC1704,Refund,4037,INR,2025-12-04 00:00:00,CRM
TXN5433,CRM1433,ACC1433,Order,11962,INR,2024-06-04 00:00:00,CRM
TXN5445,CRM1445,ACC1445,Credit,1483,INR,2024-04-20 00:00:00,CRM
TXN5209,CRM1209,ACC1209,Refund,36796,INR,2024-08-23 00:00:00,CRM
TXN5393,CRM1393,ACC1393,Order,45552,INR,2026-03-10 00:00:00,CRM
TXN5624,CRM1624,ACC1624,Refund,14888,INR,2025-12-22 00:00:00,CRM
TXN5918,CRM1918,ACC1918,Payment,13565,INR,2025-01-04 00:00:00,CRM
TXN5602,CRM1602,ACC1602,Refund,32393,INR,2025-04-12 00:00:00,CRM
TXN5598,CRM1598,ACC1598,Order,37962,INR,2025-01-12 00:00:00,CRM
TXN5420,CRM1420,ACC1420,Order,37934,INR,2025-04-06 00:00:00,CRM
TXN5282,CRM1282,ACC1282,Order,10878,INR,2025-11-07 00:00:00,CRM
TXN5278,CRM1278,ACC1278,Invoice,2224,INR,2024-08-07 00:00:00,CRM
TXN5398,CRM1398,ACC1398,Order,15381,INR,2025-09-02 00:00:00,CRM
TXN5869,CRM1869,ACC1869,Credit,4161,INR,2025-01-10 00:00:00,CRM
TXN5044,CRM1044,ACC1044,Invoice,11829,INR,2025-12-25 00:00:00,CRM
TXN5114,CRM1114,ACC1114,Credit,29229,INR,2024-12-23 00:00:00,CRM
TXN5199,CRM1199,ACC1199,Payment,41322,INR,2024-03-07 00:00:00,CRM
TXN5560,CRM1560,ACC1560,Payment,18781,INR,2024-12-03 00:00:00,CRM
TXN5791,CRM1791,ACC1791,Invoice,30487,INR,2025-01-13 00:00:00,CRM
TXN5775,CRM1775,ACC1775,Credit,36923,INR,2025-02-27 00:00:00,CRM
TXN5097,CRM1097,ACC1097,Credit,38659,INR,2025-03-25 00:00:00,CRM
TXN5750,CRM1750,ACC1750,Refund,31793,INR,2024-09-26 00:00:00,CRM
TXN5764,CRM1764,ACC1764,Refund,12535,INR,2024-10-19 00:00:00,CRM
TXN5185,CRM1185,ACC1185,Order,11402,INR,2025-09-05 00:00:00,CRM
TXN5107,CRM1107,ACC1107,Order,9328,INR,2026-03-23 00:00:00,CRM
TXN5134,CRM1134,ACC1134,Order,14289,INR,2025-12-04 00:00:00,CRM
TXN5923,CRM1923,ACC1923,Order,28739,INR,2024-08-01 00:00:00,CRM
TXN5458,CRM1458,ACC1458,Refund,22923,INR,2024-08-21 00:00:00,CRM
TXN5823,CRM1823,ACC1823,Payment,20881,INR,2024-02-24 00:00:00,CRM
TXN5310,CRM1310,ACC1310,Payment,11336,INR,2025-09-06 00:00:00,CRM
TXN5041,CRM1041,ACC1041,Credit,48914,INR,2025-12-21 00:00:00,CRM
TXN5654,CRM1654,ACC1654,Payment,37316,INR,2025-12-29 00:00:00,CRM
TXN5285,CRM1285,ACC1285,Order,15914,INR,2025-01-13 00:00:00,CRM
TXN5836,CRM1836,ACC1836,Order,28120,INR,2025-01-03 00:00:00,CRM
TXN5418,CRM1418,ACC1418,Payment,32614,INR,2026-02-13 00:00:00,CRM
TXN5502,CRM1502,ACC1502,Payment,17663,INR,2025-03-13 00:00:00,CRM
TXN5527,CRM1527,ACC1527,Invoice,34674,INR,2024-08-29 00:00:00,CRM
TXN5455,CRM1455,ACC1455,Order,11288,INR,2024-02-24 00:00:00,CRM
TXN5693,CRM1693,ACC1693,Order,39432,INR,2024-02-04 00:00:00,CRM
TXN5170,CRM1170,ACC1170,Credit,39572,INR,2024-12-19 00:00:00,CRM
TXN5098,CRM1098,ACC1098,Order,12741,INR,2025-08-07 00:00:00,CRM
TXN5201,CRM1201,ACC1201,Payment,24877,INR,2024-10-18 00:00:00,CRM
TXN5862,CRM1862,ACC1862,Credit,14797,INR,2024-05-02 00:00:00,CRM
TXN5494,CRM1494,ACC1494,Payment,15541,INR,2024-11-08 00:00:00,CRM
TXN5271,CRM1271,ACC1271,Invoice,21623,INR,2025-03-23 00:00:00,CRM
TXN5387,CRM1387,ACC1387,Credit,20970,INR,2025-12-06 00:00:00,CRM
TXN5202,CRM1202,ACC1202,Refund,11803,INR,2024-09-09 00:00:00,CRM
TXN5171,CRM1171,ACC1171,Invoice,46018,INR,2025-08-20 00:00:00,CRM
TXN5843,CRM1843,ACC1843,Invoice,47485,INR,2025-03-25 00:00:00,CRM
TXN5376,CRM1376,ACC1376,Credit,10032,INR,2024-04-09 00:00:00,CRM
TXN5105,CRM1105,ACC1105,Credit,34509,INR,2024-09-05 00:00:00,CRM
TXN5435,CRM1435,ACC1435,Refund,28561,INR,2025-05-04 00:00:00,CRM
TXN5070,CRM1070,ACC1070,Refund,8425,INR,2025-10-22 00:00:00,CRM
TXN5055,CRM1055,ACC1055,Order,35398,INR,2024-06-18 00:00:00,CRM
TXN5792,CRM1792,ACC1792,Payment,34622,INR,2024-07-10 00:00:00,CRM
TXN5716,CRM1716,ACC1716,Payment,14563,INR,2026-01-06 00:00:00,CRM
TXN5186,CRM1186,ACC1186,Credit,4531,INR,2025-03-29 00:00:00,CRM
TXN5857,CRM1857,ACC1857,Order,43213,INR,2024-06-14 00:00:00,CRM
TXN5942,CRM1942,ACC1942,Order,20226,INR,2026-03-06 00:00:00,CRM
TXN5722,CRM1722,ACC1722,Refund,46649,INR,2024-07-14 00:00:00,CRM
TXN5469,CRM1469,ACC1469,Payment,3589,INR,2024-02-02 00:00:00,CRM
TXN5755,CRM1755,ACC1755,Payment,38579,INR,2025-12-16 00:00:00,CRM
TXN5657,CRM1657,ACC1657,Credit,34703,INR,2025-04-24 00:00:00,CRM
TXN5653,CRM1653,ACC1653,Order,33541,INR,2025-08-10 00:00:00,CRM
TXN5033,CRM1033,ACC1033,Credit,34892,INR,2025-09-23 00:00:00,CRM
TXN5196,CRM1196,ACC1196,Credit,24301,INR,2025-02-19 00:00:00,CRM
TXN5890,CRM1890,ACC1890,Invoice,48920,INR,2024-12-17 00:00:00,CRM
TXN5818,CRM1818,ACC1818,Credit,46333,INR,2025-09-10 00:00:00,CRM
TXN5597,CRM1597,ACC1597,Payment,5655,INR,2025-07-20 00:00:00,CRM
TXN5143,CRM1143,ACC1143,Credit,49391,INR,2025-11-20 00:00:00,CRM
TXN5004,CRM1004,ACC1004,Invoice,9468,INR,2024-12-04 00:00:00,CRM
TXN5022,CRM1022,ACC1022,Payment,24912,INR,2025-10-16 00:00:00,CRM
TXN5006,CRM1006,ACC1006,Order,21763,INR,2026-03-02 00:00:00,CRM
TXN5499,CRM1499,ACC1499,Order,28351,INR,2024-12-19 00:00:00,CRM
TXN5020,CRM1020,ACC1020,Invoice,910,INR,2024-02-10 00:00:00,CRM
TXN5837,CRM1837,ACC1837,Credit,39981,INR,2025-12-28 00:00:00,CRM
TXN5719,CRM1719,ACC1719,Credit,22768,INR,2024-02-02 00:00:00,CRM
TXN5879,CRM1879,ACC1879,Refund,13367,INR,2025-12-02 00:00:00,CRM
TXN5515,CRM1515,ACC1515,Credit,10658,INR,2026-02-21 00:00:00,CRM
TXN5410,CRM1410,ACC1410,Payment,12226,INR,2024-02-18 00:00:00,CRM
TXN5762,CRM1762,ACC1762,Refund,14427,INR,2025-01-23 00:00:00,CRM
TXN5838,CRM1838,ACC1838,Invoice,46447,INR,2024-01-11 00:00:00,CRM
TXN5645,CRM1645,ACC1645,Order,49490,INR,2024-02-14 00:00:00,CRM
TXN5532,CRM1532,ACC1532,Invoice,11798,INR,2025-06-13 00:00:00,CRM
TXN5402,CRM1402,ACC1402,Refund,46988,INR,2025-10-25 00:00:00,CRM
TXN5364,CRM1364,ACC1364,Order,40888,INR,2024-04-09 00:00:00,CRM
TXN5563,CRM1563,ACC1563,Order,29067,INR,2025-03-19 00:00:00,CRM
TXN5147,CRM1147,ACC1147,Order,40969,INR,2026-01-08 00:00:00,CRM
TXN5675,CRM1675,ACC1675,Invoice,28069,INR,2025-06-26 00:00:00,CRM
TXN5720,CRM1720,ACC1720,Refund,19015,INR,2024-02-14 00:00:00,CRM
TXN5266,CRM1266,ACC1266,Order,27427,INR,2025-01-26 00:00:00,CRM
TXN5916,CRM1916,ACC1916,Refund,26804,INR,2025-08-23 00:00:00,CRM
TXN5168,CRM1168,ACC1168,Refund,4826,INR,2026-01-29 00:00:00,CRM
TXN5886,CRM1886,ACC1886,Invoice,25753,INR,2024-05-17 00:00:00,CRM
TXN5023,CRM1023,ACC1023,Invoice,38925,INR,2025-10-24 00:00:00,CRM
TXN5442,CRM1442,ACC1442,Payment,35457,INR,2026-03-27 00:00:00,CRM
TXN5246,CRM1246,ACC1246,Order,8133,INR,2024-02-21 00:00:00,CRM
TXN5741,CRM1741,ACC1741,Payment,45459,INR,2025-08-03 00:00:00,CRM
TXN5715,CRM1715,ACC1715,Order,21439,INR,2024-04-23 00:00:00,CRM
TXN5354,CRM1354,ACC1354,Invoice,47340,INR,2025-02-21 00:00:00,CRM
TXN5141,CRM1141,ACC1141,Refund,27377,INR,2025-04-22 00:00:00,CRM
TXN5067,CRM1067,ACC1067,Credit,16300,INR,2026-01-17 00:00:00,CRM
TXN5831,CRM1831,ACC1831,Invoice,4377,INR,2024-09-15 00:00:00,CRM
TXN5293,CRM1293,ACC1293,Order,5127,INR,2025-07-13 00:00:00,CRM
TXN5665,CRM1665,ACC1665,Invoice,20872,INR,2025-07-05 00:00:00,CRM
TXN5005,CRM1005,ACC1005,Credit,28559,INR,2025-03-02 00:00:00,CRM
TXN5054,CRM1054,ACC1054,Credit,30855,INR,2024-12-19 00:00:00,CRM
TXN5528,CRM1528,ACC1528,Invoice,37725,INR,2026-03-22 00:00:00,CRM
TXN5613,CRM1613,ACC1613,Credit,5379,INR,2025-04-05 00:00:00,CRM
TXN5594,CRM1594,ACC1594,Payment,30289,INR,2025-10-08 00:00:00,CRM
TXN5483,CRM1483,ACC1483,Credit,25371,INR,2025-12-02 00:00:00,CRM
TXN5596,CRM1596,ACC1596,Invoice,25412,INR,2024-01-16 00:00:00,CRM
TXN5299,CRM1299,ACC1299,Credit,24997,INR,2025-03-24 00:00:00,CRM
TXN5268,CRM1268,ACC1268,Refund,19286,INR,2024-02-20 00:00:00,CRM
TXN5802,CRM1802,ACC1802,Invoice,4925,INR,2024-12-27 00:00:00,CRM
TXN5546,CRM1546,ACC1546,Payment,25647,INR,2026-03-26 00:00:00,CRM
TXN5273,CRM1273,ACC1273,Credit,44391,INR,2025-08-28 00:00:00,CRM
TXN5419,CRM1419,ACC1419,Refund,22776,INR,2025-07-04 00:00:00,CRM
TXN5917,CRM1917,ACC1917,Payment,47800,INR,2026-03-01 00:00:00,CRM
TXN5734,CRM1734,ACC1734,Order,33692,INR,2025-09-18 00:00:00,CRM
TXN5112,CRM1112,ACC1112,Credit,45458,INR,2025-04-21 00:00:00,CRM
TXN5579,CRM1579,ACC1579,Credit,41252,INR,2025-02-18 00:00:00,CRM
TXN5245,CRM1245,ACC1245,Credit,2134,INR,2026-02-12 00:00:00,CRM
TXN5834,CRM1834,ACC1834,Invoice,48416,INR,2024-05-14 00:00:00,CRM
TXN5310,CRM1310,ACC1310,Payment,11336,INR,2025-09-06 00:00:00,CRM
TXN5066,CRM1066,ACC1066,Refund,25561,INR,2025-11-04 00:00:00,CRM
TXN5216,CRM1216,ACC1216,Invoice,39346,INR,2024-02-01 00:00:00,CRM
TXN5257,CRM1257,ACC1257,Credit,40401,INR,2025-05-28 00:00:00,CRM
TXN5652,CRM1652,ACC1652,Payment,46418,INR,2025-10-31 00:00:00,CRM
TXN5304,CRM1304,ACC1304,Order,12285,INR,2024-07-12 00:00:00,CRM
TXN5605,CRM1605,ACC1605,Refund,39960,INR,2024-07-08 00:00:00,CRM
TXN5115,CRM1115,ACC1115,Invoice,45937,INR,2026-01-27 00:00:00,CRM
TXN5721,CRM1721,ACC1721,Refund,7046,INR,2026-02-22 00:00:00,CRM
TXN5088,CRM1088,ACC1088,Payment,27885,INR,2024-05-05 00:00:00,CRM
TXN5288,CRM1288,ACC1288,Credit,29898,INR,2024-05-30 00:00:00,CRM
TXN5538,CRM1538,ACC1538,Order,1566,INR,2024-03-05 00:00:00,CRM
TXN5870,CRM1870,ACC1870,Refund,37015,INR,2025-01-12 00:00:00,CRM
TXN5429,CRM1429,ACC1429,Refund,41959,INR,2024-12-08 00:00:00,CRM
TXN5347,CRM1347,ACC1347,Refund,39948,INR,2025-08-12 00:00:00,CRM
TXN5389,CRM1389,ACC1389,Credit,17619,INR,2024-11-17 00:00:00,CRM
TXN5270,CRM1270,ACC1270,Payment,16768,INR,2024-08-26 00:00:00,CRM
TXN5541,CRM1541,ACC1541,Order,2453,INR,2025-06-04 00:00:00,CRM
TXN5644,CRM1644,ACC1644,Payment,12685,INR,2025-03-13 00:00:00,CRM
TXN5210,CRM1210,ACC1210,Order,29947,INR,2025-02-12 00:00:00,CRM
TXN5450,CRM1450,ACC1450,Credit,39528,INR,2025-01-01 00:00:00,CRM
TXN5139,CRM1139,ACC1139,Order,14082,INR,2024-06-10 00:00:00,CRM
TXN5553,CRM1553,ACC1553,Credit,42542,INR,2024-05-21 00:00:00,CRM
TXN5901,CRM1901,ACC1901,Credit,45241,INR,2025-01-24 00:00:00,CRM
TXN5116,CRM1116,ACC1116,Payment,44235,INR,2025-06-10 00:00:00,CRM
TXN5815,CRM1815,ACC1815,Credit,3413,INR,2025-12-26 00:00:00,CRM
TXN5889,CRM1889,ACC1889,Invoice,27431,INR,2025-11-12 00:00:00,CRM
TXN5526,CRM1526,ACC1526,Invoice,39323,INR,2025-04-05 00:00:00,CRM
TXN5142,CRM1142,ACC1142,Invoice,4006,INR,2024-04-27 00:00:00,CRM
TXN5888,CRM1888,ACC1888,Payment,10124,INR,2024-09-18 00:00:00,CRM
TXN5440,CRM1440,ACC1440,Payment,46974,INR,2024-04-12 00:00:00,CRM
TXN5484,CRM1484,ACC1484,Invoice,5269,INR,2025-05-01 00:00:00,CRM
TXN5564,CRM1564,ACC1564,Refund,28161,INR,2024-10-02 00:00:00,CRM
TXN5427,CRM1427,ACC1427,Refund,22553,INR,2025-12-18 00:00:00,CRM
TXN5754,CRM1754,ACC1754,Invoice,37873,INR,2024-10-22 00:00:00,CRM
TXN5312,CRM1312,ACC1312,Invoice,30866,INR,2026-01-13 00:00:00,CRM
TXN5386,CRM1386,ACC1386,Payment,33708,INR,2025-01-25 00:00:00,CRM
TXN5126,CRM1126,ACC1126,Invoice,42633,INR,2025-08-14 00:00:00,CRM
TXN5302,CRM1302,ACC1302,Credit,3568,INR,2025-03-04 00:00:00,CRM
TXN5705,CRM1705,ACC1705,Invoice,11522,INR,2025-10-11 00:00:00,CRM
TXN5554,CRM1554,ACC1554,Invoice,21134,INR,2024-11-12 00:00:00,CRM
TXN5292,CRM1292,ACC1292,Payment,43851,INR,2025-06-04 00:00:00,CRM
TXN5303,CRM1303,ACC1303,Refund,21484,INR,2025-04-29 00:00:00,CRM
TXN5063,CRM1063,ACC1063,Invoice,37935,INR,2024-02-03 00:00:00,CRM
TXN5587,CRM1587,ACC1587,Payment,2507,INR,2025-01-14 00:00:00,CRM
TXN5816,CRM1816,ACC1816,Order,49679,INR,2026-03-02 00:00:00,CRM
TXN5460,CRM1460,ACC1460,Credit,48308,INR,2025-01-30 00:00:00,CRM
TXN5391,CRM1391,ACC1391,Credit,9332,INR,2026-01-09 00:00:00,CRM
TXN5658,CRM1658,ACC1658,Refund,39369,INR,2025-07-22 00:00:00,CRM
TXN5873,CRM1873,ACC1873,Refund,10525,INR,2024-03-27 00:00:00,CRM
TXN5570,CRM1570,ACC1570,Order,26637,INR,2025-09-20 00:00:00,CRM
TXN5671,CRM1671,ACC1671,Invoice,5003,INR,2025-04-24 00:00:00,CRM
TXN5227,CRM1227,ACC1227,Invoice,2124,INR,2024-01-18 00:00:00,CRM
TXN5806,CRM1806,ACC1806,Credit,6690,INR,2025-03-20 00:00:00,CRM
TXN5822,CRM1822,ACC1822,Invoice,33862,INR,2024-10-09 00:00:00,CRM
TXN5569,CRM1569,ACC1569,Refund,35997,INR,2024-11-27 00:00:00,CRM
TXN5306,CRM1306,ACC1306,Payment,39538,INR,2025-02-16 00:00:00,CRM
TXN5254,CRM1254,ACC1254,Payment,16837,INR,2025-11-14 00:00:00,CRM
TXN5703,CRM1703,ACC1703,Payment,46647,INR,2025-03-31 00:00:00,CRM
TXN5533,CRM1533,ACC1533,Credit,3735,INR,2025-12-29 00:00:00,CRM
TXN5289,CRM1289,ACC1289,Order,5972,INR,2025-03-31 00:00:00,CRM
TXN5604,CRM1604,ACC1604,Invoice,32499,INR,2024-10-30 00:00:00,CRM
TXN5403,CRM1403,ACC1403,Invoice,7054,INR,2025-06-11 00:00:00,CRM
TXN5344,CRM1344,ACC1344,Order,29067,INR,2024-05-20 00:00:00,CRM
TXN5297,CRM1297,ACC1297,Credit,34129,INR,2026-01-25 00:00:00,CRM
TXN5729,CRM1729,ACC1729,Credit,14670,INR,2024-11-07 00:00:00,CRM
TXN5552,CRM1552,ACC1552,Refund,49722,INR,2026-02-23 00:00:00,CRM
TXN5919,CRM1919,ACC1919,Invoice,29112,INR,2025-01-14 00:00:00,CRM
TXN5307,CRM1307,ACC1307,Order,42964,INR,2025-11-15 00:00:00,CRM
TXN5556,CRM1556,ACC1556,Order,2785,INR,2024-01-04 00:00:00,CRM
TXN5212,CRM1212,ACC1212,Invoice,28274,INR,2025-06-12 00:00:00,CRM
TXN5424,CRM1424,ACC1424,Invoice,24717,INR,2024-09-21 00:00:00,CRM
TXN5663,CRM1663,ACC1663,Order,41421,INR,2026-03-23 00:00:00,CRM
TXN5165,CRM1165,ACC1165,Payment,25113,INR,2024-05-11 00:00:00,CRM
TXN5814,CRM1814,ACC1814,Order,25516,INR,2025-07-23 00:00:00,CRM
TXN5551,CRM1551,ACC1551,Order,32126,INR,2024-10-09 00:00:00,CRM
TXN5882,CRM1882,ACC1882,Credit,27817,INR,2024-12-18 00:00:00,CRM
TXN5377,CRM1377,ACC1377,Payment,5717,INR,2025-03-29 00:00:00,CRM
TXN5184,CRM1184,ACC1184,Credit,32930,INR,2024-10-11 00:00:00,CRM
TXN5009,CRM1009,ACC1009,Payment,20072,INR,2024-06-20 00:00:00,CRM
TXN5478,CRM1478,ACC1478,Order,30040,INR,2025-03-24 00:00:00,CRM
TXN5380,CRM1380,ACC1380,Credit,12605,INR,2025-02-07 00:00:00,CRM
TXN5780,CRM1780,ACC1780,Invoice,40887,INR,2024-01-07 00:00:00,CRM
TXN5211,CRM1211,ACC1211,Payment,6396,INR,2025-05-15 00:00:00,CRM
TXN5845,CRM1845,ACC1845,Order,16471,INR,2025-01-16 00:00:00,CRM
TXN5229,CRM1229,ACC1229,Payment,35344,INR,2025-06-24 00:00:00,CRM
TXN5390,CRM1390,ACC1390,Order,7751,INR,2024-05-07 00:00:00,CRM
TXN5800,CRM1800,ACC1800,Invoice,6986,INR,2025-10-24 00:00:00,CRM
TXN5691,CRM1691,ACC1691,Refund,10950,INR,2024-07-29 00:00:00,CRM
TXN5113,CRM1113,ACC1113,Credit,33494,INR,2025-06-02 00:00:00,CRM
TXN5081,CRM1081,ACC1081,Credit,5438,INR,2025-10-17 00:00:00,CRM
TXN5452,CRM1452,ACC1452,Refund,9341,INR,2026-01-05 00:00:00,CRM
TXN5589,CRM1589,ACC1589,Payment,30222,INR,2024-03-20 00:00:00,CRM
TXN5939,CRM1939,ACC1939,Order,44258,INR,2024-09-28 00:00:00,CRM
TXN5846,CRM1846,ACC1846,Invoice,3215,INR,2026-03-06 00:00:00,CRM
TXN5608,CRM1608,ACC1608,Order,40382,INR,2025-12-30 00:00:00,CRM
TXN5731,CRM1731,ACC1731,Credit,8267,INR,2024-01-04 00:00:00,CRM
TXN5039,CRM1039,ACC1039,Refund,10311,INR,2026-02-03 00:00:00,CRM
TXN5775,CRM1775,ACC1775,Credit,36923,INR,2025-02-27 00:00:00,CRM
TXN5482,CRM1482,ACC1482,Order,13058,INR,2025-07-22 00:00:00,CRM
TXN5746,CRM1746,ACC1746,Order,42713,INR,2024-01-20 00:00:00,CRM
TXN5758,CRM1758,ACC1758,Refund,25205,INR,2026-02-15 00:00:00,CRM
TXN5362,CRM1362,ACC1362,Payment,49683,INR,2024-11-05 00:00:00,CRM
TXN5774,CRM1774,ACC1774,Payment,16509,INR,2024-01-06 00:00:00,CRM
TXN5417,CRM1417,ACC1417,Payment,21127,INR,2025-03-09 00:00:00,CRM
TXN5024,CRM1024,ACC1024,Invoice,5267,INR,2024-08-30 00:00:00,CRM
TXN5034,CRM1034,ACC1034,Refund,25785,INR,2025-08-23 00:00:00,CRM
TXN5339,CRM1339,ACC1339,Payment,36061,INR,2025-07-13 00:00:00,CRM
TXN5264,CRM1264,ACC1264,Refund,25549,INR,2025-09-09 00:00:00,CRM
TXN5035,CRM1035,ACC1035,Credit,47472,INR,2025-05-17 00:00:00,CRM
TXN5777,CRM1777,ACC1777,Order,10426,INR,2024-04-29 00:00:00,CRM
TXN5356,CRM1356,ACC1356,Refund,47667,INR,2025-02-21 00:00:00,CRM
TXN5745,CRM1745,ACC1745,Refund,37815,INR,2025-08-14 00:00:00,CRM
TXN5753,CRM1753,ACC1753,Invoice,47466,INR,2024-08-11 00:00:00,CRM
TXN5430,CRM1430,ACC1430,Credit,40361,INR,2024-12-21 00:00:00,CRM
TXN5733,CRM1733,ACC1733,Order,14558,INR,2025-03-14 00:00:00,CRM
TXN5629,CRM1629,ACC1629,Invoice,37199,INR,2025-09-17 00:00:00,CRM
TXN5461,CRM1461,ACC1461,Credit,3651,INR,2025-04-17 00:00:00,CRM
TXN5459,CRM1459,ACC1459,Refund,23157,INR,2025-12-14 00:00:00,CRM
TXN5305,CRM1305,ACC1305,Refund,37424,INR,2024-03-28 00:00:00,CRM
TXN5743,CRM1743,ACC1743,Payment,25922,INR,2024-03-13 00:00:00,CRM
TXN5718,CRM1718,ACC1718,Credit,17515,INR,2025-03-26 00:00:00,CRM
TXN5682,CRM1682,ACC1682,Payment,12091,INR,2024-11-21 00:00:00,CRM
TXN5634,CRM1634,ACC1634,Payment,47494,INR,2025-04-08 00:00:00,CRM
TXN5621,CRM1621,ACC1621,Payment,33067,INR,2024-01-01 00:00:00,CRM
TXN5314,CRM1314,ACC1314,Refund,44054,INR,2025-10-12 00:00:00,CRM
TXN5853,CRM1853,ACC1853,Refund,30620,INR,2024-12-30 00:00:00,CRM
TXN5476,CRM1476,ACC1476,Payment,35710,INR,2025-09-21 00:00:00,CRM
TXN5575,CRM1575,ACC1575,Invoice,28673,INR,2025-03-05 00:00:00,CRM
TXN5785,CRM1785,ACC1785,Credit,12694,INR,2024-03-30 00:00:00,CRM
TXN5144,CRM1144,ACC1144,Order,8097,INR,2024-04-25 00:00:00,CRM
TXN5902,CRM1902,ACC1902,Payment,14957,INR,2024-07-24 00:00:00,CRM
TXN5052,CRM1052,ACC1052,Invoice,27721,INR,2024-09-25 00:00:00,CRM
TXN5008,CRM1008,ACC1008,Refund,35818,INR,2025-03-28 00:00:00,CRM
TXN5492,CRM1492,ACC1492,Credit,33467,INR,2024-05-28 00:00:00,CRM
TXN5291,CRM1291,ACC1291,Credit,41522,INR,2025-08-24 00:00:00,CRM
TXN5468,CRM1468,ACC1468,Payment,24225,INR,2026-03-27 00:00:00,CRM
TXN5577,CRM1577,ACC1577,Credit,9729,INR,2025-01-21 00:00:00,CRM
TXN5290,CRM1290,ACC1290,Order,48403,INR,2025-07-04 00:00:00,CRM
TXN5705,CRM1705,ACC1705,Invoice,11522,INR,2025-10-11 00:00:00,CRM
TXN5530,CRM1530,ACC1530,Credit,33265,INR,2024-01-31 00:00:00,CRM
TXN5760,CRM1760,ACC1760,Order,14784,INR,2024-06-13 00:00:00,CRM
TXN5358,CRM1358,ACC1358,Invoice,3369,INR,2024-09-17 00:00:00,CRM
TXN5025,CRM1025,ACC1025,Invoice,42616,INR,2024-04-28 00:00:00,CRM
TXN5632,CRM1632,ACC1632,Order,32316,INR,2025-06-16 00:00:00,CRM
TXN5071,CRM1071,ACC1071,Refund,12004,INR,2024-03-05 00:00:00,CRM
TXN5601,CRM1601,ACC1601,Credit,21101,INR,2024-04-30 00:00:00,CRM
TXN5867,CRM1867,ACC1867,Order,13805,INR,2024-05-01 00:00:00,CRM
TXN5796,CRM1796,ACC1796,Refund,8006,INR,2024-04-03 00:00:00,CRM
TXN5726,CRM1726,ACC1726,Order,15612,INR,2025-11-13 00:00:00,CRM
TXN5820,CRM1820,ACC1820,Refund,40388,INR,2024-06-07 00:00:00,CRM
TXN5855,CRM1855,ACC1855,Credit,35710,INR,2024-08-17 00:00:00,CRM
TXN5239,CRM1239,ACC1239,Credit,4699,INR,2025-06-21 00:00:00,CRM
TXN5187,CRM1187,ACC1187,Order,28760,INR,2025-03-12 00:00:00,CRM
TXN5343,CRM1343,ACC1343,Credit,15439,INR,2025-09-20 00:00:00,CRM
TXN5593,CRM1593,ACC1593,Order,9196,INR,2025-03-17 00:00:00,CRM
TXN5525,CRM1525,ACC1525,Invoice,36986,INR,2025-10-26 00:00:00,CRM
TXN5032,CRM1032,ACC1032,Payment,20374,INR,2024-10-18 00:00:00,CRM
TXN5193,CRM1193,ACC1193,Order,15038,INR,2025-12-19 00:00:00,CRM
TXN5628,CRM1628,ACC1628,Refund,12140,INR,2025-05-30 00:00:00,CRM
TXN5337,CRM1337,ACC1337,Invoice,23802,INR,2025-08-16 00:00:00,CRM
TXN5392,CRM1392,ACC1392,Credit,45033,INR,2024-07-03 00:00:00,CRM
TXN5766,CRM1766,ACC1766,Payment,12543,INR,2025-08-19 00:00:00,CRM
TXN5905,CRM1905,ACC1905,Refund,12732,INR,2025-01-09 00:00:00,CRM
TXN5119,CRM1119,ACC1119,Order,13737,INR,2024-01-18 00:00:00,CRM
TXN5208,CRM1208,ACC1208,Order,14080,INR,2024-01-28 00:00:00,CRM
TXN5787,CRM1787,ACC1787,Credit,28254,INR,2024-11-15 00:00:00,CRM
TXN5742,CRM1742,ACC1742,Payment,10101,INR,2024-02-16 00:00:00,CRM
TXN5213,CRM1213,ACC1213,Order,36176,INR,2024-01-14 00:00:00,CRM
TXN5243,CRM1243,ACC1243,Refund,28389,INR,2024-04-12 00:00:00,CRM
TXN5926,CRM1926,ACC1926,Payment,1950,INR,2025-07-02 00:00:00,CRM
TXN5431,CRM1431,ACC1431,Invoice,4019,INR,2024-01-10 00:00:00,CRM
TXN5558,CRM1558,ACC1558,Order,30452,INR,2026-02-08 00:00:00,CRM
TXN5487,CRM1487,ACC1487,Order,40263,INR,2026-03-13 00:00:00,CRM
TXN5548,CRM1548,ACC1548,Invoice,36743,INR,2024-10-23 00:00:00,CRM
TXN5544,CRM1544,ACC1544,Order,1234,INR,2025-07-14 00:00:00,CRM
TXN5921,CRM1921,ACC1921,Refund,25840,INR,2026-01-15 00:00:00,CRM
TXN5348,CRM1348,ACC1348,Order,28347,INR,2024-01-23 00:00:00,CRM
TXN5472,CRM1472,ACC1472,Refund,22686,INR,2026-01-27 00:00:00,CRM
TXN5029,CRM1029,ACC1029,Credit,13875,INR,2025-10-10 00:00:00,CRM
TXN5779,CRM1779,ACC1779,Refund,14914,INR,2026-03-24 00:00:00,CRM
TXN5449,CRM1449,ACC1449,Invoice,5686,INR,2024-06-26 00:00:00,CRM
TXN5136,CRM1136,ACC1136,Credit,8047,INR,2024-05-28 00:00:00,CRM
TXN5657,CRM1657,ACC1657,Credit,34703,INR,2025-04-24 00:00:00,CRM
TXN5617,CRM1617,ACC1617,Payment,24934,INR,2025-05-12 00:00:00,CRM
TXN5082,CRM1082,ACC1082,Payment,15984,INR,2025-07-20 00:00:00,CRM
TXN5237,CRM1237,ACC1237,Refund,26296,INR,2025-03-23 00:00:00,CRM
TXN5024,CRM1024,ACC1024,Invoice,5267,INR,2024-08-30 00:00:00,CRM
TXN5503,CRM1503,ACC1503,Order,35347,INR,2024-08-03 00:00:00,CRM
TXN5437,CRM1437,ACC1437,Invoice,21209,INR,2025-09-19 00:00:00,CRM
TXN5168,CRM1168,ACC1168,Refund,4826,INR,2026-01-29 00:00:00,CRM
TXN5670,CRM1670,ACC1670,Credit,26929,INR,2024-08-15 00:00:00,CRM
TXN5221,CRM1221,ACC1221,Invoice,4031,INR,2025-04-18 00:00:00,CRM
TXN5898,CRM1898,ACC1898,Refund,10167,INR,2025-10-16 00:00:00,CRM
TXN5536,CRM1536,ACC1536,Order,8165,INR,2024-01-16 00:00:00,CRM
TXN5914,CRM1914,ACC1914,Refund,45708,INR,2025-07-31 00:00:00,CRM
TXN5935,CRM1935,ACC1935,Payment,9459,INR,2024-09-02 00:00:00,CRM
TXN5416,CRM1416,ACC1416,Invoice,1440,INR,2026-03-20 00:00:00,CRM
TXN5465,CRM1465,ACC1465,Invoice,8587,INR,2025-11-18 00:00:00,CRM
TXN5581,CRM1581,ACC1581,Refund,1510,INR,2025-06-24 00:00:00,CRM
TXN5770,CRM1770,ACC1770,Invoice,20666,INR,2024-12-04 00:00:00,CRM
TXN5474,CRM1474,ACC1474,Order,9671,INR,2024-07-17 00:00:00,CRM
TXN5414,CRM1414,ACC1414,Refund,27399,INR,2024-02-21 00:00:00,CRM
TXN5636,CRM1636,ACC1636,Refund,5250,INR,2025-02-02 00:00:00,CRM
TXN5441,CRM1441,ACC1441,Order,24912,INR,2025-05-30 00:00:00,CRM
TXN5250,CRM1250,ACC1250,Payment,38875,INR,2024-08-29 00:00:00,CRM
TXN5586,CRM1586,ACC1586,Refund,40763,INR,2024-03-15 00:00:00,CRM
TXN5207,CRM1207,ACC1207,Order,34197,INR,2024-05-05 00:00:00,CRM
TXN5076,CRM1076,ACC1076,Payment,12413,INR,2024-06-25 00:00:00,CRM
TXN5315,CRM1315,ACC1315,Order,18006,INR,2024-02-14 00:00:00,CRM
TXN5154,CRM1154,ACC1154,Refund,22606,INR,2024-08-01 00:00:00,CRM
TXN5840,CRM1840,ACC1840,Order,8861,INR,2024-02-06 00:00:00,CRM
TXN5140,CRM1140,ACC1140,Order,45509,INR,2025-12-18 00:00:00,CRM
TXN5099,CRM1099,ACC1099,Invoice,29345,INR,2024-03-12 00:00:00,CRM
TXN5692,CRM1692,ACC1692,Credit,12478,INR,2026-01-16 00:00:00,CRM
TXN5668,CRM1668,ACC1668,Payment,3475,INR,2024-06-06 00:00:00,CRM
TXN5871,CRM1871,ACC1871,Refund,26272,INR,2025-04-16 00:00:00,CRM
TXN5073,CRM1073,ACC1073,Invoice,29525,INR,2026-03-17 00:00:00,CRM
TXN5016,CRM1016,ACC1016,Payment,12150,INR,2025-05-29 00:00:00,CRM
TXN5863,CRM1863,ACC1863,Order,17779,INR,2024-09-10 00:00:00,CRM
TXN5912,CRM1912,ACC1912,Payment,47605,INR,2024-09-30 00:00:00,CRM
TXN5173,CRM1173,ACC1173,Order,15498,INR,2025-04-09 00:00:00,CRM
TXN5805,CRM1805,ACC1805,Order,45483,INR,2025-01-09 00:00:00,CRM
TXN5019,CRM1019,ACC1019,Refund,22277,INR,2024-01-27 00:00:00,CRM
TXN5141,CRM1141,ACC1141,Refund,27377,INR,2025-04-22 00:00:00,CRM
TXN5001,CRM1001,ACC1001,Payment,24157,INR,2024-05-12 00:00:00,CRM
TXN5489,CRM1489,ACC1489,Payment,22058,INR,2026-01-01 00:00:00,CRM
TXN5062,CRM1062,ACC1062,Refund,9391,INR,2025-01-23 00:00:00,CRM
TXN5190,CRM1190,ACC1190,Payment,35302,INR,2025-10-27 00:00:00,CRM
TXN5367,CRM1367,ACC1367,Payment,18430,INR,2024-01-29 00:00:00,CRM
TXN5509,CRM1509,ACC1509,Credit,8582,INR,2024-05-30 00:00:00,CRM
TXN5561,CRM1561,ACC1561,Credit,25350,INR,2025-03-24 00:00:00,CRM
TXN5462,CRM1462,ACC1462,Credit,23460,INR,2025-10-12 00:00:00,CRM
TXN5329,CRM1329,ACC1329,Payment,40465,INR,2025-01-20 00:00:00,CRM
TXN5606,CRM1606,ACC1606,Order,6828,INR,2025-07-08 00:00:00,CRM
TXN5866,CRM1866,ACC1866,Invoice,10385,INR,2025-08-04 00:00:00,CRM
TXN5607,CRM1607,ACC1607,Credit,9980,INR,2024-10-14 00:00:00,CRM
TXN5385,CRM1385,ACC1385,Credit,36515,INR,2025-03-26 00:00:00,CRM
TXN5591,CRM1591,ACC1591,Order,45930,INR,2025-08-31 00:00:00,CRM
TXN5878,CRM1878,ACC1878,Order,29399,INR,2025-03-17 00:00:00,CRM
TXN5891,CRM1891,ACC1891,Credit,46075,INR,2024-11-24 00:00:00,CRM
TXN5584,CRM1584,ACC1584,Credit,8253,INR,2025-04-28 00:00:00,CRM
TXN5643,CRM1643,ACC1643,Order,43553,INR,2024-03-29 00:00:00,CRM
TXN5768,CRM1768,ACC1768,Credit,46536,INR,2026-03-08 00:00:00,CRM
TXN5714,CRM1714,ACC1714,Refund,46351,INR,2024-02-21 00:00:00,CRM
TXN5338,CRM1338,ACC1338,Invoice,41808,INR,2025-02-20 00:00:00,CRM
TXN5351,CRM1351,ACC1351,Order,38936,INR,2026-02-13 00:00:00,CRM
TXN5690,CRM1690,ACC1690,Payment,5746,INR,2025-01-07 00:00:00,CRM
TXN5829,CRM1829,ACC1829,Credit,8853,INR,2025-10-02 00:00:00,CRM
TXN5080,CRM1080,ACC1080,Refund,21927,INR,2025-11-04 00:00:00,CRM
TXN5340,CRM1340,ACC1340,Invoice,522,INR,2025-05-29 00:00:00,CRM
TXN5275,CRM1275,ACC1275,Credit,7967,INR,2025-09-17 00:00:00,CRM
TXN5439,CRM1439,ACC1439,Order,5681,INR,2024-06-30 00:00:00,CRM
TXN5481,CRM1481,ACC1481,Invoice,32565,INR,2024-06-22 00:00:00,CRM
TXN5378,CRM1378,ACC1378,Payment,27612,INR,2025-06-13 00:00:00,CRM
TXN5808,CRM1808,ACC1808,Refund,14356,INR,2025-07-02 00:00:00,CRM
TXN5748,CRM1748,ACC1748,Credit,4352,INR,2024-03-16 00:00:00,CRM
TXN5642,CRM1642,ACC1642,Credit,12165,INR,2025-04-19 00:00:00,CRM
TXN5937,CRM1937,ACC1937,Order,17912,INR,2024-07-04 00:00:00,CRM
TXN5075,CRM1075,ACC1075,Credit,12699,INR,2024-01-30 00:00:00,CRM
TXN5583,CRM1583,ACC1583,Credit,36900,INR,2025-06-16 00:00:00,CRM
TXN5258,CRM1258,ACC1258,Order,39143,INR,2024-10-31 00:00:00,CRM
TXN5327,CRM1327,ACC1327,Refund,12409,INR,2024-10-26 00:00:00,CRM
TXN5371,CRM1371,ACC1371,Credit,8808,INR,2025-12-17 00:00:00,CRM
TXN5899,CRM1899,ACC1899,Invoice,47971,INR,2024-11-14 00:00:00,CRM
TXN5488,CRM1488,ACC1488,Refund,16683,INR,2024-02-12 00:00:00,CRM
TXN5284,CRM1284,ACC1284,Payment,6731,INR,2025-07-12 00:00:00,CRM
TXN5322,CRM1322,ACC1322,Payment,44683,INR,2025-12-08 00:00:00,CRM
TXN5065,CRM1065,ACC1065,Order,33984,INR,2026-03-05 00:00:00,CRM
TXN5396,CRM1396,ACC1396,Payment,7931,INR,2024-03-13 00:00:00,CRM
TXN5375,CRM1375,ACC1375,Order,26760,INR,2025-04-17 00:00:00,CRM
TXN5673,CRM1673,ACC1673,Payment,29194,INR,2024-09-19 00:00:00,CRM
TXN5485,CRM1485,ACC1485,Payment,47306,INR,2024-01-13 00:00:00,CRM
TXN5585,CRM1585,ACC1585,Credit,45203,INR,2025-11-07 00:00:00,CRM
TXN5757,CRM1757,ACC1757,Order,26231,INR,2025-05-17 00:00:00,CRM
TXN5409,CRM1409,ACC1409,Payment,35257,INR,2025-08-17 00:00:00,CRM
TXN5680,CRM1680,ACC1680,Payment,20132,INR,2025-07-08 00:00:00,CRM
TXN5294,CRM1294,ACC1294,Refund,17541,INR,2024-11-07 00:00:00,CRM
TXN5812,CRM1812,ACC1812,Refund,45737,INR,2025-04-26 00:00:00,CRM
TXN5827,CRM1827,ACC1827,Order,12141,INR,2025-07-18 00:00:00,CRM
TXN5677,CRM1677,ACC1677,Credit,29035,INR,2024-02-09 00:00:00,CRM
TXN5411,CRM1411,ACC1411,Payment,25163,INR,2025-01-19 00:00:00,CRM
TXN5903,CRM1903,ACC1903,Credit,22705,INR,2024-09-02 00:00:00,CRM
TXN5395,CRM1395,ACC1395,Refund,46032,INR,2024-02-15 00:00:00,CRM
TXN5226,CRM1226,ACC1226,Refund,11967,INR,2024-04-26 00:00:00,CRM
TXN5074,CRM1074,ACC1074,Invoice,37494,INR,2025-11-02 00:00:00,CRM
TXN5922,CRM1922,ACC1922,Credit,33450,INR,2025-01-26 00:00:00,CRM
TXN5014,CRM1014,ACC1014,Refund,24336,INR,2026-03-26 00:00:00,CRM
TXN5153,CRM1153,ACC1153,Credit,13112,INR,2025-03-17 00:00:00,CRM
TXN5332,CRM1332,ACC1332,Order,17909,INR,2025-04-08 00:00:00,CRM
TXN5576,CRM1576,ACC1576,Credit,13758,INR,2024-10-28 00:00:00,CRM
TXN5669,CRM1669,ACC1669,Payment,37297,INR,2025-11-10 00:00:00,CRM
TXN5199,CRM1199,ACC1199,Payment,41322,INR,2024-03-07 00:00:00,CRM
TXN5313,CRM1313,ACC1313,Refund,38418,INR,2025-11-17 00:00:00,CRM
TXN5573,CRM1573,ACC1573,Credit,40816,INR,2024-01-16 00:00:00,CRM
TXN5235,CRM1235,ACC1235,Invoice,40277,INR,2025-02-16 00:00:00,CRM
TXN5323,CRM1323,ACC1323,Credit,37081,INR,2024-08-17 00:00:00,CRM
TXN5686,CRM1686,ACC1686,Payment,3978,INR,2025-04-01 00:00:00,CRM
TXN5498,CRM1498,ACC1498,Credit,19282,INR,2025-06-10 00:00:00,CRM
TXN5007,CRM1007,ACC1007,Credit,33690,INR,2025-03-01 00:00:00,CRM
TXN5242,CRM1242,ACC1242,Order,17932,INR,2025-02-16 00:00:00,CRM
TXN5108,CRM1108,ACC1108,Payment,26526,INR,2026-01-16 00:00:00,CRM
TXN5283,CRM1283,ACC1283,Order,41841,INR,2025-11-07 00:00:00,CRM
TXN5856,CRM1856,ACC1856,Invoice,5155,INR,2025-12-01 00:00:00,CRM
TXN5701,CRM1701,ACC1701,Order,39888,INR,2025-12-04 00:00:00,CRM
TXN5879,CRM1879,ACC1879,Refund,13367,INR,2025-12-02 00:00:00,CRM
TXN5279,CRM1279,ACC1279,Refund,3841,INR,2025-06-11 00:00:00,CRM
TXN5057,CRM1057,ACC1057,Order,44091,INR,2025-04-11 00:00:00,CRM
TXN5545,CRM1545,ACC1545,Order,19864,INR,2024-07-12 00:00:00,CRM
TXN5118,CRM1118,ACC1118,Credit,26343,INR,2024-03-03 00:00:00,CRM
TXN5664,CRM1664,ACC1664,Credit,9757,INR,2025-04-30 00:00:00,CRM
TXN5069,CRM1069,ACC1069,Credit,12404,INR,2026-01-05 00:00:00,CRM
TXN5251,CRM1251,ACC1251,Credit,36678,INR,2024-03-10 00:00:00,CRM
TXN5491,CRM1491,ACC1491,Credit,15543,INR,2024-11-28 00:00:00,CRM
TXN5740,CRM1740,ACC1740,Payment,49654,INR,2024-09-06 00:00:00,CRM
TXN5651,CRM1651,ACC1651,Order,801,INR,2025-05-10 00:00:00,CRM
TXN5249,CRM1249,ACC1249,Order,1787,INR,2026-02-05 00:00:00,CRM
TXN5871,CRM1871,ACC1871,Refund,26272,INR,2025-04-16 00:00:00,CRM
TXN5935,CRM1935,ACC1935,Payment,9459,INR,2024-09-02 00:00:00,CRM
TXN5672,CRM1672,ACC1672,Payment,14481,INR,2026-03-13 00:00:00,CRM
TXN5381,CRM1381,ACC1381,Refund,17868,INR,2025-07-13 00:00:00,CRM
TXN5217,CRM1217,ACC1217,Order,22960,INR,2025-12-22 00:00:00,CRM
TXN5346,CRM1346,ACC1346,Invoice,49841,INR,2025-06-23 00:00:00,CRM
TXN5633,CRM1633,ACC1633,Credit,12477,INR,2024-06-13 00:00:00,CRM
TXN5842,CRM1842,ACC1842,Invoice,14853,INR,2024-05-14 00:00:00,CRM
TXN5387,CRM1387,ACC1387,Credit,20970,INR,2025-12-06 00:00:00,CRM
TXN5059,CRM1059,ACC1059,Refund,30925,INR,2024-11-24 00:00:00,CRM
TXN5415,CRM1415,ACC1415,Payment,29060,INR,2024-09-25 00:00:00,CRM
TXN5851,CRM1851,ACC1851,Order,23072,INR,2026-01-02 00:00:00,CRM
TXN5752,CRM1752,ACC1752,Refund,33330,INR,2024-09-30 00:00:00,CRM
TXN5145,CRM1145,ACC1145,Refund,26891,INR,2024-04-17 00:00:00,CRM
TXN5189,CRM1189,ACC1189,Invoice,9018,INR,2024-05-09 00:00:00,CRM
TXN5936,CRM1936,ACC1936,Payment,47515,INR,2025-08-25 00:00:00,CRM
TXN5702,CRM1702,ACC1702,Order,9827,INR,2024-12-02 00:00:00,CRM
TXN5681,CRM1681,ACC1681,Credit,13294,INR,2025-07-14 00:00:00,CRM
TXN5735,CRM1735,ACC1735,Payment,4721,INR,2024-03-14 00:00:00,CRM
TXN5804,CRM1804,ACC1804,Credit,32536,INR,2026-01-10 00:00:00,CRM
TXN5580,CRM1580,ACC1580,Invoice,25955,INR,2025-09-13 00:00:00,CRM
TXN5759,CRM1759,ACC1759,Invoice,22400,INR,2024-12-01 00:00:00,CRM
TXN5687,CRM1687,ACC1687,Refund,18633,INR,2025-12-22 00:00:00,CRM
TXN5895,CRM1895,ACC1895,Credit,48665,INR,2025-05-19 00:00:00,CRM
TXN5425,CRM1425,ACC1425,Refund,25486,INR,2026-03-13 00:00:00,CRM
TXN5949,CRM1949,ACC1949,Payment,11445,INR,2024-05-25 00:00:00,CRM
TXN5260,CRM1260,ACC1260,Credit,35180,INR,2025-05-19 00:00:00,CRM
TXN5300,CRM1300,ACC1300,Order,35830,INR,2024-06-25 00:00:00,CRM
TXN5904,CRM1904,ACC1904,Invoice,47696,INR,2024-10-15 00:00:00,CRM
TXN5773,CRM1773,ACC1773,Refund,44852,INR,2024-02-17 00:00:00,CRM
TXN5109,CRM1109,ACC1109,Order,36412,INR,2024-07-11 00:00:00,CRM
TXN5650,CRM1650,ACC1650,Refund,39405,INR,2024-11-17 00:00:00,CRM
TXN5018,CRM1018,ACC1018,Order,5938,INR,2025-12-10 00:00:00,CRM
TXN5521,CRM1521,ACC1521,Invoice,2887,INR,2024-04-01 00:00:00,CRM
TXN5730,CRM1730,ACC1730,Order,13821,INR,2025-12-07 00:00:00,CRM
TXN5166,CRM1166,ACC1166,Order,39258,INR,2024-07-17 00:00:00,CRM
TXN5146,CRM1146,ACC1146,Invoice,12342,INR,2024-02-12 00:00:00,CRM
TXN5157,CRM1157,ACC1157,Payment,34643,INR,2024-04-16 00:00:00,CRM
TXN5897,CRM1897,ACC1897,Order,48990,INR,2025-09-29 00:00:00,CRM
TXN5222,CRM1222,ACC1222,Invoice,22267,INR,2024-03-22 00:00:00,CRM
TXN5215,CRM1215,ACC1215,Payment,29844,INR,2024-04-19 00:00:00,CRM
TXN5149,CRM1149,ACC1149,Payment,43866,INR,2026-01-30 00:00:00,CRM
TXN5135,CRM1135,ACC1135,Credit,33259,INR,2024-04-05 00:00:00,CRM
TXN5832,CRM1832,ACC1832,Order,18681,INR,2024-10-12 00:00:00,CRM
TXN5772,CRM1772,ACC1772,Order,37941,INR,2024-02-10 00:00:00,CRM
TXN5911,CRM1911,ACC1911,Refund,27085,INR,2024-01-29 00:00:00,CRM
TXN5333,CRM1333,ACC1333,Credit,20973,INR,2024-06-04 00:00:00,CRM
TXN5206,CRM1206,ACC1206,Order,36868,INR,2024-03-01 00:00:00,CRM
TXN5490,CRM1490,ACC1490,Invoice,2675,INR,2025-01-30 00:00:00,CRM
TXN5413,CRM1413,ACC1413,Credit,29002,INR,2025-03-17 00:00:00,CRM
TXN5799,CRM1799,ACC1799,Invoice,28775,INR,2025-12-18 00:00:00,CRM
TXN5265,CRM1265,ACC1265,Credit,49645,INR,2024-10-26 00:00:00,CRM
TXN5547,CRM1547,ACC1547,Order,19424,INR,2024-03-04 00:00:00,CRM
TXN5269,CRM1269,ACC1269,Refund,31950,INR,2025-08-07 00:00:00,CRM
TXN5781,CRM1781,ACC1781,Payment,44955,INR,2024-12-08 00:00:00,CRM
TXN5725,CRM1725,ACC1725,Credit,44675,INR,2025-01-09 00:00:00,CRM
TXN5446,CRM1446,ACC1446,Refund,39088,INR,2025-06-12 00:00:00,CRM
TXN5646,CRM1646,ACC1646,Payment,15403,INR,2026-03-23 00:00:00,CRM
TXN5813,CRM1813,ACC1813,Invoice,46635,INR,2025-12-08 00:00:00,CRM
TXN5683,CRM1683,ACC1683,Invoice,25575,INR,2026-03-27 00:00:00,CRM
TXN5505,CRM1505,ACC1505,Order,31636,INR,2025-09-09 00:00:00,CRM
TXN5092,CRM1092,ACC1092,Refund,19495,INR,2024-09-10 00:00:00,CRM
TXN5724,CRM1724,ACC1724,Credit,3745,INR,2024-12-28 00:00:00,CRM
TXN5188,CRM1188,ACC1188,Credit,1966,INR,2025-02-26 00:00:00,CRM
TXN5648,CRM1648,ACC1648,Invoice,13581,INR,2024-02-14 00:00:00,CRM
TXN5574,CRM1574,ACC1574,Payment,37311,INR,2026-02-17 00:00:00,CRM
TXN5695,CRM1695,ACC1695,Payment,7521,INR,2024-02-13 00:00:00,CRM
TXN5572,CRM1572,ACC1572,Credit,31264,INR,2024-02-12 00:00:00,CRM
TXN5892,CRM1892,ACC1892,Payment,44638,INR,2024-06-03 00:00:00,CRM
TXN5567,CRM1567,ACC1567,Order,46962,INR,2024-04-02 00:00:00,CRM
TXN5844,CRM1844,ACC1844,Refund,24038,INR,2024-05-10 00:00:00,CRM
TXN5940,CRM1940,ACC1940,Credit,38741,INR,2024-07-19 00:00:00,CRM
TXN5890,CRM1890,ACC1890,Invoice,48920,INR,2024-12-17 00:00:00,CRM
TXN5103,CRM1103,ACC1103,Order,14540,INR,2025-05-17 00:00:00,CRM
TXN5406,CRM1406,ACC1406,Refund,32318,INR,2024-01-08 00:00:00,CRM
TXN5160,CRM1160,ACC1160,Order,37094,INR,2025-11-30 00:00:00,CRM
TXN5128,CRM1128,ACC1128,Payment,44016,INR,2024-01-25 00:00:00,CRM
TXN5504,CRM1504,ACC1504,Credit,24199,INR,2025-12-05 00:00:00,CRM
TXN5015,CRM1015,ACC1015,Payment,47205,INR,2025-09-20 00:00:00,CRM
TXN5102,CRM1102,ACC1102,Refund,35037,INR,2025-05-24 00:00:00,CRM
TXN5040,CRM1040,ACC1040,Order,9002,INR,2025-01-10 00:00:00,CRM
TXN5391,CRM1391,ACC1391,Credit,9332,INR,2026-01-09 00:00:00,CRM
TXN5205,CRM1205,ACC1205,Refund,679,INR,2024-04-23 00:00:00,CRM
TXN5850,CRM1850,ACC1850,Invoice,689,INR,2025-11-29 00:00:00,CRM
TXN5163,CRM1163,ACC1163,Credit,44076,INR,2024-11-30 00:00:00,CRM
TXN5827,CRM1827,ACC1827,Order,12141,INR,2025-07-18 00:00:00,CRM
TXN5518,CRM1518,ACC1518,Invoice,31914,INR,2024-04-17 00:00:00,CRM
TXN5783,CRM1783,ACC1783,Credit,36969,INR,2026-03-19 00:00:00,CRM
TXN5124,CRM1124,ACC1124,Payment,11182,INR,2024-08-03 00:00:00,CRM
TXN5807,CRM1807,ACC1807,Order,7844,INR,2025-05-30 00:00:00,CRM
TXN5510,CRM1510,ACC1510,Credit,30416,INR,2025-05-29 00:00:00,CRM
TXN5622,CRM1622,ACC1622,Credit,1683,INR,2026-01-21 00:00:00,CRM
TXN5399,CRM1399,ACC1399,Credit,49829,INR,2026-02-28 00:00:00,CRM
TXN5192,CRM1192,ACC1192,Payment,10893,INR,2025-12-01 00:00:00,CRM
TXN5524,CRM1524,ACC1524,Invoice,18050,INR,2024-05-15 00:00:00,CRM
TXN5047,CRM1047,ACC1047,Invoice,13619,INR,2025-09-13 00:00:00,CRM
TXN5471,CRM1471,ACC1471,Payment,19191,INR,2025-10-29 00:00:00,CRM
TXN5565,CRM1565,ACC1565,Order,5338,INR,2024-01-14 00:00:00,CRM
TXN5051,CRM1051,ACC1051,Order,6388,INR,2025-06-16 00:00:00,CRM
TXN5094,CRM1094,ACC1094,Payment,17139,INR,2025-08-14 00:00:00,CRM
TXN5407,CRM1407,ACC1407,Order,2123,INR,2025-08-31 00:00:00,CRM
TXN5481,CRM1481,ACC1481,Invoice,32565,INR,2024-06-22 00:00:00,CRM
TXN5626,CRM1626,ACC1626,Order,30604,INR,2024-06-24 00:00:00,CRM
TXN5359,CRM1359,ACC1359,Payment,36957,INR,2025-06-07 00:00:00,CRM
TXN5520,CRM1520,ACC1520,Invoice,17132,INR,2025-01-20 00:00:00,CRM
TXN5090,CRM1090,ACC1090,Refund,48807,INR,2026-01-31 00:00:00,CRM
TXN5438,CRM1438,ACC1438,Order,26068,INR,2024-01-29 00:00:00,CRM
TXN5434,CRM1434,ACC1434,Payment,12364,INR,2026-02-19 00:00:00,CRM
TXN5910,CRM1910,ACC1910,Payment,44308,INR,2025-06-25 00:00:00,CRM
TXN5133,CRM1133,ACC1133,Credit,27735,INR,2025-04-26 00:00:00,CRM
TXN5231,CRM1231,ACC1231,Refund,39569,INR,2024-09-16 00:00:00,CRM
TXN5363,CRM1363,ACC1363,Refund,9979,INR,2024-09-25 00:00:00,CRM
TXN5894,CRM1894,ACC1894,Credit,42196,INR,2024-02-10 00:00:00,CRM
TXN5228,CRM1228,ACC1228,Credit,29014,INR,2024-07-05 00:00:00,CRM
TXN5852,CRM1852,ACC1852,Credit,15626,INR,2025-03-26 00:00:00,CRM
TXN5801,CRM1801,ACC1801,Credit,48050,INR,2025-11-07 00:00:00,CRM
TXN5849,CRM1849,ACC1849,Refund,17111,INR,2025-02-09 00:00:00,CRM
TXN5438,CRM1438,ACC1438,Order,26068,INR,2024-01-29 00:00:00,CRM
TXN5708,CRM1708,ACC1708,Payment,18066,INR,2025-12-16 00:00:00,CRM
TXN5486,CRM1486,ACC1486,Credit,4483,INR,2026-03-31 00:00:00,CRM
TXN5874,CRM1874,ACC1874,Credit,34063,INR,2025-02-07 00:00:00,CRM
TXN5373,CRM1373,ACC1373,Credit,49849,INR,2025-07-13 00:00:00,CRM
TXN5295,CRM1295,ACC1295,Credit,9559,INR,2024-06-13 00:00:00,CRM
TXN5002,CRM1002,ACC1002,Invoice,34202,INR,2025-06-23 00:00:00,CRM
TXN5179,CRM1179,ACC1179,Payment,5411,INR,2026-01-30 00:00:00,CRM
TXN5623,CRM1623,ACC1623,Order,4652,INR,2025-10-09 00:00:00,CRM
TXN5618,CRM1618,ACC1618,Order,21403,INR,2025-03-21 00:00:00,CRM
TXN5535,CRM1535,ACC1535,Invoice,10048,INR,2024-05-04 00:00:00,CRM
TXN5195,CRM1195,ACC1195,Order,8671,INR,2024-01-18 00:00:00,CRM
TXN5927,CRM1927,ACC1927,Order,38031,INR,2024-12-06 00:00:00,CRM
TXN5717,CRM1717,ACC1717,Invoice,23242,INR,2026-03-28 00:00:00,CRM
TXN5325,CRM1325,ACC1325,Payment,7512,INR,2026-03-08 00:00:00,CRM
TXN5454,CRM1454,ACC1454,Refund,5489,INR,2024-05-30 00:00:00,CRM
TXN5835,CRM1835,ACC1835,Credit,49506,INR,2024-04-22 00:00:00,CRM
TXN5790,CRM1790,ACC1790,Invoice,1055,INR,2025-12-11 00:00:00,CRM
TXN5710,CRM1710,ACC1710,Order,5919,INR,2025-11-13 00:00:00,CRM
TXN5656,CRM1656,ACC1656,Invoice,42827,INR,2024-05-24 00:00:00,CRM
TXN5155,CRM1155,ACC1155,Credit,1378,INR,2025-11-07 00:00:00,CRM
TXN5174,CRM1174,ACC1174,Order,9798,INR,2024-10-09 00:00:00,CRM
TXN5152,CRM1152,ACC1152,Invoice,2926,INR,2024-10-27 00:00:00,CRM
TXN5241,CRM1241,ACC1241,Refund,1743,INR,2024-02-02 00:00:00,CRM
TXN5219,CRM1219,ACC1219,Invoice,33816,INR,2024-02-13 00:00:00,CRM
TXN5700,CRM1700,ACC1700,Refund,33760,INR,2025-02-01 00:00:00,CRM
TXN5676,CRM1676,ACC1676,Order,27083,INR,2024-10-06 00:00:00,CRM
TXN5881,CRM1881,ACC1881,Invoice,47507,INR,2024-08-18 00:00:00,CRM
TXN5915,CRM1915,ACC1915,Payment,33227,INR,2024-12-04 00:00:00,CRM
TXN5848,CRM1848,ACC1848,Refund,22485,INR,2024-02-18 00:00:00,CRM
TXN5361,CRM1361,ACC1361,Order,11351,INR,2025-01-03 00:00:00,CRM
TXN5631,CRM1631,ACC1631,Payment,831,INR,2024-02-29 00:00:00,CRM
TXN5383,CRM1383,ACC1383,Credit,40962,INR,2024-09-11 00:00:00,CRM
TXN5737,CRM1737,ACC1737,Credit,6646,INR,2024-08-14 00:00:00,CRM
TXN5131,CRM1131,ACC1131,Credit,13138,INR,2024-02-28 00:00:00,CRM
TXN5353,CRM1353,ACC1353,Credit,42449,INR,2024-06-16 00:00:00,CRM
TXN5253,CRM1253,ACC1253,Payment,38128,INR,2024-01-04 00:00:00,CRM
TXN5803,CRM1803,ACC1803,Credit,8658,INR,2025-06-18 00:00:00,CRM
TXN5497,CRM1497,ACC1497,Refund,29371,INR,2025-04-30 00:00:00,CRM
TXN5511,CRM1511,ACC1511,Credit,43823,INR,2024-09-18 00:00:00,CRM
TXN5647,CRM1647,ACC1647,Refund,3989,INR,2025-08-06 00:00:00,CRM
TXN5744,CRM1744,ACC1744,Order,4387,INR,2025-02-21 00:00:00,CRM
TXN5590,CRM1590,ACC1590,Credit,30284,INR,2025-01-21 00:00:00,CRM
TXN5059,CRM1059,ACC1059,Refund,30925,INR,2024-11-24 00:00:00,CRM
TXN5661,CRM1661,ACC1661,Payment,18786,INR,2025-04-28 00:00:00,CRM
TXN5616,CRM1616,ACC1616,Order,36777,INR,2024-12-20 00:00:00,CRM
TXN5860,CRM1860,ACC1860,Refund,40353,INR,2024-02-11 00:00:00,CRM
TXN5739,CRM1739,ACC1739,Invoice,36246,INR,2025-01-02 00:00:00,CRM
TXN5929,CRM1929,ACC1929,Order,22893,INR,2024-07-08 00:00:00,CRM
TXN5181,CRM1181,ACC1181,Refund,4026,INR,2025-03-08 00:00:00,CRM
TXN5401,CRM1401,ACC1401,Refund,21103,INR,2024-09-11 00:00:00,CRM
TXN5795,CRM1795,ACC1795,Credit,8762,INR,2024-01-02 00:00:00,CRM
TXN5531,CRM1531,ACC1531,Refund,10796,INR,2025-08-03 00:00:00,CRM
TXN5158,CRM1158,ACC1158,Invoice,18984,INR,2024-06-29 00:00:00,CRM
TXN5727,CRM1727,ACC1727,Order,3655,INR,2024-01-10 00:00:00,CRM
TXN5360,CRM1360,ACC1360,Order,26754,INR,2024-12-06 00:00:00,CRM
TXN5355,CRM1355,ACC1355,Order,15746,INR,2024-08-06 00:00:00,CRM
TXN5638,CRM1638,ACC1638,Refund,4819,INR,2024-03-01 00:00:00,CRM
TXN5388,CRM1388,ACC1388,Order,21951,INR,2024-12-14 00:00:00,CRM
TXN5203,CRM1203,ACC1203,Payment,31929,INR,2024-04-18 00:00:00,CRM
TXN5125,CRM1125,ACC1125,Credit,6632,INR,2024-01-24 00:00:00,CRM
TXN5204,CRM1204,ACC1204,Invoice,16956,INR,2025-04-17 00:00:00,CRM
TXN5036,CRM1036,ACC1036,Invoice,33240,INR,2025-12-07 00:00:00,CRM
TXN5931,CRM1931,ACC1931,Payment,24827,INR,2025-08-12 00:00:00,CRM
TXN5169,CRM1169,ACC1169,Order,14565,INR,2026-01-02 00:00:00,CRM
TXN5507,CRM1507,ACC1507,Credit,7522,INR,2024-01-16 00:00:00,CRM
TXN5089,CRM1089,ACC1089,Refund,47999,INR,2025-10-22 00:00:00,CRM
TXN5711,CRM1711,ACC1711,Invoice,12443,INR,2025-03-24 00:00:00,CRM
TXN5643,CRM1643,ACC1643,Order,43553,INR,2024-03-29 00:00:00,CRM
TXN5826,CRM1826,ACC1826,Refund,11150,INR,2024-01-02 00:00:00,CRM
TXN5542,CRM1542,ACC1542,Credit,44505,INR,2025-07-25 00:00:00,CRM
TXN5408,CRM1408,ACC1408,Credit,20235,INR,2024-05-19 00:00:00,CRM
TXN5782,CRM1782,ACC1782,Refund,22394,INR,2026-02-11 00:00:00,CRM
TXN5223,CRM1223,ACC1223,Order,19356,INR,2025-01-04 00:00:00,CRM
TXN5941,CRM1941,ACC1941,Invoice,10816,INR,2025-03-01 00:00:00,CRM
TXN5788,CRM1788,ACC1788,Invoice,26402,INR,2024-02-17 00:00:00,CRM
TXN5127,CRM1127,ACC1127,Invoice,48325,INR,2025-08-23 00:00:00,CRM
TXN5811,CRM1811,ACC1811,Credit,21009,INR,2025-08-05 00:00:00,CRM
TXN5709,CRM1709,ACC1709,Order,45234,INR,2024-06-30 00:00:00,CRM
TXN5588,CRM1588,ACC1588,Credit,28598,INR,2024-07-03 00:00:00,CRM
TXN5233,CRM1233,ACC1233,Order,37282,INR,2024-01-06 00:00:00,CRM
TXN5309,CRM1309,ACC1309,Refund,44693,INR,2025-08-27 00:00:00,CRM
TXN5619,CRM1619,ACC1619,Credit,8784,INR,2024-01-03 00:00:00,CRM
TXN5028,CRM1028,ACC1028,Payment,31991,INR,2024-02-04 00:00:00,CRM
TXN5436,CRM1436,ACC1436,Refund,20856,INR,2025-02-14 00:00:00,CRM
TXN5123,CRM1123,ACC1123,Order,30660,INR,2024-03-09 00:00:00,CRM
TXN5200,CRM1200,ACC1200,Payment,29520,INR,2025-08-27 00:00:00,CRM
TXN5185,CRM1185,ACC1185,Order,11402,INR,2025-09-05 00:00:00,CRM
TXN5868,CRM1868,ACC1868,Refund,32406,INR,2024-01-15 00:00:00,CRM
TXN5679,CRM1679,ACC1679,Credit,36410,INR,2024-08-12 00:00:00,CRM
TXN5475,CRM1475,ACC1475,Invoice,47222,INR,2025-04-03 00:00:00,CRM
TXN5328,CRM1328,ACC1328,Order,40132,INR,2025-03-07 00:00:00,CRM
TXN5191,CRM1191,ACC1191,Order,22938,INR,2024-11-23 00:00:00,CRM
TXN5317,CRM1317,ACC1317,Order,17450,INR,2026-03-20 00:00:00,CRM
TXN5068,CRM1068,ACC1068,Order,26222,INR,2024-02-24 00:00:00,CRM
TXN5132,CRM1132,ACC1132,Credit,13366,INR,2024-01-06 00:00:00,CRM
TXN5747,CRM1747,ACC1747,Refund,37933,INR,2025-03-14 00:00:00,CRM
TXN5183,CRM1183,ACC1183,Invoice,31912,INR,2024-08-24 00:00:00,CRM
TXN5699,CRM1699,ACC1699,Order,5961,INR,2024-04-12 00:00:00,CRM
TXN5877,CRM1877,ACC1877,Payment,20193,INR,2025-11-02 00:00:00,CRM
TXN5496,CRM1496,ACC1496,Order,34231,INR,2024-03-11 00:00:00,CRM
TXN5156,CRM1156,ACC1156,Invoice,30341,INR,2025-10-28 00:00:00,CRM
TXN5943,CRM1943,ACC1943,Payment,20747,INR,2024-08-06 00:00:00,CRM
TXN5026,CRM1026,ACC1026,Payment,21299,INR,2024-03-11 00:00:00,CRM
TXN5038,CRM1038,ACC1038,Refund,47644,INR,2024-10-26 00:00:00,CRM
