contact_id,customer_id,contact_type,contact_value,contact_role,campaign_id,created_ts,source_system
SFCONT5567,SF1567,phone,9094725071,Secondary,CAMP013,2025-11-27 00:00:00,Salesforce
SFCONT5631,SF1631,work_email,meena.kapoor60@salesforce.com,Decision Maker,CAMP027,2024-02-29 00:00:00,Salesforce
SFCONT5156,SF1156,landline,sanjay.tiwari61@salesforce.com,Secondary,CAMP034,2024-03-23 00:00:00,Salesforce
SFCONT5312,SF1312,email,kavita.kaur84@salesforce.com,Secondary,CAMP024,2024-09-10 00:00:00,Salesforce
SFCONT5867,SF1867,mobile,9184753005,Secondary,CAMP007,2025-12-31 00:00:00,Salesforce
SFCONT5167,SF1167,landline,rekha.banerjee54@salesforce.com,Influencer,CAMP031,2024-06-15 00:00:00,Salesforce
SFCONT5939,SF1939,landline,ravi.bajaj89@salesforce.com,Primary,CAMP028,2025-11-19 00:00:00,Salesforce
SFCONT5845,SF1845,email,rekha.dubey25@salesforce.com,Primary,CAMP008,2024-09-08 00:00:00,Salesforce
SFCONT5489,SF1489,phone,9277321035,Secondary,CAMP011,2024-07-13 00:00:00,Salesforce
SFCONT5216,SF1216,landline,john.yadav78@salesforce.com,Secondary,CAMP011,2024-07-04 00:00:00,Salesforce
SFCONT5333,SF1333,work_email,sunil.verma24@salesforce.com,Primary,CAMP034,2024-05-20 00:00:00,Salesforce
SFCONT5325,SF1325,email,shreya.shah66@salesforce.com,Influencer,CAMP022,2025-03-21 00:00:00,Salesforce
SFCONT5937,SF1937,phone,9513104434,Influencer,CAMP050,2025-11-30 00:00:00,Salesforce
SFCONT5657,SF1657,work_email,sunil.gupta61@salesforce.com,Secondary,CAMP035,2024-07-28 00:00:00,Salesforce
SFCONT5170,SF1170,landline,sunita.yadav23@salesforce.com,Decision Maker,CAMP013,2025-03-06 00:00:00,Salesforce
SFCONT5851,SF1851,work_email,rajiv.desai20@salesforce.com,Decision Maker,CAMP032,2025-10-29 00:00:00,Salesforce
SFCONT5321,SF1321,phone,9415544951,Primary,CAMP004,2025-09-17 00:00:00,Salesforce
SFCONT5607,SF1607,mobile,9786755822,Secondary,CAMP001,2024-08-12 00:00:00,Salesforce
SFCONT5498,SF1498,work_email,suresh.banerjee12@salesforce.com,Influencer,CAMP036,2024-10-04 00:00:00,Salesforce
SFCONT5558,SF1558,phone,9002375000,Primary,CAMP019,2025-03-05 00:00:00,Salesforce
SFCONT5502,SF1502,email,rajiv.malhotra56@salesforce.com,Influencer,CAMP019,2024-05-31 00:00:00,Salesforce
SFCONT5928,SF1928,email,amit.singh60@salesforce.com,Influencer,CAMP020,2024-01-14 00:00:00,Salesforce
SFCONT5106,SF1106,email,lakshmi.reddy89@salesforce.com,Primary,CAMP012,2025-07-05 00:00:00,Salesforce
SFCONT5740,SF1740,work_email,arjun.singh50@salesforce.com,Primary,CAMP012,2024-12-13 00:00:00,Salesforce
SFCONT5848,SF1848,phone,9239322010,Decision Maker,CAMP015,2025-10-04 00:00:00,Salesforce
SFCONT5554,SF1554,mobile,9163012886,Primary,CAMP013,2026-03-08 00:00:00,Salesforce
SFCONT5902,SF1902,email,kavita.shah52@salesforce.com,Decision Maker,CAMP022,2025-09-21 00:00:00,Salesforce
SFCONT5881,SF1881,landline,vikas.iyer59@salesforce.com,Secondary,CAMP024,2025-10-15 00:00:00,Salesforce
SFCONT5243,SF1243,mobile,9324967023,Secondary,CAMP015,2025-06-03 00:00:00,Salesforce
SFCONT5244,SF1244,phone,9541517203,Primary,CAMP048,2025-08-24 00:00:00,Salesforce
SFCONT5360,SF1360,mobile,9674372535,Decision Maker,CAMP025,2024-01-27 00:00:00,Salesforce
SFCONT5405,SF1405,phone,9075262704,Influencer,CAMP034,2024-10-28 00:00:00,Salesforce
SFCONT5494,SF1494,mobile,9089562873,Primary,CAMP028,2025-11-15 00:00:00,Salesforce
SFCONT5375,SF1375,email,vinay.rao7@salesforce.com,Decision Maker,CAMP020,2024-07-23 00:00:00,Salesforce
SFCONT5481,SF1481,email,lakshmi.mishra5@salesforce.com,Primary,CAMP038,2024-07-07 00:00:00,Salesforce
SFCONT5401,SF1401,work_email,meena.rao94@salesforce.com,Decision Maker,CAMP033,2024-10-20 00:00:00,Salesforce
SFCONT5366,SF1366,landline,pooja.kumar81@salesforce.com,Secondary,CAMP005,2025-12-15 00:00:00,Salesforce
SFCONT5233,SF1233,phone,9777362617,Primary,CAMP025,2025-05-15 00:00:00,Salesforce
SFCONT5921,SF1921,work_email,neha.pandey26@salesforce.com,Decision Maker,CAMP038,2024-02-11 00:00:00,Salesforce
SFCONT5356,SF1356,mobile,9133658655,Decision Maker,CAMP012,2025-08-26 00:00:00,Salesforce
SFCONT5479,SF1479,work_email,alok.joshi12@salesforce.com,Primary,CAMP009,2025-09-27 00:00:00,Salesforce
SFCONT5095,SF1095,mobile,9199076499,Decision Maker,CAMP026,2024-06-22 00:00:00,Salesforce
SFCONT5494,SF1494,mobile,9089562873,Primary,CAMP028,2025-11-15 00:00:00,Salesforce
SFCONT5684,SF1684,work_email,lakshmi.kapoor12@salesforce.com,Primary,CAMP001,2026-03-23 00:00:00,Salesforce
SFCONT5005,SF1005,mobile,9203348805,Primary,CAMP010,2025-10-21 00:00:00,Salesforce
SFCONT5400,SF1400,phone,9584158229,Influencer,CAMP019,2024-11-01 00:00:00,Salesforce
SFCONT5272,SF1272,landline,seema.menon62@salesforce.com,Decision Maker,CAMP013,2024-12-14 00:00:00,Salesforce
SFCONT5946,SF1946,phone,9802926573,Decision Maker,CAMP028,2025-03-04 00:00:00,Salesforce
SFCONT5659,SF1659,landline,sunita.bajaj35@salesforce.com,Decision Maker,CAMP049,2025-02-19 00:00:00,Salesforce
SFCONT5143,SF1143,mobile,9397350332,Influencer,CAMP033,2025-05-20 00:00:00,Salesforce
SFCONT5326,SF1326,email,rajiv.chopra50@salesforce.com,Decision Maker,CAMP018,2025-11-17 00:00:00,Salesforce
SFCONT5935,SF1935,phone,9677363878,Decision Maker,CAMP005,2025-05-26 00:00:00,Salesforce
SFCONT5675,SF1675,email,ajay.nair97@salesforce.com,Secondary,CAMP005,2025-02-20 00:00:00,Salesforce
SFCONT5519,SF1519,email,alok.yadav55@salesforce.com,Decision Maker,CAMP027,2025-02-08 00:00:00,Salesforce
SFCONT5309,SF1309,email,kavita.patel34@salesforce.com,Influencer,CAMP014,2025-05-03 00:00:00,Salesforce
SFCONT5466,SF1466,mobile,9777676193,Decision Maker,CAMP013,2024-07-04 00:00:00,Salesforce
SFCONT5682,SF1682,work_email,prakash.iyer60@salesforce.com,Influencer,CAMP046,2024-03-14 00:00:00,Salesforce
SFCONT5139,SF1139,mobile,9249945927,Decision Maker,CAMP042,2024-05-25 00:00:00,Salesforce
SFCONT5058,SF1058,mobile,9757289937,Secondary,CAMP045,2025-04-04 00:00:00,Salesforce
SFCONT5022,SF1022,phone,9294073591,Primary,CAMP015,2024-12-01 00:00:00,Salesforce
SFCONT5255,SF1255,landline,rajiv.srivastava86@salesforce.com,Influencer,CAMP018,2025-07-02 00:00:00,Salesforce
SFCONT5837,SF1837,work_email,divya.guptha11@salesforce.com,Decision Maker,CAMP044,2024-06-02 00:00:00,Salesforce
SFCONT5151,SF1151,landline,meera.chopra89@salesforce.com,Decision Maker,CAMP013,2025-07-20 00:00:00,Salesforce
SFCONT5187,SF1187,mobile,9710756439,Primary,CAMP032,2025-09-17 00:00:00,Salesforce
SFCONT5885,SF1885,mobile,9373829277,Influencer,CAMP009,2024-11-24 00:00:00,Salesforce
SFCONT5440,SF1440,landline,seema.shah60@salesforce.com,Influencer,CAMP022,2026-01-26 00:00:00,Salesforce
SFCONT5218,SF1218,phone,9463988769,Primary,CAMP023,2025-08-10 00:00:00,Salesforce
SFCONT5788,SF1788,mobile,9404815383,Decision Maker,CAMP034,2024-12-08 00:00:00,Salesforce
SFCONT5335,SF1335,work_email,divya.agarwal37@salesforce.com,Primary,CAMP043,2026-01-02 00:00:00,Salesforce
SFCONT5002,SF1002,landline,shalini.joshi8@salesforce.com,Influencer,CAMP007,2025-11-03 00:00:00,Salesforce
SFCONT5925,SF1925,landline,rohit.mehta25@salesforce.com,Influencer,CAMP010,2025-01-12 00:00:00,Salesforce
SFCONT5392,SF1392,work_email,prakash.gupta12@salesforce.com,Influencer,CAMP032,2026-02-11 00:00:00,Salesforce
SFCONT5662,SF1662,work_email,sachin.desai77@salesforce.com,Decision Maker,CAMP017,2025-10-25 00:00:00,Salesforce
SFCONT5874,SF1874,mobile,9638432785,Primary,CAMP007,2024-12-22 00:00:00,Salesforce
SFCONT5638,SF1638,email,sunil.yadav54@salesforce.com,Primary,CAMP007,2024-11-28 00:00:00,Salesforce
SFCONT5319,SF1319,work_email,priya.verma48@salesforce.com,Secondary,CAMP021,2024-12-25 00:00:00,Salesforce
SFCONT5792,SF1792,mobile,9532300776,Decision Maker,CAMP021,2025-03-26 00:00:00,Salesforce
SFCONT5512,SF1512,landline,ajay.pandey2@salesforce.com,Influencer,CAMP004,2024-07-15 00:00:00,Salesforce
SFCONT5121,SF1121,work_email,pooja.nair63@salesforce.com,Primary,CAMP026,2025-01-15 00:00:00,Salesforce
SFCONT5640,SF1640,landline,ajay.kapoor87@salesforce.com,Secondary,CAMP004,2024-04-26 00:00:00,Salesforce
SFCONT5341,SF1341,landline,meera.mishra74@salesforce.com,Decision Maker,CAMP008,2024-11-18 00:00:00,Salesforce
SFCONT5691,SF1691,mobile,9812344897,Primary,CAMP029,2025-01-21 00:00:00,Salesforce
SFCONT5735,SF1735,email,arvind.tiwari96@salesforce.com,Primary,CAMP025,2024-04-03 00:00:00,Salesforce
SFCONT5616,SF1616,mobile,9345102492,Decision Maker,CAMP047,2025-05-29 00:00:00,Salesforce
SFCONT5196,SF1196,landline,shalini.agarwal25@salesforce.com,Decision Maker,CAMP034,2025-07-14 00:00:00,Salesforce
SFCONT5608,SF1608,mobile,9838098083,Secondary,CAMP050,2025-09-23 00:00:00,Salesforce
SFCONT5909,SF1909,work_email,vinod.kumar97@salesforce.com,Secondary,CAMP005,2024-04-10 00:00:00,Salesforce
SFCONT5268,SF1268,phone,9070008873,Primary,CAMP008,2025-05-05 00:00:00,Salesforce
SFCONT5349,SF1349,phone,9216980659,Decision Maker,CAMP034,2024-10-22 00:00:00,Salesforce
SFCONT5890,SF1890,mobile,9287874541,Primary,CAMP010,2025-02-17 00:00:00,Salesforce
SFCONT5873,SF1873,landline,meena.patel60@salesforce.com,Primary,CAMP032,2025-02-20 00:00:00,Salesforce
SFCONT5670,SF1670,landline,sunil.agarwal8@salesforce.com,Primary,CAMP008,2024-02-15 00:00:00,Salesforce
SFCONT5391,SF1391,phone,9285521281,Secondary,CAMP024,2024-06-02 00:00:00,Salesforce
SFCONT5545,SF1545,phone,9823707458,Primary,CAMP014,2024-05-12 00:00:00,Salesforce
SFCONT5198,SF1198,email,sneha.mehta90@salesforce.com,Influencer,CAMP020,2024-01-16 00:00:00,Salesforce
SFCONT5047,SF1047,email,anita.reddy77@salesforce.com,Primary,CAMP025,2025-08-10 00:00:00,Salesforce
SFCONT5012,SF1012,landline,sunita.guptha40@salesforce.com,Decision Maker,CAMP008,2026-03-14 00:00:00,Salesforce
SFCONT5469,SF1469,mobile,9258241141,Influencer,CAMP021,2025-11-13 00:00:00,Salesforce
SFCONT5811,SF1811,phone,9776261619,Decision Maker,CAMP007,2025-07-16 00:00:00,Salesforce
SFCONT5063,SF1063,mobile,9094824577,Decision Maker,CAMP020,2025-10-29 00:00:00,Salesforce
SFCONT5732,SF1732,mobile,9578769578,Influencer,CAMP045,2025-01-24 00:00:00,Salesforce
SFCONT5398,SF1398,work_email,arvind.yadav58@salesforce.com,Influencer,CAMP025,2026-03-21 00:00:00,Salesforce
SFCONT5426,SF1426,email,sanjay.verma88@salesforce.com,Decision Maker,CAMP049,2025-01-18 00:00:00,Salesforce
SFCONT5070,SF1070,work_email,arjun.shah82@salesforce.com,Secondary,CAMP044,2026-03-18 00:00:00,Salesforce
SFCONT5389,SF1389,phone,9959427322,Decision Maker,CAMP040,2024-04-15 00:00:00,Salesforce
SFCONT5431,SF1431,phone,9155744949,Influencer,CAMP017,2024-06-06 00:00:00,Salesforce
SFCONT5424,SF1424,phone,9201886015,Primary,CAMP033,2024-04-11 00:00:00,Salesforce
SFCONT5529,SF1529,work_email,neha.patil16@salesforce.com,Decision Maker,CAMP026,2024-04-07 00:00:00,Salesforce
SFCONT5595,SF1595,mobile,9582376722,Decision Maker,CAMP020,2024-02-14 00:00:00,Salesforce
SFCONT5241,SF1241,landline,priya.kaur60@salesforce.com,Secondary,CAMP037,2025-07-07 00:00:00,Salesforce
SFCONT5550,SF1550,phone,9593819128,Influencer,CAMP012,2025-01-23 00:00:00,Salesforce
SFCONT5242,SF1242,work_email,karan.agarwal68@salesforce.com,Influencer,CAMP030,2024-03-15 00:00:00,Salesforce
SFCONT5295,SF1295,mobile,9549825530,Decision Maker,CAMP003,2024-10-30 00:00:00,Salesforce
SFCONT5329,SF1329,email,vinay.kumar18@salesforce.com,Secondary,CAMP040,2024-01-27 00:00:00,Salesforce
SFCONT5429,SF1429,mobile,9895875197,Decision Maker,CAMP048,2025-07-30 00:00:00,Salesforce
SFCONT5577,SF1577,landline,kavita.bajaj66@salesforce.com,Primary,CAMP050,2024-12-25 00:00:00,Salesforce
SFCONT5676,SF1676,mobile,9322168776,Influencer,CAMP012,2025-11-27 00:00:00,Salesforce
SFCONT5224,SF1224,email,shreya.singh10@salesforce.com,Secondary,CAMP004,2025-06-23 00:00:00,Salesforce
SFCONT5798,SF1798,phone,9057644552,Decision Maker,CAMP022,2024-12-11 00:00:00,Salesforce
SFCONT5087,SF1087,work_email,ramesh.mehta63@salesforce.com,Secondary,CAMP017,2025-08-28 00:00:00,Salesforce
SFCONT5649,SF1649,mobile,9580243752,Secondary,CAMP012,2025-07-18 00:00:00,Salesforce
SFCONT5159,SF1159,mobile,9423367647,Decision Maker,CAMP050,2025-09-08 00:00:00,Salesforce
SFCONT5099,SF1099,mobile,9935078764,Influencer,CAMP004,2024-09-19 00:00:00,Salesforce
SFCONT5083,SF1083,landline,rahul.kapoor30@salesforce.com,Primary,CAMP020,2025-12-07 00:00:00,Salesforce
SFCONT5810,SF1810,landline,vinay.kumar70@salesforce.com,Primary,CAMP019,2025-08-01 00:00:00,Salesforce
SFCONT5476,SF1476,mobile,9178886282,Secondary,CAMP014,2025-08-15 00:00:00,Salesforce
SFCONT5125,SF1125,email,anjali.joshi70@salesforce.com,Influencer,CAMP015,2025-12-25 00:00:00,Salesforce
SFCONT5287,SF1287,phone,9624780062,Secondary,CAMP001,2025-10-02 00:00:00,Salesforce
SFCONT5840,SF1840,email,ravi.menon40@salesforce.com,Influencer,CAMP030,2026-01-24 00:00:00,Salesforce
SFCONT5475,SF1475,work_email,manish.bajaj58@salesforce.com,Primary,CAMP003,2024-10-02 00:00:00,Salesforce
SFCONT5702,SF1702,phone,9543515230,Decision Maker,CAMP033,2025-09-11 00:00:00,Salesforce
SFCONT5799,SF1799,work_email,anjali.rao27@salesforce.com,Secondary,CAMP050,2024-10-24 00:00:00,Salesforce
SFCONT5507,SF1507,email,sanjay.joshi94@salesforce.com,Decision Maker,CAMP031,2024-03-16 00:00:00,Salesforce
SFCONT5862,SF1862,work_email,ajay.desai37@salesforce.com,Primary,CAMP015,2025-11-17 00:00:00,Salesforce
SFCONT5306,SF1306,work_email,harish.srivastava5@salesforce.com,Decision Maker,CAMP030,2025-08-13 00:00:00,Salesforce
SFCONT5526,SF1526,landline,sachin.nair98@salesforce.com,Decision Maker,CAMP001,2024-08-05 00:00:00,Salesforce
SFCONT5598,SF1598,landline,kavita.sharma70@salesforce.com,Secondary,CAMP044,2025-11-09 00:00:00,Salesforce
SFCONT5124,SF1124,work_email,neha.dubey47@salesforce.com,Primary,CAMP011,2025-08-25 00:00:00,Salesforce
SFCONT5450,SF1450,email,seema.chopra12@salesforce.com,Primary,CAMP035,2025-07-20 00:00:00,Salesforce
SFCONT5830,SF1830,email,karan.reddy59@salesforce.com,Influencer,CAMP046,2024-01-05 00:00:00,Salesforce
SFCONT5180,SF1180,phone,9573342772,Decision Maker,CAMP040,2024-07-05 00:00:00,Salesforce
SFCONT5593,SF1593,landline,meena.patel34@salesforce.com,Primary,CAMP047,2024-08-20 00:00:00,Salesforce
SFCONT5468,SF1468,email,amit.kapoor36@salesforce.com,Primary,CAMP024,2025-08-14 00:00:00,Salesforce
SFCONT5734,SF1734,mobile,9037500389,Influencer,CAMP044,2025-12-20 00:00:00,Salesforce
SFCONT5589,SF1589,landline,anita.banerjee50@salesforce.com,Decision Maker,CAMP038,2024-07-06 00:00:00,Salesforce
SFCONT5363,SF1363,phone,9929843875,Primary,CAMP024,2026-01-30 00:00:00,Salesforce
SFCONT5628,SF1628,landline,deepak.gupta34@salesforce.com,Primary,CAMP022,2024-08-19 00:00:00,Salesforce
SFCONT5835,SF1835,work_email,vikas.reddy90@salesforce.com,Secondary,CAMP034,2024-03-13 00:00:00,Salesforce
SFCONT5859,SF1859,email,divya.sharma85@salesforce.com,Influencer,CAMP004,2024-10-13 00:00:00,Salesforce
SFCONT5155,SF1155,landline,deepak.iyer9@salesforce.com,Decision Maker,CAMP041,2025-03-10 00:00:00,Salesforce
SFCONT5503,SF1503,phone,9800031265,Primary,CAMP046,2025-05-18 00:00:00,Salesforce
SFCONT5708,SF1708,email,arjun.malhotra13@salesforce.com,Influencer,CAMP014,2024-04-03 00:00:00,Salesforce
SFCONT5492,SF1492,work_email,prakash.joshi50@salesforce.com,Decision Maker,CAMP035,2025-07-11 00:00:00,Salesforce
SFCONT5090,SF1090,landline,amit.malhotra83@salesforce.com,Decision Maker,CAMP026,2024-01-21 00:00:00,Salesforce
SFCONT5108,SF1108,phone,9113398230,Secondary,CAMP018,2026-01-01 00:00:00,Salesforce
SFCONT5454,SF1454,mobile,9747138362,Influencer,CAMP037,2024-11-20 00:00:00,Salesforce
SFCONT5916,SF1916,phone,9211781200,Secondary,CAMP033,2025-11-17 00:00:00,Salesforce
SFCONT5865,SF1865,landline,meena.iyer74@salesforce.com,Secondary,CAMP046,2025-07-07 00:00:00,Salesforce
SFCONT5175,SF1175,landline,ramesh.malhotra96@salesforce.com,Decision Maker,CAMP044,2024-12-31 00:00:00,Salesforce
SFCONT5461,SF1461,phone,9868177017,Secondary,CAMP003,2024-07-26 00:00:00,Salesforce
SFCONT5107,SF1107,phone,9827192801,Primary,CAMP009,2026-02-11 00:00:00,Salesforce
SFCONT5297,SF1297,landline,meena.reddy39@salesforce.com,Influencer,CAMP019,2024-03-06 00:00:00,Salesforce
SFCONT5646,SF1646,phone,9411391876,Influencer,CAMP001,2025-11-04 00:00:00,Salesforce
SFCONT5009,SF1009,landline,shalini.desai58@salesforce.com,Primary,CAMP015,2025-08-05 00:00:00,Salesforce
SFCONT5065,SF1065,phone,9749619091,Primary,CAMP002,2025-11-25 00:00:00,Salesforce
SFCONT5542,SF1542,email,vikas.patel74@salesforce.com,Secondary,CAMP018,2024-03-12 00:00:00,Salesforce
SFCONT5317,SF1317,mobile,9529990253,Primary,CAMP041,2024-09-23 00:00:00,Salesforce
SFCONT5682,SF1682,work_email,prakash.iyer60@salesforce.com,Influencer,CAMP046,2024-03-14 00:00:00,Salesforce
SFCONT5897,SF1897,work_email,seema.rao52@salesforce.com,Primary,CAMP021,2024-09-06 00:00:00,Salesforce
SFCONT5936,SF1936,work_email,ramesh.kaur54@salesforce.com,Primary,CAMP008,2024-02-24 00:00:00,Salesforce
SFCONT5161,SF1161,landline,rahul.sharma53@salesforce.com,Decision Maker,CAMP032,2024-04-21 00:00:00,Salesforce
SFCONT5432,SF1432,work_email,arvind.singh56@salesforce.com,Primary,CAMP008,2025-05-06 00:00:00,Salesforce
SFCONT5039,SF1039,email,john.bajaj21@salesforce.com,Primary,CAMP007,2024-02-06 00:00:00,Salesforce
SFCONT5504,SF1504,email,rekha.singh98@salesforce.com,Influencer,CAMP009,2025-05-18 00:00:00,Salesforce
SFCONT5767,SF1767,email,ramesh.singh83@salesforce.com,Influencer,CAMP012,2025-07-09 00:00:00,Salesforce
SFCONT5828,SF1828,landline,ravi.verma37@salesforce.com,Primary,CAMP001,2024-10-16 00:00:00,Salesforce
SFCONT5635,SF1635,email,vikas.kapoor44@salesforce.com,Primary,CAMP002,2025-09-10 00:00:00,Salesforce
SFCONT5097,SF1097,email,arjun.guptha8@salesforce.com,Decision Maker,CAMP010,2024-09-29 00:00:00,Salesforce
SFCONT5013,SF1013,email,rajiv.pandey99@salesforce.com,Secondary,CAMP014,2024-05-24 00:00:00,Salesforce
SFCONT5148,SF1148,phone,9217232013,Primary,CAMP008,2025-08-24 00:00:00,Salesforce
SFCONT5716,SF1716,mobile,9512573717,Decision Maker,CAMP016,2024-01-19 00:00:00,Salesforce
SFCONT5612,SF1612,landline,vinod.kumar86@salesforce.com,Decision Maker,CAMP050,2025-01-01 00:00:00,Salesforce
SFCONT5008,SF1008,landline,divya.patil44@salesforce.com,Secondary,CAMP047,2026-02-17 00:00:00,Salesforce
SFCONT5115,SF1115,mobile,9415730576,Decision Maker,CAMP026,2025-09-22 00:00:00,Salesforce
SFCONT5131,SF1131,work_email,divya.kaur20@salesforce.com,Decision Maker,CAMP032,2024-02-27 00:00:00,Salesforce
SFCONT5340,SF1340,work_email,jane.bajaj42@salesforce.com,Decision Maker,CAMP016,2024-11-22 00:00:00,Salesforce
SFCONT5617,SF1617,work_email,sanjay.bajaj74@salesforce.com,Primary,CAMP012,2025-09-06 00:00:00,Salesforce
SFCONT5474,SF1474,landline,ajay.kapoor98@salesforce.com,Primary,CAMP038,2024-03-12 00:00:00,Salesforce
SFCONT5898,SF1898,email,sunil.verma29@salesforce.com,Secondary,CAMP035,2024-10-31 00:00:00,Salesforce
SFCONT5448,SF1448,mobile,9070853559,Decision Maker,CAMP019,2025-12-17 00:00:00,Salesforce
SFCONT5781,SF1781,phone,9204074482,Secondary,CAMP017,2024-12-18 00:00:00,Salesforce
SFCONT5111,SF1111,landline,vinay.banerjee16@salesforce.com,Secondary,CAMP030,2024-12-21 00:00:00,Salesforce
SFCONT5839,SF1839,work_email,sunita.patil94@salesforce.com,Secondary,CAMP010,2025-10-21 00:00:00,Salesforce
SFCONT5602,SF1602,phone,9969199808,Decision Maker,CAMP049,2025-10-15 00:00:00,Salesforce
SFCONT5193,SF1193,work_email,suresh.singh5@salesforce.com,Influencer,CAMP005,2025-12-02 00:00:00,Salesforce
SFCONT5626,SF1626,phone,9261286097,Influencer,CAMP043,2025-12-23 00:00:00,Salesforce
SFCONT5183,SF1183,mobile,9318797713,Decision Maker,CAMP009,2025-10-15 00:00:00,Salesforce
SFCONT5752,SF1752,work_email,shalini.yadav22@salesforce.com,Decision Maker,CAMP005,2024-09-22 00:00:00,Salesforce
SFCONT5181,SF1181,work_email,kavita.mehta95@salesforce.com,Primary,CAMP002,2026-02-26 00:00:00,Salesforce
SFCONT5343,SF1343,phone,9136531778,Decision Maker,CAMP016,2024-01-03 00:00:00,Salesforce
SFCONT5411,SF1411,landline,suresh.bajaj70@salesforce.com,Decision Maker,CAMP048,2024-06-08 00:00:00,Salesforce
SFCONT5130,SF1130,email,vikas.desai28@salesforce.com,Primary,CAMP022,2025-06-23 00:00:00,Salesforce
SFCONT5892,SF1892,email,shreya.rao56@salesforce.com,Secondary,CAMP011,2024-12-16 00:00:00,Salesforce
SFCONT5122,SF1122,landline,harish.malhotra10@salesforce.com,Secondary,CAMP031,2025-07-07 00:00:00,Salesforce
SFCONT5738,SF1738,email,meena.joshi3@salesforce.com,Primary,CAMP036,2024-03-14 00:00:00,Salesforce
SFCONT5930,SF1930,phone,9124337773,Primary,CAMP004,2025-03-08 00:00:00,Salesforce
SFCONT5761,SF1761,mobile,9544786510,Influencer,CAMP038,2025-08-06 00:00:00,Salesforce
SFCONT5292,SF1292,mobile,9081840482,Influencer,CAMP005,2025-08-18 00:00:00,Salesforce
SFCONT5028,SF1028,work_email,seema.mehta79@salesforce.com,Secondary,CAMP003,2025-08-27 00:00:00,Salesforce
SFCONT5784,SF1784,phone,9417671858,Decision Maker,CAMP034,2025-11-14 00:00:00,Salesforce
SFCONT5281,SF1281,phone,9777771826,Influencer,CAMP021,2025-03-02 00:00:00,Salesforce
SFCONT5598,SF1598,landline,kavita.sharma70@salesforce.com,Secondary,CAMP044,2025-11-09 00:00:00,Salesforce
SFCONT5316,SF1316,email,neha.rao50@salesforce.com,Decision Maker,CAMP027,2025-03-03 00:00:00,Salesforce
SFCONT5419,SF1419,landline,divya.malhotra23@salesforce.com,Secondary,CAMP010,2024-08-30 00:00:00,Salesforce
SFCONT5537,SF1537,mobile,9706387632,Secondary,CAMP021,2024-10-05 00:00:00,Salesforce
SFCONT5036,SF1036,work_email,vinay.mishra61@salesforce.com,Influencer,CAMP013,2026-01-17 00:00:00,Salesforce
SFCONT5076,SF1076,phone,9459415099,Influencer,CAMP029,2024-12-19 00:00:00,Salesforce
SFCONT5231,SF1231,phone,9800895162,Primary,CAMP005,2026-01-15 00:00:00,Salesforce
SFCONT5559,SF1559,work_email,meena.patil2@salesforce.com,Decision Maker,CAMP046,2025-07-20 00:00:00,Salesforce
SFCONT5038,SF1038,mobile,9143129126,Primary,CAMP027,2025-09-12 00:00:00,Salesforce
SFCONT5513,SF1513,work_email,karan.yadav73@salesforce.com,Decision Maker,CAMP012,2025-04-18 00:00:00,Salesforce
SFCONT5444,SF1444,email,arvind.banerjee56@salesforce.com,Influencer,CAMP004,2025-11-22 00:00:00,Salesforce
SFCONT5499,SF1499,mobile,9168012106,Primary,CAMP025,2024-07-18 00:00:00,Salesforce
SFCONT5746,SF1746,work_email,john.kapoor60@salesforce.com,Influencer,CAMP024,2025-03-22 00:00:00,Salesforce
SFCONT5547,SF1547,mobile,9941042806,Decision Maker,CAMP018,2025-12-13 00:00:00,Salesforce
SFCONT5080,SF1080,landline,seema.malhotra1@salesforce.com,Influencer,CAMP003,2024-03-09 00:00:00,Salesforce
SFCONT5841,SF1841,landline,karan.dubey85@salesforce.com,Decision Maker,CAMP033,2025-07-23 00:00:00,Salesforce
SFCONT5163,SF1163,landline,alok.shah56@salesforce.com,Primary,CAMP041,2025-08-11 00:00:00,Salesforce
SFCONT5274,SF1274,email,alok.iyer86@salesforce.com,Decision Maker,CAMP008,2024-08-29 00:00:00,Salesforce
SFCONT5025,SF1025,landline,shreya.nair63@salesforce.com,Decision Maker,CAMP017,2024-04-29 00:00:00,Salesforce
SFCONT5457,SF1457,landline,rahul.tiwari45@salesforce.com,Influencer,CAMP007,2024-08-13 00:00:00,Salesforce
SFCONT5918,SF1918,mobile,9935274011,Decision Maker,CAMP025,2024-06-12 00:00:00,Salesforce
SFCONT5566,SF1566,email,ravi.gupta66@salesforce.com,Secondary,CAMP033,2025-03-12 00:00:00,Salesforce
SFCONT5665,SF1665,work_email,shreya.guptha97@salesforce.com,Secondary,CAMP004,2025-05-06 00:00:00,Salesforce
SFCONT5169,SF1169,work_email,rekha.nair63@salesforce.com,Secondary,CAMP005,2025-08-01 00:00:00,Salesforce
SFCONT5706,SF1706,email,anita.singh54@salesforce.com,Decision Maker,CAMP023,2026-02-05 00:00:00,Salesforce
SFCONT5651,SF1651,landline,vinay.kapoor3@salesforce.com,Decision Maker,CAMP013,2025-06-12 00:00:00,Salesforce
SFCONT5310,SF1310,work_email,ramesh.kaur2@salesforce.com,Primary,CAMP015,2026-01-16 00:00:00,Salesforce
SFCONT5571,SF1571,phone,9208065276,Primary,CAMP014,2026-02-13 00:00:00,Salesforce
SFCONT5728,SF1728,phone,9224188150,Decision Maker,CAMP036,2024-04-02 00:00:00,Salesforce
SFCONT5402,SF1402,phone,9788893818,Secondary,CAMP032,2024-09-16 00:00:00,Salesforce
SFCONT5766,SF1766,mobile,9585834386,Primary,CAMP018,2024-08-29 00:00:00,Salesforce
SFCONT5228,SF1228,mobile,9801870335,Secondary,CAMP028,2025-01-07 00:00:00,Salesforce
SFCONT5191,SF1191,mobile,9436338111,Influencer,CAMP023,2025-07-12 00:00:00,Salesforce
SFCONT5384,SF1384,mobile,9672106038,Primary,CAMP046,2025-04-22 00:00:00,Salesforce
SFCONT5803,SF1803,work_email,anjali.singh51@salesforce.com,Primary,CAMP044,2024-02-19 00:00:00,Salesforce
SFCONT5880,SF1880,phone,9823229225,Decision Maker,CAMP010,2025-10-25 00:00:00,Salesforce
SFCONT5673,SF1673,mobile,9888411858,Primary,CAMP037,2025-11-27 00:00:00,Salesforce
SFCONT5209,SF1209,work_email,lakshmi.pandey77@salesforce.com,Primary,CAMP039,2024-09-05 00:00:00,Salesforce
SFCONT5637,SF1637,mobile,9687340100,Secondary,CAMP044,2024-11-24 00:00:00,Salesforce
SFCONT5420,SF1420,mobile,9264569196,Decision Maker,CAMP046,2024-06-18 00:00:00,Salesforce
SFCONT5301,SF1301,work_email,vikas.malhotra14@salesforce.com,Primary,CAMP036,2024-06-27 00:00:00,Salesforce
SFCONT5687,SF1687,email,meera.rao86@salesforce.com,Primary,CAMP041,2024-10-29 00:00:00,Salesforce
SFCONT5152,SF1152,email,manish.chopra39@salesforce.com,Secondary,CAMP045,2025-07-24 00:00:00,Salesforce
SFCONT5194,SF1194,mobile,9255133483,Primary,CAMP046,2025-12-15 00:00:00,Salesforce
SFCONT5941,SF1941,landline,amit.rao40@salesforce.com,Influencer,CAMP020,2025-07-21 00:00:00,Salesforce
SFCONT5176,SF1176,phone,9296011349,Influencer,CAMP002,2025-05-14 00:00:00,Salesforce
SFCONT5836,SF1836,work_email,rajiv.rao52@salesforce.com,Secondary,CAMP018,2024-01-06 00:00:00,Salesforce
SFCONT5040,SF1040,email,vinod.singh28@salesforce.com,Primary,CAMP026,2024-04-22 00:00:00,Salesforce
SFCONT5383,SF1383,email,divya.sharma89@salesforce.com,Decision Maker,CAMP024,2024-12-28 00:00:00,Salesforce
SFCONT5778,SF1778,phone,9727072305,Primary,CAMP018,2024-02-25 00:00:00,Salesforce
SFCONT5117,SF1117,email,rekha.menon34@salesforce.com,Primary,CAMP023,2026-03-21 00:00:00,Salesforce
SFCONT5501,SF1501,work_email,alok.verma24@salesforce.com,Decision Maker,CAMP048,2024-10-31 00:00:00,Salesforce
SFCONT5451,SF1451,phone,9728435150,Influencer,CAMP035,2025-05-16 00:00:00,Salesforce
SFCONT5591,SF1591,phone,9316581297,Decision Maker,CAMP019,2025-06-16 00:00:00,Salesforce
SFCONT5889,SF1889,work_email,shreya.patil89@salesforce.com,Secondary,CAMP035,2025-12-19 00:00:00,Salesforce
SFCONT5396,SF1396,mobile,9663194525,Primary,CAMP002,2026-02-17 00:00:00,Salesforce
SFCONT5619,SF1619,work_email,jane.malhotra59@salesforce.com,Primary,CAMP041,2025-03-14 00:00:00,Salesforce
SFCONT5254,SF1254,landline,karan.reddy20@salesforce.com,Primary,CAMP029,2024-04-08 00:00:00,Salesforce
SFCONT5403,SF1403,landline,kavita.kumar33@salesforce.com,Primary,CAMP043,2026-01-29 00:00:00,Salesforce
SFCONT5437,SF1437,landline,rajiv.menon42@salesforce.com,Secondary,CAMP034,2026-01-23 00:00:00,Salesforce
SFCONT5129,SF1129,email,sunita.menon72@salesforce.com,Primary,CAMP038,2024-11-19 00:00:00,Salesforce
SFCONT5622,SF1622,work_email,manish.iyer77@salesforce.com,Decision Maker,CAMP042,2024-05-02 00:00:00,Salesforce
SFCONT5154,SF1154,landline,jane.kapoor46@salesforce.com,Decision Maker,CAMP048,2026-01-09 00:00:00,Salesforce
SFCONT5001,SF1001,work_email,sneha.tiwari29@salesforce.com,Influencer,CAMP005,2024-03-02 00:00:00,Salesforce
SFCONT5698,SF1698,mobile,9432774949,Influencer,CAMP012,2025-09-09 00:00:00,Salesforce
SFCONT5149,SF1149,landline,rohit.banerjee75@salesforce.com,Decision Maker,CAMP026,2025-01-16 00:00:00,Salesforce
SFCONT5770,SF1770,landline,deepak.banerjee64@salesforce.com,Primary,CAMP012,2024-10-13 00:00:00,Salesforce
SFCONT5947,SF1947,landline,deepak.kaur8@salesforce.com,Influencer,CAMP044,2026-03-05 00:00:00,Salesforce
SFCONT5587,SF1587,phone,9299155539,Decision Maker,CAMP017,2025-01-03 00:00:00,Salesforce
SFCONT5157,SF1157,phone,9090046813,Secondary,CAMP042,2024-01-22 00:00:00,Salesforce
SFCONT5359,SF1359,mobile,9288649436,Decision Maker,CAMP020,2026-02-09 00:00:00,Salesforce
SFCONT5109,SF1109,landline,seema.patel60@salesforce.com,Influencer,CAMP039,2025-08-03 00:00:00,Salesforce
SFCONT5145,SF1145,landline,suresh.malhotra49@salesforce.com,Primary,CAMP019,2026-02-05 00:00:00,Salesforce
SFCONT5861,SF1861,mobile,9402252355,Primary,CAMP008,2025-06-05 00:00:00,Salesforce
SFCONT5423,SF1423,mobile,9811844683,Secondary,CAMP011,2024-10-11 00:00:00,Salesforce
SFCONT5699,SF1699,phone,9560985543,Secondary,CAMP031,2024-08-22 00:00:00,Salesforce
SFCONT5171,SF1171,mobile,9810003327,Secondary,CAMP003,2024-02-15 00:00:00,Salesforce
SFCONT5428,SF1428,email,sunita.gupta65@salesforce.com,Influencer,CAMP026,2025-01-12 00:00:00,Salesforce
SFCONT5736,SF1736,work_email,karan.patel92@salesforce.com,Secondary,CAMP037,2025-12-13 00:00:00,Salesforce
SFCONT5856,SF1856,landline,vinay.kapoor25@salesforce.com,Secondary,CAMP050,2026-02-17 00:00:00,Salesforce
SFCONT5817,SF1817,email,pooja.gupta61@salesforce.com,Secondary,CAMP030,2024-10-19 00:00:00,Salesforce
SFCONT5334,SF1334,mobile,9722859404,Decision Maker,CAMP030,2025-04-11 00:00:00,Salesforce
SFCONT5019,SF1019,email,priya.patil14@salesforce.com,Decision Maker,CAMP027,2024-03-12 00:00:00,Salesforce
SFCONT5909,SF1909,work_email,vinod.kumar97@salesforce.com,Secondary,CAMP005,2024-04-10 00:00:00,Salesforce
SFCONT5465,SF1465,email,vikas.yadav26@salesforce.com,Influencer,CAMP028,2024-06-21 00:00:00,Salesforce
SFCONT5119,SF1119,phone,9008325576,Primary,CAMP027,2025-08-18 00:00:00,Salesforce
SFCONT5496,SF1496,mobile,9741590172,Influencer,CAMP004,2025-04-12 00:00:00,Salesforce
SFCONT5623,SF1623,phone,9135572041,Primary,CAMP023,2025-12-08 00:00:00,Salesforce
SFCONT5605,SF1605,phone,9045337936,Secondary,CAMP013,2025-04-09 00:00:00,Salesforce
SFCONT5328,SF1328,mobile,9172271050,Secondary,CAMP019,2024-01-18 00:00:00,Salesforce
SFCONT5332,SF1332,work_email,sachin.kapoor24@salesforce.com,Primary,CAMP038,2024-11-03 00:00:00,Salesforce
SFCONT5266,SF1266,mobile,9678947122,Decision Maker,CAMP018,2024-12-15 00:00:00,Salesforce
SFCONT5048,SF1048,work_email,shreya.joshi75@salesforce.com,Influencer,CAMP033,2025-06-24 00:00:00,Salesforce
SFCONT5893,SF1893,landline,anita.verma15@salesforce.com,Primary,CAMP027,2024-01-14 00:00:00,Salesforce
SFCONT5532,SF1532,phone,9392693236,Primary,CAMP049,2024-10-26 00:00:00,Salesforce
SFCONT5483,SF1483,work_email,seema.reddy14@salesforce.com,Primary,CAMP035,2024-03-03 00:00:00,Salesforce
SFCONT5560,SF1560,landline,alok.patel37@salesforce.com,Decision Maker,CAMP029,2025-01-16 00:00:00,Salesforce
SFCONT5749,SF1749,phone,9413670699,Decision Maker,CAMP038,2024-11-02 00:00:00,Salesforce
SFCONT5636,SF1636,phone,9287064404,Decision Maker,CAMP004,2025-12-09 00:00:00,Salesforce
SFCONT5901,SF1901,work_email,shreya.patil99@salesforce.com,Primary,CAMP033,2024-12-15 00:00:00,Salesforce
SFCONT5026,SF1026,work_email,sunil.singh50@salesforce.com,Secondary,CAMP046,2025-12-27 00:00:00,Salesforce
SFCONT5846,SF1846,work_email,deepak.dubey85@salesforce.com,Decision Maker,CAMP039,2024-06-09 00:00:00,Salesforce
SFCONT5883,SF1883,mobile,9945271573,Influencer,CAMP029,2024-03-14 00:00:00,Salesforce
SFCONT5667,SF1667,work_email,vinay.mishra72@salesforce.com,Influencer,CAMP001,2024-03-17 00:00:00,Salesforce
SFCONT5060,SF1060,work_email,sunil.bajaj18@salesforce.com,Decision Maker,CAMP034,2026-02-14 00:00:00,Salesforce
SFCONT5486,SF1486,mobile,9848087841,Secondary,CAMP032,2025-10-14 00:00:00,Salesforce
SFCONT5769,SF1769,phone,9521814548,Influencer,CAMP033,2024-02-07 00:00:00,Salesforce
SFCONT5786,SF1786,mobile,9412474701,Primary,CAMP007,2024-09-19 00:00:00,Salesforce
SFCONT5900,SF1900,landline,deepak.reddy84@salesforce.com,Secondary,CAMP014,2024-04-30 00:00:00,Salesforce
SFCONT5322,SF1322,landline,prakash.joshi1@salesforce.com,Primary,CAMP042,2024-06-06 00:00:00,Salesforce
SFCONT5227,SF1227,work_email,arjun.kapoor20@salesforce.com,Decision Maker,CAMP010,2024-03-01 00:00:00,Salesforce
SFCONT5138,SF1138,email,rahul.singh37@salesforce.com,Secondary,CAMP019,2025-04-22 00:00:00,Salesforce
SFCONT5823,SF1823,landline,harish.tiwari58@salesforce.com,Influencer,CAMP043,2025-12-19 00:00:00,Salesforce
SFCONT5037,SF1037,phone,9875292811,Influencer,CAMP050,2025-01-05 00:00:00,Salesforce
SFCONT5768,SF1768,email,harish.srivastava65@salesforce.com,Primary,CAMP024,2025-07-09 00:00:00,Salesforce
SFCONT5025,SF1025,landline,shreya.nair63@salesforce.com,Decision Maker,CAMP017,2024-04-29 00:00:00,Salesforce
SFCONT5380,SF1380,mobile,9037875278,Secondary,CAMP012,2024-08-18 00:00:00,Salesforce
SFCONT5382,SF1382,phone,9065005577,Primary,CAMP032,2024-08-22 00:00:00,Salesforce
SFCONT5875,SF1875,work_email,alok.yadav94@salesforce.com,Primary,CAMP028,2025-12-08 00:00:00,Salesforce
SFCONT5455,SF1455,work_email,neha.menon25@salesforce.com,Primary,CAMP013,2026-02-18 00:00:00,Salesforce
SFCONT5487,SF1487,landline,john.malhotra70@salesforce.com,Influencer,CAMP034,2025-01-12 00:00:00,Salesforce
SFCONT5573,SF1573,work_email,amit.kaur70@salesforce.com,Influencer,CAMP022,2024-11-11 00:00:00,Salesforce
SFCONT5882,SF1882,email,ajay.shah49@salesforce.com,Decision Maker,CAMP027,2025-12-05 00:00:00,Salesforce
SFCONT5793,SF1793,phone,9561848047,Secondary,CAMP028,2025-10-29 00:00:00,Salesforce
SFCONT5053,SF1053,landline,ajay.rao68@salesforce.com,Primary,CAMP012,2024-01-01 00:00:00,Salesforce
SFCONT5485,SF1485,landline,arjun.pandey71@salesforce.com,Secondary,CAMP003,2024-12-04 00:00:00,Salesforce
SFCONT5779,SF1779,email,harish.pandey69@salesforce.com,Decision Maker,CAMP022,2024-10-10 00:00:00,Salesforce
SFCONT5162,SF1162,mobile,9723961557,Influencer,CAMP023,2024-08-20 00:00:00,Salesforce
SFCONT5251,SF1251,email,seema.sharma36@salesforce.com,Secondary,CAMP043,2024-08-16 00:00:00,Salesforce
SFCONT5098,SF1098,work_email,sachin.joshi89@salesforce.com,Influencer,CAMP021,2025-01-19 00:00:00,Salesforce
SFCONT5642,SF1642,email,sunil.patel25@salesforce.com,Primary,CAMP005,2026-02-25 00:00:00,Salesforce
SFCONT5936,SF1936,work_email,ramesh.kaur54@salesforce.com,Primary,CAMP008,2024-02-24 00:00:00,Salesforce
SFCONT5094,SF1094,email,sachin.iyer29@salesforce.com,Primary,CAMP010,2026-02-22 00:00:00,Salesforce
SFCONT5579,SF1579,landline,shreya.desai85@salesforce.com,Influencer,CAMP019,2024-11-08 00:00:00,Salesforce
SFCONT5078,SF1078,work_email,ramesh.singh5@salesforce.com,Decision Maker,CAMP034,2026-01-31 00:00:00,Salesforce
SFCONT5126,SF1126,landline,sneha.sharma47@salesforce.com,Secondary,CAMP019,2024-02-19 00:00:00,Salesforce
SFCONT5812,SF1812,landline,arvind.pandey89@salesforce.com,Secondary,CAMP030,2024-03-22 00:00:00,Salesforce
SFCONT5877,SF1877,landline,arjun.malhotra67@salesforce.com,Secondary,CAMP002,2025-02-20 00:00:00,Salesforce
SFCONT5011,SF1011,mobile,9275081747,Secondary,CAMP011,2025-10-30 00:00:00,Salesforce
SFCONT5802,SF1802,landline,sachin.reddy46@salesforce.com,Secondary,CAMP048,2024-09-20 00:00:00,Salesforce
SFCONT5311,SF1311,phone,9106401861,Influencer,CAMP043,2025-02-18 00:00:00,Salesforce
SFCONT5725,SF1725,landline,seema.banerjee31@salesforce.com,Influencer,CAMP009,2024-01-28 00:00:00,Salesforce
SFCONT5102,SF1102,work_email,john.singh10@salesforce.com,Secondary,CAMP040,2025-12-21 00:00:00,Salesforce
SFCONT5085,SF1085,work_email,rekha.kaur34@salesforce.com,Secondary,CAMP040,2025-02-24 00:00:00,Salesforce
SFCONT5006,SF1006,phone,9663455860,Primary,CAMP022,2024-07-14 00:00:00,Salesforce
SFCONT5371,SF1371,mobile,9744729210,Influencer,CAMP025,2025-03-16 00:00:00,Salesforce
SFCONT5948,SF1948,phone,9969809000,Secondary,CAMP032,2025-11-27 00:00:00,Salesforce
SFCONT5744,SF1744,mobile,9048441949,Influencer,CAMP003,2026-03-26 00:00:00,Salesforce
SFCONT5722,SF1722,phone,9962643187,Influencer,CAMP038,2024-06-21 00:00:00,Salesforce
SFCONT5510,SF1510,email,priya.rao4@salesforce.com,Influencer,CAMP042,2025-07-25 00:00:00,Salesforce
SFCONT5679,SF1679,work_email,suresh.desai65@salesforce.com,Decision Maker,CAMP021,2025-03-15 00:00:00,Salesforce
SFCONT5243,SF1243,mobile,9324967023,Secondary,CAMP015,2025-06-03 00:00:00,Salesforce
SFCONT5074,SF1074,mobile,9091039151,Secondary,CAMP039,2024-01-17 00:00:00,Salesforce
SFCONT5262,SF1262,landline,meena.patel73@salesforce.com,Influencer,CAMP017,2026-03-10 00:00:00,Salesforce
SFCONT5627,SF1627,phone,9672655490,Influencer,CAMP008,2025-11-28 00:00:00,Salesforce
SFCONT5324,SF1324,email,jane.rao13@salesforce.com,Decision Maker,CAMP040,2024-10-31 00:00:00,Salesforce
SFCONT5302,SF1302,mobile,9266155918,Primary,CAMP045,2024-11-26 00:00:00,Salesforce
SFCONT5570,SF1570,landline,vikas.verma41@salesforce.com,Influencer,CAMP016,2025-01-31 00:00:00,Salesforce
SFCONT5695,SF1695,email,harish.mehta35@salesforce.com,Influencer,CAMP025,2024-01-31 00:00:00,Salesforce
SFCONT5473,SF1473,phone,9524108087,Secondary,CAMP038,2024-11-01 00:00:00,Salesforce
SFCONT5467,SF1467,phone,9861068996,Secondary,CAMP003,2025-03-18 00:00:00,Salesforce
SFCONT5522,SF1522,phone,9665297422,Decision Maker,CAMP039,2025-04-23 00:00:00,Salesforce
SFCONT5354,SF1354,email,meera.shah13@salesforce.com,Secondary,CAMP018,2024-11-11 00:00:00,Salesforce
SFCONT5105,SF1105,work_email,lakshmi.bajaj40@salesforce.com,Secondary,CAMP017,2024-06-21 00:00:00,Salesforce
SFCONT5263,SF1263,landline,neha.banerjee99@salesforce.com,Secondary,CAMP006,2025-03-05 00:00:00,Salesforce
SFCONT5850,SF1850,email,ajay.kumar74@salesforce.com,Primary,CAMP022,2025-01-28 00:00:00,Salesforce
SFCONT5305,SF1305,mobile,9760386897,Decision Maker,CAMP025,2024-05-23 00:00:00,Salesforce
SFCONT5307,SF1307,landline,sanjay.nair68@salesforce.com,Decision Maker,CAMP047,2024-09-29 00:00:00,Salesforce
SFCONT5624,SF1624,phone,9289855467,Influencer,CAMP014,2025-05-23 00:00:00,Salesforce
SFCONT5511,SF1511,work_email,arvind.dubey56@salesforce.com,Influencer,CAMP020,2025-09-03 00:00:00,Salesforce
SFCONT5348,SF1348,email,shreya.rao46@salesforce.com,Primary,CAMP034,2025-07-12 00:00:00,Salesforce
SFCONT5653,SF1653,work_email,pooja.guptha38@salesforce.com,Influencer,CAMP007,2024-12-25 00:00:00,Salesforce
SFCONT5724,SF1724,mobile,9551068017,Influencer,CAMP031,2024-03-02 00:00:00,Salesforce
SFCONT5364,SF1364,phone,9204201309,Primary,CAMP017,2025-01-02 00:00:00,Salesforce
SFCONT5884,SF1884,landline,kavita.kapoor40@salesforce.com,Decision Maker,CAMP046,2024-01-20 00:00:00,Salesforce
SFCONT5843,SF1843,mobile,9030546808,Secondary,CAMP035,2025-08-06 00:00:00,Salesforce
SFCONT5153,SF1153,phone,9947844497,Decision Maker,CAMP007,2024-11-06 00:00:00,Salesforce
SFCONT5488,SF1488,landline,sneha.rao64@salesforce.com,Decision Maker,CAMP033,2025-07-18 00:00:00,Salesforce
SFCONT5296,SF1296,phone,9259107672,Decision Maker,CAMP003,2024-08-29 00:00:00,Salesforce
SFCONT5313,SF1313,work_email,vinay.rao82@salesforce.com,Primary,CAMP038,2024-10-22 00:00:00,Salesforce
SFCONT5248,SF1248,landline,harish.pandey80@salesforce.com,Primary,CAMP013,2025-06-20 00:00:00,Salesforce
SFCONT5141,SF1141,mobile,9116964544,Decision Maker,CAMP023,2025-02-12 00:00:00,Salesforce
SFCONT5184,SF1184,landline,shreya.kumar85@salesforce.com,Primary,CAMP014,2024-10-19 00:00:00,Salesforce
SFCONT5184,SF1184,landline,shreya.kumar85@salesforce.com,Primary,CAMP014,2024-10-19 00:00:00,Salesforce
SFCONT5822,SF1822,email,sachin.gupta35@salesforce.com,Secondary,CAMP015,2025-03-25 00:00:00,Salesforce
SFCONT5288,SF1288,mobile,9105272115,Influencer,CAMP012,2024-04-26 00:00:00,Salesforce
SFCONT5165,SF1165,email,sunita.iyer36@salesforce.com,Primary,CAMP027,2024-02-21 00:00:00,Salesforce
SFCONT5825,SF1825,work_email,sunita.kumar51@salesforce.com,Decision Maker,CAMP013,2024-06-03 00:00:00,Salesforce
SFCONT5816,SF1816,mobile,9571225950,Influencer,CAMP041,2025-07-04 00:00:00,Salesforce
SFCONT5820,SF1820,mobile,9474805986,Primary,CAMP009,2024-09-10 00:00:00,Salesforce
SFCONT5904,SF1904,email,anita.yadav56@salesforce.com,Decision Maker,CAMP047,2025-09-22 00:00:00,Salesforce
SFCONT5425,SF1425,email,neha.kumar24@salesforce.com,Secondary,CAMP029,2025-01-01 00:00:00,Salesforce
SFCONT5718,SF1718,landline,rahul.pandey55@salesforce.com,Influencer,CAMP029,2024-08-19 00:00:00,Salesforce
SFCONT5838,SF1838,phone,9517328184,Decision Maker,CAMP017,2024-11-25 00:00:00,Salesforce
SFCONT5630,SF1630,landline,rekha.desai66@salesforce.com,Influencer,CAMP025,2026-01-21 00:00:00,Salesforce
SFCONT5113,SF1113,work_email,lakshmi.pandey19@salesforce.com,Decision Maker,CAMP034,2025-02-06 00:00:00,Salesforce
SFCONT5604,SF1604,email,sunil.nair16@salesforce.com,Secondary,CAMP050,2025-04-25 00:00:00,Salesforce
SFCONT5685,SF1685,email,suresh.pandey89@salesforce.com,Secondary,CAMP030,2025-11-06 00:00:00,Salesforce
SFCONT5677,SF1677,mobile,9007387022,Influencer,CAMP042,2025-03-07 00:00:00,Salesforce
SFCONT5110,SF1110,email,vinod.dubey85@salesforce.com,Primary,CAMP038,2024-11-15 00:00:00,Salesforce
SFCONT5871,SF1871,work_email,arjun.malhotra85@salesforce.com,Primary,CAMP019,2025-10-30 00:00:00,Salesforce
SFCONT5814,SF1814,landline,seema.verma22@salesforce.com,Secondary,CAMP030,2025-02-28 00:00:00,Salesforce
SFCONT5215,SF1215,mobile,9058637736,Primary,CAMP044,2025-08-03 00:00:00,Salesforce
SFCONT5709,SF1709,phone,9824617186,Decision Maker,CAMP007,2025-05-13 00:00:00,Salesforce
SFCONT5453,SF1453,phone,9928119233,Influencer,CAMP029,2025-01-18 00:00:00,Salesforce
SFCONT5478,SF1478,work_email,arvind.gupta96@salesforce.com,Decision Maker,CAMP044,2024-06-26 00:00:00,Salesforce
SFCONT5590,SF1590,landline,lakshmi.patel40@salesforce.com,Primary,CAMP041,2024-06-29 00:00:00,Salesforce
SFCONT5120,SF1120,mobile,9950199143,Secondary,CAMP043,2024-09-02 00:00:00,Salesforce
SFCONT5173,SF1173,email,deepak.rao55@salesforce.com,Primary,CAMP041,2024-11-04 00:00:00,Salesforce
SFCONT5610,SF1610,work_email,shalini.sharma34@salesforce.com,Primary,CAMP024,2025-01-05 00:00:00,Salesforce
SFCONT5378,SF1378,landline,rekha.sharma2@salesforce.com,Primary,CAMP022,2026-02-28 00:00:00,Salesforce
SFCONT5278,SF1278,phone,9592308439,Secondary,CAMP043,2025-05-23 00:00:00,Salesforce
SFCONT5742,SF1742,mobile,9140050588,Decision Maker,CAMP005,2024-12-01 00:00:00,Salesforce
SFCONT5327,SF1327,email,alok.patel49@salesforce.com,Influencer,CAMP030,2025-01-04 00:00:00,Salesforce
SFCONT5594,SF1594,email,amit.joshi87@salesforce.com,Influencer,CAMP031,2024-06-13 00:00:00,Salesforce
SFCONT5551,SF1551,phone,9251839360,Influencer,CAMP001,2024-06-26 00:00:00,Salesforce
SFCONT5386,SF1386,email,sunita.mehta40@salesforce.com,Secondary,CAMP027,2025-05-21 00:00:00,Salesforce
SFCONT5831,SF1831,landline,arvind.malhotra52@salesforce.com,Influencer,CAMP043,2025-02-03 00:00:00,Salesforce
SFCONT5394,SF1394,email,sanjay.desai53@salesforce.com,Decision Maker,CAMP025,2024-08-17 00:00:00,Salesforce
SFCONT5093,SF1093,phone,9089621362,Influencer,CAMP048,2025-08-19 00:00:00,Salesforce
SFCONT5758,SF1758,landline,rohit.shah24@salesforce.com,Primary,CAMP014,2026-01-29 00:00:00,Salesforce
SFCONT5112,SF1112,mobile,9315999982,Primary,CAMP036,2025-03-11 00:00:00,Salesforce
SFCONT5217,SF1217,work_email,shalini.tiwari89@salesforce.com,Decision Maker,CAMP017,2026-03-21 00:00:00,Salesforce
SFCONT5818,SF1818,mobile,9334178938,Influencer,CAMP012,2025-04-04 00:00:00,Salesforce
SFCONT5701,SF1701,landline,suresh.nair42@salesforce.com,Decision Maker,CAMP019,2025-02-07 00:00:00,Salesforce
SFCONT5808,SF1808,mobile,9096951690,Influencer,CAMP026,2025-06-06 00:00:00,Salesforce
SFCONT5441,SF1441,mobile,9242836679,Primary,CAMP007,2025-07-23 00:00:00,Salesforce
SFCONT5629,SF1629,landline,arvind.chopra53@salesforce.com,Decision Maker,CAMP035,2024-11-29 00:00:00,Salesforce
SFCONT5580,SF1580,mobile,9412960291,Decision Maker,CAMP035,2024-03-21 00:00:00,Salesforce
SFCONT5211,SF1211,email,seema.shah21@salesforce.com,Influencer,CAMP015,2024-04-23 00:00:00,Salesforce
SFCONT5772,SF1772,landline,john.bajaj68@salesforce.com,Influencer,CAMP018,2025-06-10 00:00:00,Salesforce
SFCONT5493,SF1493,mobile,9437274964,Influencer,CAMP006,2024-06-02 00:00:00,Salesforce
SFCONT5715,SF1715,landline,shreya.reddy65@salesforce.com,Primary,CAMP029,2024-05-24 00:00:00,Salesforce
SFCONT5061,SF1061,email,sneha.reddy99@salesforce.com,Primary,CAMP020,2026-02-15 00:00:00,Salesforce
SFCONT5367,SF1367,mobile,9771406648,Primary,CAMP036,2024-05-07 00:00:00,Salesforce
SFCONT5535,SF1535,email,vinay.shah59@salesforce.com,Secondary,CAMP049,2024-09-18 00:00:00,Salesforce
SFCONT5712,SF1712,phone,9023062151,Decision Maker,CAMP044,2026-02-14 00:00:00,Salesforce
SFCONT5160,SF1160,landline,prakash.iyer58@salesforce.com,Influencer,CAMP034,2025-04-19 00:00:00,Salesforce
SFCONT5391,SF1391,phone,9285521281,Secondary,CAMP024,2024-06-02 00:00:00,Salesforce
SFCONT5700,SF1700,landline,shalini.desai73@salesforce.com,Primary,CAMP042,2024-09-28 00:00:00,Salesforce
SFCONT5584,SF1584,landline,seema.kaur29@salesforce.com,Influencer,CAMP002,2025-02-05 00:00:00,Salesforce
SFCONT5283,SF1283,mobile,9937875535,Secondary,CAMP018,2025-05-13 00:00:00,Salesforce
SFCONT5791,SF1791,email,anita.reddy69@salesforce.com,Influencer,CAMP047,2026-02-19 00:00:00,Salesforce
SFCONT5639,SF1639,email,ravi.mishra24@salesforce.com,Decision Maker,CAMP041,2024-01-31 00:00:00,Salesforce
SFCONT5054,SF1054,phone,9208300313,Primary,CAMP035,2025-05-30 00:00:00,Salesforce
SFCONT5134,SF1134,landline,shalini.patel78@salesforce.com,Influencer,CAMP023,2025-03-20 00:00:00,Salesforce
SFCONT5033,SF1033,mobile,9148414280,Decision Maker,CAMP008,2025-09-21 00:00:00,Salesforce
SFCONT5858,SF1858,work_email,seema.rao6@salesforce.com,Influencer,CAMP007,2024-01-01 00:00:00,Salesforce
SFCONT5713,SF1713,landline,divya.menon99@salesforce.com,Decision Maker,CAMP027,2025-08-30 00:00:00,Salesforce
SFCONT5166,SF1166,mobile,9631710392,Primary,CAMP025,2026-03-17 00:00:00,Salesforce
SFCONT5197,SF1197,email,arvind.patil51@salesforce.com,Primary,CAMP049,2025-11-19 00:00:00,Salesforce
SFCONT5043,SF1043,landline,kavita.mishra88@salesforce.com,Primary,CAMP001,2024-10-03 00:00:00,Salesforce
SFCONT5433,SF1433,phone,9978366482,Secondary,CAMP012,2025-11-22 00:00:00,Salesforce
SFCONT5144,SF1144,mobile,9818647423,Primary,CAMP031,2025-07-11 00:00:00,Salesforce
SFCONT5643,SF1643,landline,manish.mishra42@salesforce.com,Primary,CAMP023,2024-05-10 00:00:00,Salesforce
SFCONT5034,SF1034,work_email,sanjay.malhotra69@salesforce.com,Decision Maker,CAMP022,2025-07-09 00:00:00,Salesforce
SFCONT5674,SF1674,mobile,9008130865,Decision Maker,CAMP024,2026-01-13 00:00:00,Salesforce
SFCONT5731,SF1731,landline,harish.guptha87@salesforce.com,Secondary,CAMP001,2024-12-17 00:00:00,Salesforce
SFCONT5611,SF1611,phone,9186565139,Secondary,CAMP049,2025-01-06 00:00:00,Salesforce
SFCONT5374,SF1374,work_email,arvind.malhotra63@salesforce.com,Secondary,CAMP019,2025-09-12 00:00:00,Salesforce
SFCONT5533,SF1533,mobile,9346478137,Primary,CAMP035,2024-08-20 00:00:00,Salesforce
SFCONT5414,SF1414,email,neha.nair62@salesforce.com,Decision Maker,CAMP037,2025-03-19 00:00:00,Salesforce
SFCONT5601,SF1601,landline,priya.desai78@salesforce.com,Decision Maker,CAMP008,2024-06-14 00:00:00,Salesforce
SFCONT5879,SF1879,mobile,9661591416,Secondary,CAMP041,2024-06-29 00:00:00,Salesforce
SFCONT5393,SF1393,mobile,9007176014,Decision Maker,CAMP050,2024-08-24 00:00:00,Salesforce
SFCONT5764,SF1764,phone,9882544831,Primary,CAMP011,2024-01-19 00:00:00,Salesforce
SFCONT5247,SF1247,phone,9568946866,Decision Maker,CAMP010,2025-01-17 00:00:00,Salesforce
SFCONT5834,SF1834,landline,vinod.shah63@salesforce.com,Secondary,CAMP002,2025-05-26 00:00:00,Salesforce
SFCONT5267,SF1267,phone,9309879107,Secondary,CAMP016,2026-02-06 00:00:00,Salesforce
SFCONT5759,SF1759,work_email,jane.guptha95@salesforce.com,Secondary,CAMP005,2024-04-30 00:00:00,Salesforce
SFCONT5913,SF1913,phone,9796096140,Secondary,CAMP001,2024-10-11 00:00:00,Salesforce
SFCONT5365,SF1365,email,ravi.mishra25@salesforce.com,Influencer,CAMP012,2024-08-15 00:00:00,Salesforce
SFCONT5521,SF1521,work_email,vinay.nair31@salesforce.com,Decision Maker,CAMP032,2024-12-31 00:00:00,Salesforce
SFCONT5860,SF1860,work_email,meena.tiwari53@salesforce.com,Decision Maker,CAMP001,2026-02-10 00:00:00,Salesforce
SFCONT5104,SF1104,landline,rahul.nair29@salesforce.com,Influencer,CAMP031,2026-01-15 00:00:00,Salesforce
SFCONT5294,SF1294,phone,9636330004,Decision Maker,CAMP035,2024-02-02 00:00:00,Salesforce
SFCONT5873,SF1873,landline,meena.patel60@salesforce.com,Primary,CAMP032,2025-02-20 00:00:00,Salesforce
SFCONT5334,SF1334,mobile,9722859404,Decision Maker,CAMP030,2025-04-11 00:00:00,Salesforce
SFCONT5050,SF1050,email,anita.dubey99@salesforce.com,Decision Maker,CAMP001,2025-02-09 00:00:00,Salesforce
SFCONT5661,SF1661,email,priya.patel63@salesforce.com,Influencer,CAMP022,2025-08-01 00:00:00,Salesforce
SFCONT5293,SF1293,work_email,sachin.srivastava99@salesforce.com,Influencer,CAMP044,2024-10-04 00:00:00,Salesforce
SFCONT5581,SF1581,email,ramesh.kaur64@salesforce.com,Secondary,CAMP040,2025-08-26 00:00:00,Salesforce
SFCONT5133,SF1133,landline,vinay.desai78@salesforce.com,Secondary,CAMP034,2024-04-05 00:00:00,Salesforce
SFCONT5230,SF1230,work_email,anjali.agarwal62@salesforce.com,Secondary,CAMP039,2024-01-02 00:00:00,Salesforce
SFCONT5286,SF1286,email,vinod.tiwari20@salesforce.com,Decision Maker,CAMP014,2024-06-14 00:00:00,Salesforce
SFCONT5934,SF1934,phone,9199321532,Secondary,CAMP032,2025-09-04 00:00:00,Salesforce
SFCONT5280,SF1280,mobile,9539060597,Decision Maker,CAMP010,2025-04-21 00:00:00,Salesforce
SFCONT5147,SF1147,phone,9642703197,Influencer,CAMP047,2025-12-30 00:00:00,Salesforce
SFCONT5689,SF1689,phone,9144255833,Secondary,CAMP038,2025-04-14 00:00:00,Salesforce
SFCONT5754,SF1754,email,kavita.sharma68@salesforce.com,Influencer,CAMP007,2024-08-28 00:00:00,Salesforce
SFCONT5135,SF1135,mobile,9887578474,Influencer,CAMP036,2024-04-23 00:00:00,Salesforce
SFCONT5886,SF1886,work_email,pooja.kaur40@salesforce.com,Influencer,CAMP003,2025-04-14 00:00:00,Salesforce
SFCONT5096,SF1096,phone,9290084511,Influencer,CAMP028,2024-02-18 00:00:00,Salesforce
SFCONT5921,SF1921,work_email,neha.pandey26@salesforce.com,Decision Maker,CAMP038,2024-02-11 00:00:00,Salesforce
SFCONT5190,SF1190,phone,9866026291,Decision Maker,CAMP039,2025-09-15 00:00:00,Salesforce
SFCONT5088,SF1088,work_email,suresh.patel84@salesforce.com,Primary,CAMP016,2024-08-24 00:00:00,Salesforce
SFCONT5300,SF1300,email,rekha.kaur19@salesforce.com,Primary,CAMP032,2025-10-07 00:00:00,Salesforce
SFCONT5068,SF1068,email,rohit.mishra13@salesforce.com,Decision Maker,CAMP041,2026-03-18 00:00:00,Salesforce
SFCONT5796,SF1796,mobile,9499456373,Influencer,CAMP018,2025-03-09 00:00:00,Salesforce
SFCONT5179,SF1179,email,vinay.verma48@salesforce.com,Influencer,CAMP045,2025-10-31 00:00:00,Salesforce
SFCONT5257,SF1257,mobile,9600344530,Influencer,CAMP044,2024-05-17 00:00:00,Salesforce
SFCONT5730,SF1730,phone,9608928542,Primary,CAMP043,2024-12-07 00:00:00,Salesforce
SFCONT5353,SF1353,landline,shreya.patel46@salesforce.com,Influencer,CAMP036,2024-08-29 00:00:00,Salesforce
SFCONT5908,SF1908,email,anjali.tiwari36@salesforce.com,Decision Maker,CAMP024,2024-10-03 00:00:00,Salesforce
SFCONT5523,SF1523,phone,9494546535,Decision Maker,CAMP027,2024-10-14 00:00:00,Salesforce
SFCONT5264,SF1264,mobile,9865970393,Decision Maker,CAMP044,2025-11-22 00:00:00,Salesforce
SFCONT5711,SF1711,phone,9285358923,Secondary,CAMP008,2024-05-15 00:00:00,Salesforce
SFCONT5515,SF1515,phone,9716659508,Decision Maker,CAMP043,2025-11-15 00:00:00,Salesforce
SFCONT5647,SF1647,mobile,9412362272,Primary,CAMP028,2024-02-24 00:00:00,Salesforce
SFCONT5397,SF1397,mobile,9180921891,Decision Maker,CAMP012,2024-01-23 00:00:00,Salesforce
SFCONT5082,SF1082,work_email,suresh.agarwal80@salesforce.com,Secondary,CAMP018,2026-03-29 00:00:00,Salesforce
SFCONT5455,SF1455,work_email,neha.menon25@salesforce.com,Primary,CAMP013,2026-02-18 00:00:00,Salesforce
SFCONT5258,SF1258,phone,9927859194,Influencer,CAMP032,2024-12-04 00:00:00,Salesforce
SFCONT5237,SF1237,work_email,ramesh.pandey3@salesforce.com,Primary,CAMP020,2025-12-27 00:00:00,Salesforce
SFCONT5919,SF1919,mobile,9466074877,Influencer,CAMP024,2025-01-12 00:00:00,Salesforce
SFCONT5223,SF1223,phone,9183031056,Decision Maker,CAMP023,2025-01-21 00:00:00,Salesforce
SFCONT5376,SF1376,email,vinod.kaur49@salesforce.com,Decision Maker,CAMP031,2025-11-03 00:00:00,Salesforce
SFCONT5009,SF1009,landline,shalini.desai58@salesforce.com,Primary,CAMP015,2025-08-05 00:00:00,Salesforce
SFCONT5527,SF1527,work_email,suresh.joshi21@salesforce.com,Primary,CAMP028,2025-12-19 00:00:00,Salesforce
SFCONT5222,SF1222,email,seema.rao29@salesforce.com,Secondary,CAMP005,2026-03-25 00:00:00,Salesforce
SFCONT5805,SF1805,mobile,9049375910,Influencer,CAMP045,2026-03-20 00:00:00,Salesforce
SFCONT5888,SF1888,phone,9888477615,Primary,CAMP037,2024-07-06 00:00:00,Salesforce
SFCONT5641,SF1641,mobile,9122966581,Secondary,CAMP002,2025-06-10 00:00:00,Salesforce
SFCONT5344,SF1344,email,anita.reddy72@salesforce.com,Influencer,CAMP047,2024-02-03 00:00:00,Salesforce
SFCONT5815,SF1815,work_email,sunil.verma77@salesforce.com,Decision Maker,CAMP028,2024-08-26 00:00:00,Salesforce
SFCONT5777,SF1777,mobile,9360635016,Influencer,CAMP023,2026-02-21 00:00:00,Salesforce
SFCONT5912,SF1912,landline,vikas.gupta59@salesforce.com,Decision Maker,CAMP010,2025-03-24 00:00:00,Salesforce
SFCONT5663,SF1663,landline,vinod.verma28@salesforce.com,Primary,CAMP030,2025-10-29 00:00:00,Salesforce
SFCONT5575,SF1575,email,neha.iyer78@salesforce.com,Secondary,CAMP040,2024-08-20 00:00:00,Salesforce
SFCONT5186,SF1186,email,prakash.menon93@salesforce.com,Influencer,CAMP027,2025-06-21 00:00:00,Salesforce
SFCONT5733,SF1733,email,suresh.bajaj1@salesforce.com,Decision Maker,CAMP028,2025-01-22 00:00:00,Salesforce
SFCONT5911,SF1911,landline,rekha.pandey31@salesforce.com,Secondary,CAMP040,2025-10-12 00:00:00,Salesforce
SFCONT5644,SF1644,work_email,kavita.srivastava34@salesforce.com,Decision Maker,CAMP050,2024-02-26 00:00:00,Salesforce
SFCONT5434,SF1434,email,ajay.patel43@salesforce.com,Secondary,CAMP007,2025-07-31 00:00:00,Salesforce
SFCONT5621,SF1621,landline,sanjay.kumar95@salesforce.com,Decision Maker,CAMP023,2025-05-03 00:00:00,Salesforce
SFCONT5385,SF1385,mobile,9323053088,Secondary,CAMP025,2026-03-21 00:00:00,Salesforce
SFCONT5370,SF1370,landline,karan.rao89@salesforce.com,Influencer,CAMP036,2026-03-04 00:00:00,Salesforce
SFCONT5664,SF1664,email,sneha.joshi59@salesforce.com,Decision Maker,CAMP017,2025-09-02 00:00:00,Salesforce
SFCONT5226,SF1226,mobile,9214453646,Decision Maker,CAMP015,2025-06-14 00:00:00,Salesforce
SFCONT5578,SF1578,landline,sunita.sharma98@salesforce.com,Influencer,CAMP001,2024-10-27 00:00:00,Salesforce
SFCONT5480,SF1480,work_email,vikas.iyer13@salesforce.com,Primary,CAMP014,2025-02-17 00:00:00,Salesforce
SFCONT5721,SF1721,mobile,9764401317,Decision Maker,CAMP045,2025-02-02 00:00:00,Salesforce
SFCONT5712,SF1712,phone,9023062151,Decision Maker,CAMP044,2026-02-14 00:00:00,Salesforce
SFCONT5051,SF1051,phone,9622538636,Primary,CAMP037,2025-10-12 00:00:00,Salesforce
SFCONT5688,SF1688,mobile,9713302687,Primary,CAMP032,2024-09-28 00:00:00,Salesforce
SFCONT5534,SF1534,email,lakshmi.banerjee27@salesforce.com,Influencer,CAMP037,2026-02-08 00:00:00,Salesforce
SFCONT5895,SF1895,email,sneha.kumar61@salesforce.com,Primary,CAMP022,2025-11-10 00:00:00,Salesforce
SFCONT5910,SF1910,landline,sanjay.srivastava37@salesforce.com,Decision Maker,CAMP018,2024-05-14 00:00:00,Salesforce
SFCONT5596,SF1596,email,meena.yadav58@salesforce.com,Primary,CAMP036,2024-06-30 00:00:00,Salesforce
SFCONT5562,SF1562,mobile,9989370179,Secondary,CAMP044,2024-07-12 00:00:00,Salesforce
SFCONT5737,SF1737,email,anita.banerjee25@salesforce.com,Influencer,CAMP025,2026-03-03 00:00:00,Salesforce
SFCONT5618,SF1618,landline,divya.malhotra52@salesforce.com,Influencer,CAMP016,2024-09-11 00:00:00,Salesforce
SFCONT5467,SF1467,phone,9861068996,Secondary,CAMP003,2025-03-18 00:00:00,Salesforce
SFCONT5868,SF1868,landline,alok.yadav11@salesforce.com,Influencer,CAMP006,2024-02-23 00:00:00,Salesforce
SFCONT5916,SF1916,phone,9211781200,Secondary,CAMP033,2025-11-17 00:00:00,Salesforce
SFCONT5046,SF1046,mobile,9865486963,Decision Maker,CAMP021,2024-09-24 00:00:00,Salesforce
SFCONT5012,SF1012,landline,sunita.guptha40@salesforce.com,Decision Maker,CAMP008,2026-03-14 00:00:00,Salesforce
SFCONT5760,SF1760,landline,arvind.rao75@salesforce.com,Primary,CAMP037,2025-07-16 00:00:00,Salesforce
SFCONT5795,SF1795,phone,9251293154,Primary,CAMP015,2025-03-10 00:00:00,Salesforce
SFCONT5821,SF1821,phone,9550577216,Primary,CAMP044,2024-05-28 00:00:00,Salesforce
SFCONT5100,SF1100,work_email,amit.joshi4@salesforce.com,Primary,CAMP029,2024-06-13 00:00:00,Salesforce
SFCONT5177,SF1177,mobile,9001241662,Influencer,CAMP041,2025-12-12 00:00:00,Salesforce
SFCONT5261,SF1261,mobile,9012409655,Primary,CAMP028,2024-06-03 00:00:00,Salesforce
SFCONT5491,SF1491,phone,9299208740,Influencer,CAMP006,2025-12-14 00:00:00,Salesforce
SFCONT5553,SF1553,email,ramesh.sharma81@salesforce.com,Influencer,CAMP030,2024-08-17 00:00:00,Salesforce
SFCONT5525,SF1525,mobile,9235944817,Decision Maker,CAMP045,2025-06-06 00:00:00,Salesforce
SFCONT5922,SF1922,phone,9882606359,Decision Maker,CAMP001,2025-04-14 00:00:00,Salesforce
SFCONT5869,SF1869,landline,priya.patel44@salesforce.com,Secondary,CAMP044,2024-05-25 00:00:00,Salesforce
SFCONT5634,SF1634,phone,9092786227,Decision Maker,CAMP043,2026-02-06 00:00:00,Salesforce
SFCONT5678,SF1678,mobile,9331035649,Secondary,CAMP030,2025-03-31 00:00:00,Salesforce
SFCONT5894,SF1894,landline,neha.gupta70@salesforce.com,Secondary,CAMP046,2025-03-25 00:00:00,Salesforce
SFCONT5357,SF1357,work_email,ravi.menon81@salesforce.com,Secondary,CAMP028,2025-08-12 00:00:00,Salesforce
SFCONT5346,SF1346,mobile,9609646356,Influencer,CAMP038,2024-07-15 00:00:00,Salesforce
SFCONT5273,SF1273,landline,anita.mishra72@salesforce.com,Secondary,CAMP011,2026-01-13 00:00:00,Salesforce
SFCONT5794,SF1794,phone,9642534501,Primary,CAMP041,2024-02-07 00:00:00,Salesforce
SFCONT5032,SF1032,phone,9149805968,Influencer,CAMP013,2026-03-01 00:00:00,Salesforce
SFCONT5741,SF1741,work_email,arvind.joshi98@salesforce.com,Influencer,CAMP007,2025-06-22 00:00:00,Salesforce
SFCONT5381,SF1381,mobile,9119884896,Secondary,CAMP025,2025-11-03 00:00:00,Salesforce
SFCONT5172,SF1172,landline,manish.agarwal89@salesforce.com,Influencer,CAMP011,2025-03-08 00:00:00,Salesforce
SFCONT5870,SF1870,email,priya.menon79@salesforce.com,Influencer,CAMP033,2025-10-18 00:00:00,Salesforce
SFCONT5538,SF1538,work_email,jane.rao56@salesforce.com,Decision Maker,CAMP003,2024-05-08 00:00:00,Salesforce
SFCONT5681,SF1681,landline,john.joshi72@salesforce.com,Primary,CAMP047,2024-02-15 00:00:00,Salesforce
SFCONT5350,SF1350,email,ravi.verma1@salesforce.com,Decision Maker,CAMP046,2025-11-07 00:00:00,Salesforce
SFCONT5787,SF1787,work_email,rajiv.desai85@salesforce.com,Secondary,CAMP041,2024-12-13 00:00:00,Salesforce
SFCONT5238,SF1238,mobile,9898970538,Secondary,CAMP035,2024-09-18 00:00:00,Salesforce
SFCONT5254,SF1254,landline,karan.reddy20@salesforce.com,Primary,CAMP029,2024-04-08 00:00:00,Salesforce
SFCONT5443,SF1443,landline,shalini.patil88@salesforce.com,Primary,CAMP028,2025-05-12 00:00:00,Salesforce
SFCONT5917,SF1917,email,arvind.menon93@salesforce.com,Secondary,CAMP023,2024-04-14 00:00:00,Salesforce
SFCONT5506,SF1506,email,shreya.joshi50@salesforce.com,Secondary,CAMP002,2024-08-03 00:00:00,Salesforce
SFCONT5464,SF1464,landline,kavita.srivastava21@salesforce.com,Secondary,CAMP023,2026-03-10 00:00:00,Salesforce
SFCONT5518,SF1518,work_email,vikas.sharma34@salesforce.com,Primary,CAMP018,2024-08-15 00:00:00,Salesforce
SFCONT5763,SF1763,landline,arvind.iyer84@salesforce.com,Primary,CAMP041,2025-10-22 00:00:00,Salesforce
SFCONT5015,SF1015,work_email,rekha.patil29@salesforce.com,Decision Maker,CAMP036,2025-05-12 00:00:00,Salesforce
SFCONT5484,SF1484,email,harish.singh25@salesforce.com,Primary,CAMP030,2024-04-17 00:00:00,Salesforce
SFCONT5214,SF1214,email,divya.nair94@salesforce.com,Primary,CAMP045,2024-09-11 00:00:00,Salesforce
SFCONT5756,SF1756,work_email,manish.rao14@salesforce.com,Primary,CAMP008,2025-11-18 00:00:00,Salesforce
SFCONT5027,SF1027,mobile,9863248579,Decision Maker,CAMP004,2025-07-18 00:00:00,Salesforce
SFCONT5056,SF1056,phone,9856338914,Influencer,CAMP029,2024-03-03 00:00:00,Salesforce
SFCONT5654,SF1654,work_email,john.desai38@salesforce.com,Primary,CAMP005,2024-09-11 00:00:00,Salesforce
SFCONT5940,SF1940,email,jane.bajaj79@salesforce.com,Primary,CAMP041,2025-11-25 00:00:00,Salesforce
SFCONT5743,SF1743,work_email,suresh.kumar11@salesforce.com,Secondary,CAMP014,2025-07-13 00:00:00,Salesforce
SFCONT5903,SF1903,work_email,karan.menon34@salesforce.com,Decision Maker,CAMP004,2024-12-14 00:00:00,Salesforce
SFCONT5776,SF1776,landline,deepak.nair74@salesforce.com,Secondary,CAMP026,2024-07-13 00:00:00,Salesforce
SFCONT5495,SF1495,mobile,9168544279,Decision Maker,CAMP046,2024-04-27 00:00:00,Salesforce
SFCONT5388,SF1388,mobile,9538237084,Primary,CAMP004,2025-10-08 00:00:00,Salesforce
SFCONT5396,SF1396,mobile,9663194525,Primary,CAMP002,2026-02-17 00:00:00,Salesforce
SFCONT5899,SF1899,landline,ramesh.menon82@salesforce.com,Secondary,CAMP027,2025-09-07 00:00:00,Salesforce
SFCONT5927,SF1927,phone,9988203112,Decision Maker,CAMP027,2025-12-04 00:00:00,Salesforce
SFCONT5240,SF1240,work_email,karan.patel30@salesforce.com,Primary,CAMP031,2024-08-24 00:00:00,Salesforce
SFCONT5463,SF1463,landline,alok.menon51@salesforce.com,Secondary,CAMP048,2025-03-08 00:00:00,Salesforce
SFCONT5376,SF1376,email,vinod.kaur49@salesforce.com,Decision Maker,CAMP031,2025-11-03 00:00:00,Salesforce
SFCONT5355,SF1355,phone,9389120873,Decision Maker,CAMP017,2025-10-11 00:00:00,Salesforce
SFCONT5564,SF1564,phone,9375963135,Primary,CAMP033,2024-01-31 00:00:00,Salesforce
SFCONT5508,SF1508,mobile,9716179169,Influencer,CAMP044,2025-05-03 00:00:00,Salesforce
SFCONT5387,SF1387,mobile,9888237240,Decision Maker,CAMP041,2026-02-24 00:00:00,Salesforce
SFCONT5253,SF1253,landline,sneha.mishra47@salesforce.com,Decision Maker,CAMP005,2024-01-10 00:00:00,Salesforce
SFCONT5320,SF1320,work_email,shalini.banerjee17@salesforce.com,Secondary,CAMP044,2025-07-02 00:00:00,Salesforce
SFCONT5067,SF1067,phone,9520338829,Influencer,CAMP015,2024-01-16 00:00:00,Salesforce
SFCONT5075,SF1075,mobile,9979495479,Secondary,CAMP034,2025-03-21 00:00:00,Salesforce
SFCONT5907,SF1907,landline,arjun.dubey94@salesforce.com,Secondary,CAMP049,2025-12-03 00:00:00,Salesforce
SFCONT5720,SF1720,mobile,9048111571,Decision Maker,CAMP036,2024-11-26 00:00:00,Salesforce
SFCONT5229,SF1229,email,vikas.singh75@salesforce.com,Secondary,CAMP021,2025-05-04 00:00:00,Salesforce
SFCONT5572,SF1572,phone,9803821185,Secondary,CAMP045,2025-06-15 00:00:00,Salesforce
SFCONT5929,SF1929,work_email,amit.iyer50@salesforce.com,Decision Maker,CAMP022,2025-06-04 00:00:00,Salesforce
SFCONT5442,SF1442,landline,prakash.menon59@salesforce.com,Primary,CAMP022,2025-04-03 00:00:00,Salesforce
SFCONT5079,SF1079,landline,sachin.banerjee46@salesforce.com,Secondary,CAMP006,2025-08-19 00:00:00,Salesforce
SFCONT5103,SF1103,landline,lakshmi.singh27@salesforce.com,Influencer,CAMP019,2025-05-04 00:00:00,Salesforce
SFCONT5339,SF1339,landline,vikas.agarwal76@salesforce.com,Decision Maker,CAMP014,2026-01-31 00:00:00,Salesforce
SFCONT5568,SF1568,landline,ravi.singh63@salesforce.com,Primary,CAMP022,2024-01-05 00:00:00,Salesforce
SFCONT5299,SF1299,work_email,sunil.pandey55@salesforce.com,Influencer,CAMP043,2024-01-06 00:00:00,Salesforce
SFCONT5140,SF1140,landline,manish.kapoor96@salesforce.com,Decision Maker,CAMP022,2026-03-31 00:00:00,Salesforce
SFCONT5282,SF1282,email,neha.bajaj47@salesforce.com,Secondary,CAMP039,2024-06-15 00:00:00,Salesforce
SFCONT5010,SF1010,phone,9218038762,Secondary,CAMP033,2024-01-04 00:00:00,Salesforce
SFCONT5540,SF1540,landline,sneha.gupta42@salesforce.com,Primary,CAMP013,2026-03-21 00:00:00,Salesforce
SFCONT5352,SF1352,email,vinay.dubey61@salesforce.com,Influencer,CAMP047,2025-05-29 00:00:00,Salesforce
SFCONT5774,SF1774,phone,9974129738,Decision Maker,CAMP017,2024-05-28 00:00:00,Salesforce
SFCONT5520,SF1520,phone,9085360829,Primary,CAMP006,2024-05-22 00:00:00,Salesforce
SFCONT5150,SF1150,phone,9313699290,Decision Maker,CAMP042,2025-02-04 00:00:00,Salesforce
SFCONT5410,SF1410,work_email,lakshmi.shah66@salesforce.com,Secondary,CAMP046,2024-10-07 00:00:00,Salesforce
SFCONT5045,SF1045,landline,shalini.kapoor52@salesforce.com,Decision Maker,CAMP045,2025-01-01 00:00:00,Salesforce
SFCONT5854,SF1854,landline,arjun.menon88@salesforce.com,Influencer,CAMP018,2024-05-31 00:00:00,Salesforce
SFCONT5279,SF1279,work_email,lakshmi.agarwal98@salesforce.com,Primary,CAMP020,2024-08-23 00:00:00,Salesforce
SFCONT5213,SF1213,work_email,prakash.bajaj24@salesforce.com,Decision Maker,CAMP007,2024-06-09 00:00:00,Salesforce
SFCONT5030,SF1030,email,anjali.verma90@salesforce.com,Primary,CAMP014,2025-10-25 00:00:00,Salesforce
SFCONT5855,SF1855,work_email,vikas.pandey72@salesforce.com,Decision Maker,CAMP021,2025-01-10 00:00:00,Salesforce
SFCONT5203,SF1203,phone,9088163544,Primary,CAMP049,2024-07-17 00:00:00,Salesforce
SFCONT5250,SF1250,email,deepak.mishra33@salesforce.com,Decision Maker,CAMP045,2024-05-04 00:00:00,Salesforce
SFCONT5609,SF1609,email,sanjay.patel11@salesforce.com,Influencer,CAMP041,2024-07-05 00:00:00,Salesforce
SFCONT5421,SF1421,email,rekha.gupta74@salesforce.com,Decision Maker,CAMP024,2025-04-05 00:00:00,Salesforce
SFCONT5433,SF1433,phone,9978366482,Secondary,CAMP012,2025-11-22 00:00:00,Salesforce
SFCONT5671,SF1671,mobile,9546152175,Decision Maker,CAMP018,2025-12-15 00:00:00,Salesforce
SFCONT5790,SF1790,work_email,arjun.joshi56@salesforce.com,Primary,CAMP048,2024-10-04 00:00:00,Salesforce
SFCONT5809,SF1809,work_email,rekha.agarwal52@salesforce.com,Secondary,CAMP048,2024-11-06 00:00:00,Salesforce
SFCONT5918,SF1918,mobile,9935274011,Decision Maker,CAMP025,2024-06-12 00:00:00,Salesforce
SFCONT5290,SF1290,mobile,9870054777,Decision Maker,CAMP028,2025-10-04 00:00:00,Salesforce
SFCONT5516,SF1516,work_email,vikas.mehta17@salesforce.com,Decision Maker,CAMP045,2025-03-31 00:00:00,Salesforce
SFCONT5438,SF1438,landline,rajiv.malhotra35@salesforce.com,Secondary,CAMP002,2026-03-10 00:00:00,Salesforce
SFCONT5164,SF1164,email,rohit.kapoor15@salesforce.com,Primary,CAMP032,2024-11-19 00:00:00,Salesforce
SFCONT5509,SF1509,work_email,pooja.joshi81@salesforce.com,Primary,CAMP017,2024-05-28 00:00:00,Salesforce
SFCONT5409,SF1409,work_email,deepak.kaur26@salesforce.com,Primary,CAMP039,2025-06-17 00:00:00,Salesforce
SFCONT5704,SF1704,mobile,9989087862,Decision Maker,CAMP020,2024-05-09 00:00:00,Salesforce
SFCONT5023,SF1023,mobile,9041971063,Decision Maker,CAMP025,2025-06-17 00:00:00,Salesforce
SFCONT5195,SF1195,landline,jane.menon49@salesforce.com,Secondary,CAMP039,2025-08-10 00:00:00,Salesforce
SFCONT5185,SF1185,phone,9787583524,Influencer,CAMP012,2024-03-10 00:00:00,Salesforce
SFCONT5072,SF1072,landline,arvind.kapoor44@salesforce.com,Influencer,CAMP046,2025-10-17 00:00:00,Salesforce
SFCONT5027,SF1027,mobile,9863248579,Decision Maker,CAMP004,2025-07-18 00:00:00,Salesforce
SFCONT5168,SF1168,landline,deepak.yadav90@salesforce.com,Secondary,CAMP014,2024-06-28 00:00:00,Salesforce
SFCONT5780,SF1780,phone,9488205607,Secondary,CAMP042,2026-02-12 00:00:00,Salesforce
SFCONT5081,SF1081,mobile,9996474612,Influencer,CAMP004,2026-03-13 00:00:00,Salesforce
SFCONT5018,SF1018,phone,9235639868,Secondary,CAMP045,2024-11-20 00:00:00,Salesforce
SFCONT5084,SF1084,work_email,rahul.verma43@salesforce.com,Primary,CAMP033,2025-06-13 00:00:00,Salesforce
SFCONT5418,SF1418,work_email,arvind.desai55@salesforce.com,Influencer,CAMP025,2024-02-03 00:00:00,Salesforce
SFCONT5020,SF1020,work_email,deepak.bajaj12@salesforce.com,Secondary,CAMP018,2024-08-19 00:00:00,Salesforce
SFCONT5944,SF1944,email,suresh.srivastava17@salesforce.com,Influencer,CAMP026,2024-07-01 00:00:00,Salesforce
SFCONT5252,SF1252,email,ramesh.verma6@salesforce.com,Secondary,CAMP024,2026-01-04 00:00:00,Salesforce
SFCONT5212,SF1212,landline,priya.singh57@salesforce.com,Influencer,CAMP023,2025-02-24 00:00:00,Salesforce
SFCONT5748,SF1748,work_email,vinay.agarwal99@salesforce.com,Decision Maker,CAMP039,2024-10-06 00:00:00,Salesforce
SFCONT5659,SF1659,landline,sunita.bajaj35@salesforce.com,Decision Maker,CAMP049,2025-02-19 00:00:00,Salesforce
SFCONT5666,SF1666,email,lakshmi.rao84@salesforce.com,Influencer,CAMP022,2025-12-04 00:00:00,Salesforce
SFCONT5372,SF1372,landline,divya.malhotra39@salesforce.com,Secondary,CAMP013,2024-03-31 00:00:00,Salesforce
SFCONT5116,SF1116,landline,pooja.mishra95@salesforce.com,Influencer,CAMP021,2024-03-12 00:00:00,Salesforce
SFCONT5714,SF1714,work_email,rajiv.singh93@salesforce.com,Primary,CAMP041,2025-05-24 00:00:00,Salesforce
SFCONT5417,SF1417,email,karan.kumar97@salesforce.com,Decision Maker,CAMP035,2025-06-29 00:00:00,Salesforce
SFCONT5073,SF1073,email,ramesh.srivastava26@salesforce.com,Influencer,CAMP005,2024-10-07 00:00:00,Salesforce
SFCONT5505,SF1505,landline,ramesh.kumar72@salesforce.com,Influencer,CAMP003,2025-03-20 00:00:00,Salesforce
SFCONT5671,SF1671,mobile,9546152175,Decision Maker,CAMP018,2025-12-15 00:00:00,Salesforce
SFCONT5092,SF1092,email,anjali.bajaj93@salesforce.com,Influencer,CAMP040,2025-01-02 00:00:00,Salesforce
SFCONT5285,SF1285,email,alok.bajaj1@salesforce.com,Influencer,CAMP026,2025-06-14 00:00:00,Salesforce
SFCONT5232,SF1232,mobile,9697317252,Secondary,CAMP031,2024-02-22 00:00:00,Salesforce
SFCONT5601,SF1601,landline,priya.desai78@salesforce.com,Decision Maker,CAMP008,2024-06-14 00:00:00,Salesforce
SFCONT5757,SF1757,work_email,harish.agarwal27@salesforce.com,Influencer,CAMP031,2026-01-04 00:00:00,Salesforce
SFCONT5660,SF1660,email,divya.mishra57@salesforce.com,Primary,CAMP039,2024-08-08 00:00:00,Salesforce
SFCONT5824,SF1824,mobile,9268956411,Decision Maker,CAMP035,2025-06-30 00:00:00,Salesforce
SFCONT5271,SF1271,phone,9767500317,Decision Maker,CAMP032,2024-07-22 00:00:00,Salesforce
SFCONT5314,SF1314,mobile,9116620140,Primary,CAMP009,2025-08-24 00:00:00,Salesforce
SFCONT5477,SF1477,phone,9002904265,Influencer,CAMP031,2024-02-09 00:00:00,Salesforce
SFCONT5447,SF1447,email,sneha.bajaj19@salesforce.com,Decision Maker,CAMP030,2025-09-18 00:00:00,Salesforce
SFCONT5926,SF1926,phone,9281373419,Primary,CAMP043,2025-02-06 00:00:00,Salesforce
SFCONT5563,SF1563,work_email,jane.kaur89@salesforce.com,Secondary,CAMP028,2025-09-28 00:00:00,Salesforce
SFCONT5237,SF1237,work_email,ramesh.pandey3@salesforce.com,Primary,CAMP020,2025-12-27 00:00:00,Salesforce
SFCONT5149,SF1149,landline,rohit.banerjee75@salesforce.com,Decision Maker,CAMP026,2025-01-16 00:00:00,Salesforce
SFCONT5592,SF1592,phone,9134148426,Decision Maker,CAMP039,2024-03-23 00:00:00,Salesforce
SFCONT5690,SF1690,landline,rohit.pandey69@salesforce.com,Primary,CAMP007,2025-06-21 00:00:00,Salesforce
SFCONT5016,SF1016,landline,karan.kumar30@salesforce.com,Decision Maker,CAMP011,2024-04-05 00:00:00,Salesforce
SFCONT5031,SF1031,mobile,9532826606,Secondary,CAMP040,2024-11-01 00:00:00,Salesforce
SFCONT5906,SF1906,email,vinod.singh5@salesforce.com,Decision Maker,CAMP019,2026-02-09 00:00:00,Salesforce
SFCONT5950,SF1950,mobile,9277931087,Influencer,CAMP045,2025-03-18 00:00:00,Salesforce
SFCONT5719,SF1719,email,alok.patel67@salesforce.com,Influencer,CAMP004,2024-04-01 00:00:00,Salesforce
SFCONT5599,SF1599,email,karan.verma94@salesforce.com,Secondary,CAMP029,2024-04-30 00:00:00,Salesforce
SFCONT5655,SF1655,email,shalini.kumar71@salesforce.com,Primary,CAMP009,2025-02-28 00:00:00,Salesforce
SFCONT5408,SF1408,email,arjun.kumar45@salesforce.com,Decision Maker,CAMP001,2025-08-27 00:00:00,Salesforce
SFCONT5482,SF1482,email,ravi.pandey19@salesforce.com,Influencer,CAMP002,2026-03-23 00:00:00,Salesforce
SFCONT5052,SF1052,email,jane.patel7@salesforce.com,Decision Maker,CAMP044,2025-10-21 00:00:00,Salesforce
SFCONT5938,SF1938,work_email,vinay.sharma37@salesforce.com,Decision Maker,CAMP003,2024-07-28 00:00:00,Salesforce
SFCONT5876,SF1876,mobile,9716910047,Decision Maker,CAMP008,2024-01-02 00:00:00,Salesforce
SFCONT5239,SF1239,email,arvind.yadav32@salesforce.com,Primary,CAMP044,2024-03-11 00:00:00,Salesforce
SFCONT5931,SF1931,phone,9493472188,Influencer,CAMP039,2024-08-18 00:00:00,Salesforce
SFCONT5872,SF1872,email,harish.mishra16@salesforce.com,Decision Maker,CAMP045,2025-12-24 00:00:00,Salesforce
SFCONT5755,SF1755,work_email,ramesh.guptha84@salesforce.com,Secondary,CAMP001,2024-12-22 00:00:00,Salesforce
SFCONT5826,SF1826,landline,harish.sharma97@salesforce.com,Primary,CAMP026,2024-09-05 00:00:00,Salesforce
SFCONT5762,SF1762,work_email,ramesh.srivastava27@salesforce.com,Primary,CAMP039,2025-10-30 00:00:00,Salesforce
SFCONT5259,SF1259,landline,harish.reddy16@salesforce.com,Influencer,CAMP028,2025-07-03 00:00:00,Salesforce
SFCONT5875,SF1875,work_email,alok.yadav94@salesforce.com,Primary,CAMP028,2025-12-08 00:00:00,Salesforce
SFCONT5887,SF1887,phone,9597158550,Influencer,CAMP036,2025-06-05 00:00:00,Salesforce
SFCONT5460,SF1460,email,suresh.guptha81@salesforce.com,Primary,CAMP012,2024-08-14 00:00:00,Salesforce
SFCONT5524,SF1524,phone,9532612496,Influencer,CAMP026,2025-03-27 00:00:00,Salesforce
SFCONT5680,SF1680,work_email,seema.guptha11@salesforce.com,Decision Maker,CAMP037,2024-08-25 00:00:00,Salesforce
SFCONT5683,SF1683,landline,seema.malhotra93@salesforce.com,Primary,CAMP016,2025-04-03 00:00:00,Salesforce
SFCONT5137,SF1137,work_email,arvind.gupta72@salesforce.com,Secondary,CAMP015,2025-01-21 00:00:00,Salesforce
SFCONT5462,SF1462,email,anita.rao94@salesforce.com,Influencer,CAMP026,2024-02-22 00:00:00,Salesforce
SFCONT5627,SF1627,phone,9672655490,Influencer,CAMP008,2025-11-28 00:00:00,Salesforce
SFCONT5544,SF1544,work_email,meera.bajaj49@salesforce.com,Primary,CAMP008,2025-07-12 00:00:00,Salesforce
SFCONT5192,SF1192,work_email,sachin.pandey55@salesforce.com,Influencer,CAMP045,2024-06-16 00:00:00,Salesforce
SFCONT5517,SF1517,email,sachin.banerjee7@salesforce.com,Primary,CAMP018,2025-05-28 00:00:00,Salesforce
SFCONT5390,SF1390,email,pooja.bajaj85@salesforce.com,Influencer,CAMP017,2025-06-22 00:00:00,Salesforce
SFCONT5003,SF1003,phone,9272628925,Influencer,CAMP035,2025-09-21 00:00:00,Salesforce
SFCONT5436,SF1436,mobile,9587591282,Primary,CAMP022,2024-10-01 00:00:00,Salesforce
SFCONT5548,SF1548,phone,9622281321,Secondary,CAMP005,2025-11-01 00:00:00,Salesforce
SFCONT5949,SF1949,work_email,prakash.singh86@salesforce.com,Secondary,CAMP027,2025-01-17 00:00:00,Salesforce
SFCONT5225,SF1225,phone,9122261519,Influencer,CAMP033,2024-01-03 00:00:00,Salesforce
SFCONT5071,SF1071,email,arjun.menon39@salesforce.com,Primary,CAMP007,2024-06-11 00:00:00,Salesforce
SFCONT5132,SF1132,mobile,9442067791,Influencer,CAMP026,2025-11-11 00:00:00,Salesforce
SFCONT5632,SF1632,email,rajiv.kaur12@salesforce.com,Primary,CAMP049,2025-01-17 00:00:00,Salesforce
SFCONT5318,SF1318,phone,9209525490,Influencer,CAMP046,2025-01-11 00:00:00,Salesforce
SFCONT5500,SF1500,email,arvind.yadav9@salesforce.com,Primary,CAMP038,2024-05-13 00:00:00,Salesforce
SFCONT5844,SF1844,email,kavita.kaur29@salesforce.com,Influencer,CAMP007,2024-10-30 00:00:00,Salesforce
SFCONT5017,SF1017,email,arvind.srivastava57@salesforce.com,Decision Maker,CAMP026,2025-04-24 00:00:00,Salesforce
SFCONT5178,SF1178,work_email,amit.sharma71@salesforce.com,Decision Maker,CAMP013,2024-02-21 00:00:00,Salesforce
SFCONT5924,SF1924,phone,9781570572,Influencer,CAMP014,2024-12-14 00:00:00,Salesforce
SFCONT5458,SF1458,email,rohit.pandey60@salesforce.com,Primary,CAMP003,2024-04-18 00:00:00,Salesforce
SFCONT5379,SF1379,email,sunil.malhotra67@salesforce.com,Decision Maker,CAMP037,2025-02-27 00:00:00,Salesforce
SFCONT5246,SF1246,phone,9940833927,Influencer,CAMP048,2024-02-05 00:00:00,Salesforce
SFCONT5200,SF1200,phone,9883365814,Decision Maker,CAMP025,2025-03-15 00:00:00,Salesforce
SFCONT5905,SF1905,landline,jane.kumar61@salesforce.com,Decision Maker,CAMP045,2024-09-06 00:00:00,Salesforce
SFCONT5245,SF1245,phone,9873373936,Influencer,CAMP040,2025-03-13 00:00:00,Salesforce
SFCONT5127,SF1127,mobile,9061388454,Decision Maker,CAMP021,2026-03-18 00:00:00,Salesforce
SFCONT5189,SF1189,mobile,9284786617,Influencer,CAMP045,2024-12-17 00:00:00,Salesforce
SFCONT5415,SF1415,mobile,9267794160,Primary,CAMP006,2024-01-15 00:00:00,Salesforce
SFCONT5330,SF1330,mobile,9383663876,Primary,CAMP031,2025-03-16 00:00:00,Salesforce
SFCONT5745,SF1745,work_email,harish.mishra65@salesforce.com,Influencer,CAMP039,2026-03-12 00:00:00,Salesforce
SFCONT5932,SF1932,work_email,rohit.srivastava36@salesforce.com,Influencer,CAMP010,2024-08-20 00:00:00,Salesforce
SFCONT5182,SF1182,email,rahul.bajaj93@salesforce.com,Influencer,CAMP042,2025-04-07 00:00:00,Salesforce
SFCONT5625,SF1625,phone,9054660013,Secondary,CAMP042,2024-01-17 00:00:00,Salesforce
SFCONT5158,SF1158,work_email,ajay.yadav21@salesforce.com,Influencer,CAMP026,2024-08-08 00:00:00,Salesforce
SFCONT5439,SF1439,landline,deepak.singh51@salesforce.com,Primary,CAMP045,2025-09-20 00:00:00,Salesforce
SFCONT5123,SF1123,phone,9740400737,Secondary,CAMP013,2024-12-01 00:00:00,Salesforce
SFCONT5210,SF1210,work_email,rajiv.verma5@salesforce.com,Primary,CAMP036,2025-01-09 00:00:00,Salesforce
SFCONT5277,SF1277,landline,alok.banerjee29@salesforce.com,Decision Maker,CAMP023,2024-05-06 00:00:00,Salesforce
SFCONT5914,SF1914,email,rohit.dubey83@salesforce.com,Decision Maker,CAMP002,2025-08-04 00:00:00,Salesforce
SFCONT5723,SF1723,phone,9069967818,Decision Maker,CAMP010,2025-02-19 00:00:00,Salesforce
SFCONT5035,SF1035,landline,rahul.agarwal93@salesforce.com,Secondary,CAMP008,2025-01-23 00:00:00,Salesforce
SFCONT5693,SF1693,mobile,9270316670,Secondary,CAMP024,2024-08-16 00:00:00,Salesforce
SFCONT5338,SF1338,mobile,9538092137,Influencer,CAMP030,2024-09-17 00:00:00,Salesforce
SFCONT5118,SF1118,mobile,9783021816,Influencer,CAMP033,2025-03-07 00:00:00,Salesforce
SFCONT5062,SF1062,work_email,priya.banerjee63@salesforce.com,Decision Maker,CAMP012,2024-05-20 00:00:00,Salesforce
SFCONT5648,SF1648,mobile,9764004597,Influencer,CAMP019,2024-01-29 00:00:00,Salesforce
SFCONT5747,SF1747,mobile,9023231252,Decision Maker,CAMP024,2024-05-21 00:00:00,Salesforce
SFCONT5750,SF1750,work_email,priya.iyer3@salesforce.com,Decision Maker,CAMP047,2024-11-23 00:00:00,Salesforce
SFCONT5041,SF1041,phone,9506741424,Decision Maker,CAMP040,2025-03-30 00:00:00,Salesforce
SFCONT5459,SF1459,email,manish.chopra45@salesforce.com,Primary,CAMP041,2024-05-29 00:00:00,Salesforce
SFCONT5342,SF1342,email,alok.rao32@salesforce.com,Influencer,CAMP004,2024-10-22 00:00:00,Salesforce
SFCONT5650,SF1650,mobile,9708045215,Decision Maker,CAMP047,2024-10-14 00:00:00,Salesforce
SFCONT5707,SF1707,email,rajiv.joshi54@salesforce.com,Secondary,CAMP017,2024-01-26 00:00:00,Salesforce
SFCONT5585,SF1585,phone,9210812096,Secondary,CAMP015,2025-09-27 00:00:00,Salesforce
SFCONT5404,SF1404,phone,9598101071,Primary,CAMP013,2025-03-18 00:00:00,Salesforce
SFCONT5256,SF1256,mobile,9364588416,Influencer,CAMP019,2025-11-21 00:00:00,Salesforce
SFCONT5923,SF1923,email,jane.pandey92@salesforce.com,Influencer,CAMP037,2024-10-19 00:00:00,Salesforce
SFCONT5565,SF1565,email,rajiv.kapoor50@salesforce.com,Decision Maker,CAMP035,2024-05-25 00:00:00,Salesforce
SFCONT5842,SF1842,email,rajiv.singh74@salesforce.com,Decision Maker,CAMP017,2025-05-05 00:00:00,Salesforce
SFCONT5361,SF1361,work_email,amit.sharma40@salesforce.com,Secondary,CAMP002,2025-09-27 00:00:00,Salesforce
SFCONT5574,SF1574,mobile,9717911008,Primary,CAMP012,2024-03-26 00:00:00,Salesforce
SFCONT5204,SF1204,mobile,9420982694,Decision Maker,CAMP033,2025-12-24 00:00:00,Salesforce
SFCONT5773,SF1773,landline,alok.menon24@salesforce.com,Influencer,CAMP002,2024-05-28 00:00:00,Salesforce
SFCONT5202,SF1202,landline,suresh.kaur24@salesforce.com,Decision Maker,CAMP001,2024-04-27 00:00:00,Salesforce
SFCONT5249,SF1249,email,meera.dubey9@salesforce.com,Secondary,CAMP008,2026-01-02 00:00:00,Salesforce
SFCONT5472,SF1472,landline,vikas.verma16@salesforce.com,Influencer,CAMP004,2024-10-11 00:00:00,Salesforce
SFCONT5092,SF1092,email,anjali.bajaj93@salesforce.com,Influencer,CAMP040,2025-01-02 00:00:00,Salesforce
SFCONT5235,SF1235,email,kavita.guptha11@salesforce.com,Primary,CAMP011,2025-03-03 00:00:00,Salesforce
SFCONT5446,SF1446,phone,9591004074,Secondary,CAMP002,2024-07-25 00:00:00,Salesforce
SFCONT5600,SF1600,mobile,9284147037,Decision Maker,CAMP021,2025-09-18 00:00:00,Salesforce
SFCONT5857,SF1857,landline,rajiv.shah18@salesforce.com,Secondary,CAMP020,2024-09-30 00:00:00,Salesforce
SFCONT5853,SF1853,landline,pooja.kapoor3@salesforce.com,Primary,CAMP025,2025-07-04 00:00:00,Salesforce
SFCONT5201,SF1201,landline,rahul.kumar51@salesforce.com,Secondary,CAMP006,2024-08-15 00:00:00,Salesforce
SFCONT5422,SF1422,mobile,9504277897,Influencer,CAMP035,2025-11-05 00:00:00,Salesforce
SFCONT5086,SF1086,email,vikas.banerjee92@salesforce.com,Influencer,CAMP044,2025-05-17 00:00:00,Salesforce
SFCONT5530,SF1530,email,rajiv.menon74@salesforce.com,Secondary,CAMP021,2025-09-27 00:00:00,Salesforce
SFCONT5142,SF1142,mobile,9959916651,Influencer,CAMP001,2025-09-02 00:00:00,Salesforce
SFCONT5114,SF1114,landline,divya.verma10@salesforce.com,Primary,CAMP025,2024-06-12 00:00:00,Salesforce
SFCONT5900,SF1900,landline,deepak.reddy84@salesforce.com,Secondary,CAMP014,2024-04-30 00:00:00,Salesforce
SFCONT5049,SF1049,landline,anita.patel74@salesforce.com,Decision Maker,CAMP040,2025-10-17 00:00:00,Salesforce
SFCONT5220,SF1220,email,rahul.patil70@salesforce.com,Influencer,CAMP005,2025-07-18 00:00:00,Salesforce
SFCONT5445,SF1445,phone,9462151644,Influencer,CAMP035,2025-07-01 00:00:00,Salesforce
SFCONT5234,SF1234,phone,9194231430,Influencer,CAMP004,2024-06-03 00:00:00,Salesforce
SFCONT5435,SF1435,email,amit.patil11@salesforce.com,Influencer,CAMP019,2026-03-22 00:00:00,Salesforce
SFCONT5412,SF1412,email,prakash.shah79@salesforce.com,Influencer,CAMP041,2025-11-12 00:00:00,Salesforce
SFCONT5833,SF1833,mobile,9931996756,Influencer,CAMP038,2025-06-15 00:00:00,Salesforce
SFCONT5751,SF1751,work_email,jane.mehta48@salesforce.com,Decision Maker,CAMP019,2025-09-28 00:00:00,Salesforce
SFCONT5377,SF1377,email,harish.reddy32@salesforce.com,Decision Maker,CAMP014,2025-05-13 00:00:00,Salesforce
SFCONT5303,SF1303,work_email,arvind.menon59@salesforce.com,Primary,CAMP040,2024-01-19 00:00:00,Salesforce
SFCONT5175,SF1175,landline,ramesh.malhotra96@salesforce.com,Decision Maker,CAMP044,2024-12-31 00:00:00,Salesforce
SFCONT5531,SF1531,mobile,9359007309,Primary,CAMP049,2025-09-24 00:00:00,Salesforce
SFCONT5656,SF1656,work_email,sneha.tiwari50@salesforce.com,Decision Maker,CAMP035,2025-12-13 00:00:00,Salesforce
SFCONT5456,SF1456,phone,9601491316,Secondary,CAMP040,2025-10-31 00:00:00,Salesforce
SFCONT5696,SF1696,mobile,9188994788,Influencer,CAMP014,2026-02-09 00:00:00,Salesforce
SFCONT5813,SF1813,mobile,9831717879,Secondary,CAMP049,2024-04-22 00:00:00,Salesforce
SFCONT5362,SF1362,phone,9979048950,Secondary,CAMP020,2025-09-09 00:00:00,Salesforce
SFCONT5717,SF1717,phone,9935500893,Influencer,CAMP010,2024-06-04 00:00:00,Salesforce
SFCONT5284,SF1284,landline,manish.bajaj52@salesforce.com,Decision Maker,CAMP048,2025-01-14 00:00:00,Salesforce
SFCONT5785,SF1785,landline,alok.bajaj8@salesforce.com,Decision Maker,CAMP031,2024-05-05 00:00:00,Salesforce
SFCONT5943,SF1943,mobile,9218735025,Influencer,CAMP013,2025-11-08 00:00:00,Salesforce
SFCONT5942,SF1942,mobile,9561583744,Decision Maker,CAMP029,2025-02-04 00:00:00,Salesforce
SFCONT5136,SF1136,landline,jane.verma90@salesforce.com,Secondary,CAMP025,2024-03-29 00:00:00,Salesforce
SFCONT5331,SF1331,email,suresh.tiwari22@salesforce.com,Primary,CAMP007,2024-05-31 00:00:00,Salesforce
SFCONT5878,SF1878,email,shalini.malhotra49@salesforce.com,Secondary,CAMP042,2025-10-02 00:00:00,Salesforce
SFCONT5765,SF1765,landline,divya.mehta73@salesforce.com,Influencer,CAMP043,2025-11-10 00:00:00,Salesforce
SFCONT5606,SF1606,work_email,meena.mishra47@salesforce.com,Primary,CAMP025,2026-03-15 00:00:00,Salesforce
SFCONT5128,SF1128,mobile,9786703509,Influencer,CAMP042,2025-01-25 00:00:00,Salesforce
SFCONT5064,SF1064,landline,alok.joshi97@salesforce.com,Decision Maker,CAMP001,2024-05-29 00:00:00,Salesforce
SFCONT5668,SF1668,work_email,arvind.reddy57@salesforce.com,Influencer,CAMP040,2024-03-09 00:00:00,Salesforce
SFCONT5208,SF1208,email,vinod.menon44@salesforce.com,Primary,CAMP026,2025-11-12 00:00:00,Salesforce
SFCONT5832,SF1832,work_email,sanjay.tiwari75@salesforce.com,Secondary,CAMP032,2025-07-04 00:00:00,Salesforce
SFCONT5449,SF1449,email,priya.malhotra3@salesforce.com,Influencer,CAMP033,2026-03-14 00:00:00,Salesforce
SFCONT5753,SF1753,work_email,priya.srivastava97@salesforce.com,Influencer,CAMP048,2024-07-26 00:00:00,Salesforce
SFCONT5351,SF1351,landline,rekha.bajaj50@salesforce.com,Decision Maker,CAMP016,2025-05-09 00:00:00,Salesforce
SFCONT5024,SF1024,phone,9167556074,Influencer,CAMP014,2024-10-04 00:00:00,Salesforce
SFCONT5566,SF1566,email,ravi.gupta66@salesforce.com,Secondary,CAMP033,2025-03-12 00:00:00,Salesforce
SFCONT5797,SF1797,email,sanjay.yadav28@salesforce.com,Secondary,CAMP020,2024-01-07 00:00:00,Salesforce
SFCONT5767,SF1767,email,ramesh.singh83@salesforce.com,Influencer,CAMP012,2025-07-09 00:00:00,Salesforce
SFCONT5555,SF1555,work_email,arvind.guptha40@salesforce.com,Secondary,CAMP017,2025-12-26 00:00:00,Salesforce
SFCONT5807,SF1807,phone,9151435106,Primary,CAMP024,2024-10-24 00:00:00,Salesforce
SFCONT5345,SF1345,email,manish.dubey84@salesforce.com,Primary,CAMP020,2024-11-03 00:00:00,Salesforce
SFCONT5276,SF1276,email,jane.bajaj26@salesforce.com,Secondary,CAMP016,2024-07-06 00:00:00,Salesforce
SFCONT5703,SF1703,work_email,vinod.yadav19@salesforce.com,Primary,CAMP040,2024-03-19 00:00:00,Salesforce
SFCONT5270,SF1270,phone,9905486463,Influencer,CAMP008,2025-09-05 00:00:00,Salesforce
SFCONT5849,SF1849,mobile,9188767500,Secondary,CAMP001,2025-05-11 00:00:00,Salesforce
SFCONT5775,SF1775,email,kavita.bajaj71@salesforce.com,Primary,CAMP006,2024-11-04 00:00:00,Salesforce
SFCONT5289,SF1289,landline,pooja.tiwari94@salesforce.com,Secondary,CAMP047,2024-01-18 00:00:00,Salesforce
SFCONT5933,SF1933,work_email,arjun.joshi55@salesforce.com,Secondary,CAMP033,2024-11-19 00:00:00,Salesforce
SFCONT5347,SF1347,phone,9356437243,Influencer,CAMP037,2025-11-30 00:00:00,Salesforce
SFCONT5236,SF1236,mobile,9573916054,Secondary,CAMP001,2025-07-16 00:00:00,Salesforce
SFCONT5705,SF1705,landline,sachin.agarwal42@salesforce.com,Secondary,CAMP020,2025-12-08 00:00:00,Salesforce
SFCONT5582,SF1582,email,kavita.verma17@salesforce.com,Secondary,CAMP021,2026-03-04 00:00:00,Salesforce
SFCONT5470,SF1470,email,harish.agarwal48@salesforce.com,Primary,CAMP033,2026-02-25 00:00:00,Salesforce
SFCONT5146,SF1146,mobile,9485840355,Decision Maker,CAMP035,2026-01-06 00:00:00,Salesforce
SFCONT5777,SF1777,mobile,9360635016,Influencer,CAMP023,2026-02-21 00:00:00,Salesforce
SFCONT5613,SF1613,work_email,suresh.dubey77@salesforce.com,Secondary,CAMP040,2025-03-25 00:00:00,Salesforce
SFCONT5615,SF1615,email,sneha.joshi72@salesforce.com,Decision Maker,CAMP021,2024-10-18 00:00:00,Salesforce
SFCONT5552,SF1552,work_email,meena.sharma70@salesforce.com,Decision Maker,CAMP023,2024-02-12 00:00:00,Salesforce
SFCONT5221,SF1221,landline,pooja.guptha22@salesforce.com,Decision Maker,CAMP022,2025-12-06 00:00:00,Salesforce
SFCONT5847,SF1847,email,anita.chopra5@salesforce.com,Influencer,CAMP039,2026-02-27 00:00:00,Salesforce
SFCONT5069,SF1069,phone,9204332031,Influencer,CAMP012,2024-02-28 00:00:00,Salesforce
SFCONT5471,SF1471,mobile,9770971093,Influencer,CAMP036,2024-05-22 00:00:00,Salesforce
SFCONT5514,SF1514,work_email,meena.dubey94@salesforce.com,Decision Maker,CAMP010,2024-10-31 00:00:00,Salesforce
SFCONT5250,SF1250,email,deepak.mishra33@salesforce.com,Decision Maker,CAMP045,2024-05-04 00:00:00,Salesforce
SFCONT5605,SF1605,phone,9045337936,Secondary,CAMP013,2025-04-09 00:00:00,Salesforce
SFCONT5782,SF1782,landline,sanjay.shah86@salesforce.com,Primary,CAMP005,2025-04-30 00:00:00,Salesforce
SFCONT5308,SF1308,phone,9857543627,Decision Maker,CAMP021,2025-06-02 00:00:00,Salesforce
SFCONT5174,SF1174,mobile,9078280307,Secondary,CAMP040,2025-07-10 00:00:00,Salesforce
SFCONT5055,SF1055,work_email,priya.gupta3@salesforce.com,Secondary,CAMP038,2024-08-13 00:00:00,Salesforce
SFCONT5870,SF1870,email,priya.menon79@salesforce.com,Influencer,CAMP033,2025-10-18 00:00:00,Salesforce
SFCONT5739,SF1739,landline,sneha.agarwal47@salesforce.com,Primary,CAMP015,2025-04-20 00:00:00,Salesforce
SFCONT5920,SF1920,phone,9931821697,Secondary,CAMP001,2024-02-19 00:00:00,Salesforce
SFCONT5260,SF1260,work_email,sunil.sharma17@salesforce.com,Decision Maker,CAMP031,2025-06-20 00:00:00,Salesforce
SFCONT5726,SF1726,phone,9274098423,Decision Maker,CAMP017,2025-04-18 00:00:00,Salesforce
SFCONT5543,SF1543,phone,9119411042,Influencer,CAMP026,2024-12-12 00:00:00,Salesforce
SFCONT5369,SF1369,mobile,9479039160,Influencer,CAMP036,2025-09-07 00:00:00,Salesforce
SFCONT5497,SF1497,mobile,9024669525,Influencer,CAMP040,2025-10-26 00:00:00,Salesforce
SFCONT5729,SF1729,mobile,9326097401,Secondary,CAMP025,2024-05-27 00:00:00,Salesforce
SFCONT5727,SF1727,work_email,priya.kaur18@salesforce.com,Decision Maker,CAMP036,2024-04-03 00:00:00,Salesforce
SFCONT5536,SF1536,landline,priya.menon7@salesforce.com,Influencer,CAMP023,2024-02-06 00:00:00,Salesforce
SFCONT5597,SF1597,landline,pooja.kumar49@salesforce.com,Primary,CAMP031,2025-10-26 00:00:00,Salesforce
SFCONT5697,SF1697,work_email,prakash.pandey27@salesforce.com,Primary,CAMP024,2025-04-11 00:00:00,Salesforce
SFCONT5891,SF1891,phone,9843563222,Decision Maker,CAMP021,2025-12-03 00:00:00,Salesforce
SFCONT5269,SF1269,landline,alok.yadav38@salesforce.com,Secondary,CAMP021,2024-06-14 00:00:00,Salesforce
SFCONT5490,SF1490,landline,suresh.yadav52@salesforce.com,Decision Maker,CAMP011,2024-12-08 00:00:00,Salesforce
SFCONT5669,SF1669,mobile,9842985636,Primary,CAMP045,2025-10-25 00:00:00,Salesforce
SFCONT5866,SF1866,landline,meera.bajaj16@salesforce.com,Decision Maker,CAMP012,2025-05-21 00:00:00,Salesforce
SFCONT5323,SF1323,landline,rahul.rao29@salesforce.com,Decision Maker,CAMP036,2024-04-10 00:00:00,Salesforce
SFCONT5007,SF1007,phone,9357427615,Primary,CAMP047,2025-12-10 00:00:00,Salesforce
SFCONT5576,SF1576,work_email,vikas.verma57@salesforce.com,Secondary,CAMP033,2026-02-02 00:00:00,Salesforce
SFCONT5915,SF1915,landline,arjun.kapoor84@salesforce.com,Influencer,CAMP046,2024-10-18 00:00:00,Salesforce
SFCONT5021,SF1021,landline,kavita.rao59@salesforce.com,Secondary,CAMP017,2025-04-30 00:00:00,Salesforce
SFCONT5806,SF1806,email,karan.dubey61@salesforce.com,Influencer,CAMP033,2025-12-05 00:00:00,Salesforce
SFCONT5528,SF1528,email,shalini.guptha26@salesforce.com,Secondary,CAMP044,2024-10-17 00:00:00,Salesforce
SFCONT5804,SF1804,landline,meena.gupta41@salesforce.com,Secondary,CAMP025,2024-07-31 00:00:00,Salesforce
SFCONT5298,SF1298,work_email,rahul.kaur22@salesforce.com,Decision Maker,CAMP023,2025-02-20 00:00:00,Salesforce
SFCONT5323,SF1323,landline,rahul.rao29@salesforce.com,Decision Maker,CAMP036,2024-04-10 00:00:00,Salesforce
SFCONT5864,SF1864,work_email,ajay.kaur25@salesforce.com,Secondary,CAMP047,2026-02-10 00:00:00,Salesforce
SFCONT5801,SF1801,email,prakash.patil80@salesforce.com,Influencer,CAMP045,2024-08-17 00:00:00,Salesforce
SFCONT5771,SF1771,email,neha.banerjee35@salesforce.com,Secondary,CAMP013,2025-11-02 00:00:00,Salesforce
SFCONT5829,SF1829,mobile,9840397259,Influencer,CAMP038,2025-12-13 00:00:00,Salesforce
SFCONT5645,SF1645,phone,9031303178,Influencer,CAMP005,2026-01-29 00:00:00,Salesforce
SFCONT5091,SF1091,landline,john.nair20@salesforce.com,Influencer,CAMP017,2025-01-14 00:00:00,Salesforce
SFCONT5430,SF1430,phone,9958697750,Decision Maker,CAMP022,2025-10-13 00:00:00,Salesforce
SFCONT5588,SF1588,mobile,9923362521,Secondary,CAMP043,2024-05-04 00:00:00,Salesforce
SFCONT5427,SF1427,work_email,meena.kapoor97@salesforce.com,Secondary,CAMP001,2024-03-09 00:00:00,Salesforce
SFCONT5358,SF1358,landline,harish.nair29@salesforce.com,Decision Maker,CAMP003,2024-06-07 00:00:00,Salesforce
SFCONT5539,SF1539,email,vinod.srivastava23@salesforce.com,Secondary,CAMP045,2024-02-14 00:00:00,Salesforce
SFCONT5291,SF1291,work_email,ravi.kapoor86@salesforce.com,Secondary,CAMP035,2025-03-15 00:00:00,Salesforce
SFCONT5336,SF1336,work_email,harish.kapoor27@salesforce.com,Primary,CAMP046,2025-12-20 00:00:00,Salesforce
SFCONT5206,SF1206,email,vinay.dubey85@salesforce.com,Primary,CAMP047,2024-04-27 00:00:00,Salesforce
SFCONT5233,SF1233,phone,9777362617,Primary,CAMP025,2025-05-15 00:00:00,Salesforce
SFCONT5004,SF1004,phone,9762592017,Influencer,CAMP033,2024-11-17 00:00:00,Salesforce
SFCONT5819,SF1819,phone,9639374603,Secondary,CAMP008,2025-12-05 00:00:00,Salesforce
SFCONT5207,SF1207,landline,rohit.kaur69@salesforce.com,Secondary,CAMP044,2024-03-04 00:00:00,Salesforce
SFCONT5945,SF1945,mobile,9983168874,Secondary,CAMP006,2025-04-12 00:00:00,Salesforce
SFCONT5692,SF1692,landline,vinay.gupta47@salesforce.com,Decision Maker,CAMP035,2025-11-05 00:00:00,Salesforce
SFCONT5658,SF1658,landline,rohit.banerjee70@salesforce.com,Decision Maker,CAMP027,2024-01-28 00:00:00,Salesforce
SFCONT5652,SF1652,work_email,vikas.srivastava42@salesforce.com,Secondary,CAMP007,2025-04-10 00:00:00,Salesforce
SFCONT5416,SF1416,email,arvind.singh17@salesforce.com,Secondary,CAMP047,2024-03-16 00:00:00,Salesforce
SFCONT5406,SF1406,landline,seema.malhotra81@salesforce.com,Primary,CAMP041,2024-06-05 00:00:00,Salesforce
SFCONT5077,SF1077,phone,9961335743,Secondary,CAMP025,2024-09-04 00:00:00,Salesforce
SFCONT5399,SF1399,phone,9945214424,Secondary,CAMP024,2025-11-16 00:00:00,Salesforce
SFCONT5101,SF1101,phone,9959030850,Influencer,CAMP045,2024-01-11 00:00:00,Salesforce
SFCONT5275,SF1275,mobile,9969912365,Influencer,CAMP048,2025-09-03 00:00:00,Salesforce
SFCONT5789,SF1789,work_email,john.desai98@salesforce.com,Decision Maker,CAMP002,2025-09-01 00:00:00,Salesforce
SFCONT5304,SF1304,landline,john.srivastava12@salesforce.com,Decision Maker,CAMP030,2025-10-02 00:00:00,Salesforce
SFCONT5827,SF1827,landline,ajay.srivastava59@salesforce.com,Influencer,CAMP021,2026-02-14 00:00:00,Salesforce
SFCONT5057,SF1057,landline,john.mehta64@salesforce.com,Secondary,CAMP023,2024-08-27 00:00:00,Salesforce
SFCONT5265,SF1265,email,arvind.nair79@salesforce.com,Primary,CAMP046,2025-09-21 00:00:00,Salesforce
SFCONT5029,SF1029,mobile,9821127151,Secondary,CAMP014,2025-04-20 00:00:00,Salesforce
SFCONT5783,SF1783,landline,john.pandey49@salesforce.com,Influencer,CAMP006,2025-12-21 00:00:00,Salesforce
SFCONT5672,SF1672,email,shalini.verma30@salesforce.com,Secondary,CAMP023,2025-02-19 00:00:00,Salesforce
SFCONT5710,SF1710,mobile,9237032890,Secondary,CAMP029,2025-08-23 00:00:00,Salesforce
SFCONT5569,SF1569,work_email,lakshmi.yadav6@salesforce.com,Primary,CAMP031,2024-05-10 00:00:00,Salesforce
SFCONT5219,SF1219,work_email,rekha.patil18@salesforce.com,Primary,CAMP038,2025-05-17 00:00:00,Salesforce
SFCONT5724,SF1724,mobile,9551068017,Influencer,CAMP031,2024-03-02 00:00:00,Salesforce
SFCONT5541,SF1541,mobile,9386414529,Decision Maker,CAMP037,2024-12-31 00:00:00,Salesforce
SFCONT5368,SF1368,mobile,9232892801,Influencer,CAMP031,2024-07-14 00:00:00,Salesforce
SFCONT5896,SF1896,landline,manish.joshi60@salesforce.com,Primary,CAMP031,2024-05-29 00:00:00,Salesforce
SFCONT5452,SF1452,landline,pooja.verma8@salesforce.com,Decision Maker,CAMP008,2025-12-15 00:00:00,Salesforce
SFCONT5603,SF1603,phone,9998288788,Decision Maker,CAMP028,2026-02-07 00:00:00,Salesforce
SFCONT5933,SF1933,work_email,arjun.joshi55@salesforce.com,Secondary,CAMP033,2024-11-19 00:00:00,Salesforce
SFCONT5852,SF1852,work_email,vinay.kaur83@salesforce.com,Primary,CAMP016,2026-03-11 00:00:00,Salesforce
SFCONT5556,SF1556,phone,9137586532,Primary,CAMP013,2025-12-12 00:00:00,Salesforce
SFCONT5774,SF1774,phone,9974129738,Decision Maker,CAMP017,2024-05-28 00:00:00,Salesforce
SFCONT5014,SF1014,landline,rajiv.shah50@salesforce.com,Decision Maker,CAMP035,2025-01-19 00:00:00,Salesforce
SFCONT5199,SF1199,email,deepak.tiwari27@salesforce.com,Decision Maker,CAMP020,2024-10-18 00:00:00,Salesforce
SFCONT5863,SF1863,landline,suresh.guptha48@salesforce.com,Primary,CAMP005,2024-01-27 00:00:00,Salesforce
SFCONT5044,SF1044,work_email,suresh.dubey71@salesforce.com,Decision Maker,CAMP041,2024-07-04 00:00:00,Salesforce
SFCONT5066,SF1066,landline,arvind.nair12@salesforce.com,Primary,CAMP032,2024-04-14 00:00:00,Salesforce
SFCONT5727,SF1727,work_email,priya.kaur18@salesforce.com,Decision Maker,CAMP036,2024-04-03 00:00:00,Salesforce
SFCONT5586,SF1586,work_email,meena.patel75@salesforce.com,Decision Maker,CAMP031,2025-12-16 00:00:00,Salesforce
SFCONT5760,SF1760,landline,arvind.rao75@salesforce.com,Primary,CAMP037,2025-07-16 00:00:00,Salesforce
SFCONT5427,SF1427,work_email,meena.kapoor97@salesforce.com,Secondary,CAMP001,2024-03-09 00:00:00,Salesforce
SFCONT5373,SF1373,mobile,9641462824,Secondary,CAMP015,2025-06-29 00:00:00,Salesforce
SFCONT5620,SF1620,work_email,ramesh.mehta7@salesforce.com,Primary,CAMP041,2024-03-17 00:00:00,Salesforce
SFCONT5258,SF1258,phone,9927859194,Influencer,CAMP032,2024-12-04 00:00:00,Salesforce
SFCONT5561,SF1561,work_email,sunil.patel55@salesforce.com,Primary,CAMP002,2025-05-06 00:00:00,Salesforce
SFCONT5633,SF1633,landline,sneha.yadav23@salesforce.com,Influencer,CAMP002,2024-08-29 00:00:00,Salesforce
SFCONT5315,SF1315,mobile,9524095711,Primary,CAMP035,2025-05-21 00:00:00,Salesforce
SFCONT5188,SF1188,mobile,9086511665,Influencer,CAMP031,2024-04-21 00:00:00,Salesforce
SFCONT5707,SF1707,email,rajiv.joshi54@salesforce.com,Secondary,CAMP017,2024-01-26 00:00:00,Salesforce
SFCONT5413,SF1413,email,sunil.verma40@salesforce.com,Influencer,CAMP014,2025-11-05 00:00:00,Salesforce
SFCONT5583,SF1583,landline,vinay.nair67@salesforce.com,Decision Maker,CAMP014,2026-02-14 00:00:00,Salesforce
SFCONT5407,SF1407,work_email,rahul.dubey89@salesforce.com,Secondary,CAMP029,2025-08-31 00:00:00,Salesforce
SFCONT5059,SF1059,mobile,9845483591,Secondary,CAMP010,2025-01-17 00:00:00,Salesforce
SFCONT5395,SF1395,work_email,ramesh.agarwal33@salesforce.com,Secondary,CAMP020,2025-07-13 00:00:00,Salesforce
SFCONT5694,SF1694,phone,9436249318,Influencer,CAMP031,2026-01-02 00:00:00,Salesforce
SFCONT5557,SF1557,mobile,9359289300,Secondary,CAMP038,2024-10-09 00:00:00,Salesforce
SFCONT5205,SF1205,phone,9161103540,Influencer,CAMP043,2025-05-02 00:00:00,Salesforce
SFCONT5549,SF1549,mobile,9334524113,Primary,CAMP005,2024-04-11 00:00:00,Salesforce
SFCONT5614,SF1614,mobile,9195466667,Decision Maker,CAMP041,2025-08-22 00:00:00,Salesforce
SFCONT5089,SF1089,mobile,9994884019,Influencer,CAMP005,2025-06-13 00:00:00,Salesforce
SFCONT5337,SF1337,email,deepak.kaur64@salesforce.com,Primary,CAMP041,2024-08-05 00:00:00,Salesforce
SFCONT5800,SF1800,mobile,9823300247,Influencer,CAMP047,2024-05-17 00:00:00,Salesforce
SFCONT5546,SF1546,work_email,sneha.shah20@salesforce.com,Decision Maker,CAMP013,2025-07-04 00:00:00,Salesforce
SFCONT5042,SF1042,email,sachin.iyer10@salesforce.com,Primary,CAMP009,2025-09-14 00:00:00,Salesforce
SFCONT5686,SF1686,landline,meera.dubey29@salesforce.com,Secondary,CAMP022,2025-07-10 00:00:00,Salesforce
